edition,source_file,row_id,team_name,demand_text,level_1,level_2,normalized_scenario,user_role_guess,problem_type,request_type,strategic_relevance,decision_bucket,data_quality,notes
enterprise,WPS项目管理企业版需求聚类分析.md,enterprise-00001,石首袁方,工作日志用于多个项目管理,项目与任务管理,多项目组合管理,,,,,,,,
enterprise,WPS项目管理企业版需求聚类分析.md,enterprise-00002,霄腾项目张17306725662的企业,机械设备行业设计加工生产整改发货,生产与制造管理,生产交付协同,,,,,,,,
enterprise,WPS项目管理企业版需求聚类分析.md,enterprise-00003,七月的企业,哈哈哈,无,无,,,,,,,,
enterprise,WPS项目管理企业版需求聚类分析.md,enterprise-00004,月剑的企业,供应商采购项目管理,供应链与仓储物流,物料采购管理,,,,,,,,
enterprise,WPS项目管理企业版需求聚类分析.md,enterprise-00005,深圳市欧亿光电技术有限公司,WU,无,无,,,,,,,,
enterprise,WPS项目管理企业版需求聚类分析.md,enterprise-00006,王鹏飞的企业,项目管理,项目与任务管理,项目台账管理,,,,,,,,
enterprise,WPS项目管理企业版需求聚类分析.md,enterprise-00007,印花社,新媒体客户管理,客户、销售与订单,客户信息管理,,,,,,,,
enterprise,WPS项目管理企业版需求聚类分析.md,enterprise-00008,邝永烽的企业,多项目人力工作负荷管理,人力与组织管理,工时与人员负荷管理,,,,,,,,
enterprise,WPS项目管理企业版需求聚类分析.md,enterprise-00009,泰豪科技股份有限公司,采购物料到位跟踪,供应链与仓储物流,物料采购管理,,,,,,,,
enterprise,WPS项目管理企业版需求聚类分析.md,enterprise-00010,数据驱动,123,无,无,,,,,,,,
enterprise,WPS项目管理企业版需求聚类分析.md,enterprise-00011,四川中能银运维科技有限公司,工程项目管理,工程与施工管理,工程进度管理,,,,,,,,
enterprise,WPS项目管理企业版需求聚类分析.md,enterprise-00012,施工管理,工程项目管理,工程与施工管理,工程进度管理,,,,,,,,
enterprise,WPS项目管理企业版需求聚类分析.md,enterprise-00013,恬恬的家,会议管理,协同办公与流程审批,会议与纪要管理,,,,,,,,
enterprise,WPS项目管理企业版需求聚类分析.md,enterprise-00014,陕西钜德建筑劳务有限公司,项目管理,项目与任务管理,项目台账管理,,,,,,,,
enterprise,WPS项目管理企业版需求聚类分析.md,enterprise-00015,项目管理公司,工程项目管理,工程与施工管理,工程进度管理,,,,,,,,
enterprise,WPS项目管理企业版需求聚类分析.md,enterprise-00016,前哨科技发展部,产品开发项目,研发与产品管理,产品开发管理,,,,,,,,
enterprise,WPS项目管理企业版需求聚类分析.md,enterprise-00017,WPS_1631795849的企业,12,无,无,,,,,,,,
enterprise,WPS项目管理企业版需求聚类分析.md,enterprise-00018,江西启晨项目管理有限公司,造价咨询项目业务登记、流程跟踪、开票、回款、项目档案归档,财务、合同与结算,发票与结算管理,,,,,,,,
enterprise,WPS项目管理企业版需求聚类分析.md,enterprise-00019,西西安的企业,战略任务分解及每周跟进,项目与任务管理,项目进度跟踪,,,,,,,,
enterprise,WPS项目管理企业版需求聚类分析.md,enterprise-00020,巴陵石化大成检修安装有限责任公司--工程公司,项目进度、质量、安全、费用管理,项目与任务管理,项目进度跟踪,,,,,,,,
enterprise,WPS项目管理企业版需求聚类分析.md,enterprise-00021,毛毛的企业,销项进项人工工资已收已付未收未付,财务、合同与结算,收付款与回款管理,,,,,,,,
enterprise,WPS项目管理企业版需求聚类分析.md,enterprise-00022,yananxu,甘特图,项目与任务管理,甘特图与排期可视化,,,,,,,,
enterprise,WPS项目管理企业版需求聚类分析.md,enterprise-00023,xiaorong的企业,风电厂家现场安装、调试、运维管理,服务、工单与运维,安装与实施交付,,,,,,,,
enterprise,WPS项目管理企业版需求聚类分析.md,enterprise-00024,今日事 今日必,餐饮公司行项目行政团队工作任务分配管理系统,协同办公与流程审批,行政事务管理,,,,,,,,
enterprise,WPS项目管理企业版需求聚类分析.md,enterprise-00025,cylong的企业,土木工程项目管理,工程与施工管理,工程进度管理,,,,,,,,
enterprise,WPS项目管理企业版需求聚类分析.md,enterprise-00026,赵亮的企业,项目订单的收付款、未收款、付款节点、收付发票等信息，及项目状态情况跟踪,财务、合同与结算,发票与结算管理,,,,,,,,
enterprise,WPS项目管理企业版需求聚类分析.md,enterprise-00027,国宏工具系统(无锡)股份有限公司,先不用,无,无,,,,,,,,
enterprise,WPS项目管理企业版需求聚类分析.md,enterprise-00028,Q的企业,时间轴任务规划,项目与任务管理,里程碑管理,,,,,,,,
enterprise,WPS项目管理企业版需求聚类分析.md,enterprise-00029,冉金玲的企业,应收总看板,数据分析与经营看板,可视化看板,,,,,,,,
enterprise,WPS项目管理企业版需求聚类分析.md,enterprise-00030,承欢-的企业,大数据实时监控与异常预警分析系统,数据分析与经营看板,异常预警分析,,,,,,,,
enterprise,WPS项目管理企业版需求聚类分析.md,enterprise-00031,迈拓维精密仪器制造河北有限公司,机械加工类项目研发、生产任务跟踪,生产与制造管理,制造进度跟踪,,,,,,,,
enterprise,WPS项目管理企业版需求聚类分析.md,enterprise-00032,命运的企业,项目,无,无,,,,,,,,
enterprise,WPS项目管理企业版需求聚类分析.md,enterprise-00033,传媒学院,建筑业,工程与施工管理,装修装饰项目管理,,,,,,,,
enterprise,WPS项目管理企业版需求聚类分析.md,enterprise-00034,默默的企业,生成干特步,项目与任务管理,甘特图与排期可视化,,,,,,,,
enterprise,WPS项目管理企业版需求聚类分析.md,enterprise-00035,小丸子的企业,研发项目管理,研发与产品管理,研发项目管理,,,,,,,,
enterprise,WPS项目管理企业版需求聚类分析.md,enterprise-00036,河北筑鸿水利机械有限公司01,1111,无,无,,,,,,,,
enterprise,WPS项目管理企业版需求聚类分析.md,enterprise-00037,黄沈茂的企业,我做研华工控机销售,客户、销售与订单,客户跟进管理,,,,,,,,
enterprise,WPS项目管理企业版需求聚类分析.md,enterprise-00038,,客户记录,,,,,,,,,,
enterprise,WPS项目管理企业版需求聚类分析.md,enterprise-00039,我是你越哥啊的企业,共享文档会记录每天新增的数据，根据表格新增数据自动填入文档设置好的表格，比如表格名字字段新增为小李填入文档模板名字后面，以此类推。填入文档做好文件,协同办公与流程审批,文档与档案管理,,,,,,,,
enterprise,WPS项目管理企业版需求聚类分析.md,enterprise-00040,@的企业,汽车项目-任务跟进,项目与任务管理,项目复盘与总结,,,,,,,,
enterprise,WPS项目管理企业版需求聚类分析.md,enterprise-00041,SCI科学社,记录在进行的项目，待进行的项目的时间和主要负责人,项目与任务管理,项目计划管理,,,,,,,,
enterprise,WPS项目管理企业版需求聚类分析.md,enterprise-00042,辽宁极课教育科技有限公司,学校内部项目管理,项目与任务管理,项目计划管理,,,,,,,,
enterprise,WPS项目管理企业版需求聚类分析.md,enterprise-00043,徐州医科大学附属医院,科研试剂采购平台,研发与产品管理,打样与试制管理,,,,,,,,
enterprise,WPS项目管理企业版需求聚类分析.md,enterprise-00044,21:56:00,建筑行业,工程与施工管理,装修装饰项目管理,,,,,,,,
enterprise,WPS项目管理企业版需求聚类分析.md,enterprise-00045,吸烟有限公司,行政内部使用,无,无,,,,,,,,
enterprise,WPS项目管理企业版需求聚类分析.md,enterprise-00046,深圳市江恒耀实业有限公司,阿达,无,无,,,,,,,,
enterprise,WPS项目管理企业版需求聚类分析.md,enterprise-00047,loverboy的企业,劳务合同,财务、合同与结算,合同与招投标管理,,,,,,,,
enterprise,WPS项目管理企业版需求聚类分析.md,enterprise-00048,zz的企业,会计出纳记账,财务、合同与结算,收付款与回款管理,,,,,,,,
enterprise,WPS项目管理企业版需求聚类分析.md,enterprise-00049,Allison的企业,共管系统排期甘特图,项目与任务管理,甘特图与排期可视化,,,,,,,,
enterprise,WPS项目管理企业版需求聚类分析.md,enterprise-00050,华西设计公司项目进度管理,项目时间节点提醒，建议是一个日历，通过日历标注项目时间节点，并设置提醒,项目与任务管理,里程碑管理,,,,,,,,
enterprise,WPS项目管理企业版需求聚类分析.md,enterprise-00051,长沙市德邦环保工程技术有限公司,工程项目,工程与施工管理,工程进度管理,,,,,,,,
enterprise,WPS项目管理企业版需求聚类分析.md,enterprise-00052,测绘调查代理部,项目管理,项目与任务管理,项目台账管理,,,,,,,,
enterprise,WPS项目管理企业版需求聚类分析.md,enterprise-00053,赵明水的企业,项目,无,无,,,,,,,,
enterprise,WPS项目管理企业版需求聚类分析.md,enterprise-00054,Edon Marketing Team,用于展会项目管理，以及社媒渠道运营管理,客户、销售与订单,电商与门店运营,,,,,,,,
enterprise,WPS项目管理企业版需求聚类分析.md,enterprise-00055,tonykuer,软件公司项目进度、员工任务工作分解、员工任务完成进度考核,项目与任务管理,项目进度跟踪,,,,,,,,
enterprise,WPS项目管理企业版需求聚类分析.md,enterprise-00056,白凤霞的企业,我想搭建一个项目成本管控的模版，跟据项目编码筛选，可以知晓这个项目的采购进度，供应商情况、支付情况，发票收集情况,供应链与仓储物流,物料采购管理,,,,,,,,
enterprise,WPS项目管理企业版需求聚类分析.md,enterprise-00057,绿蜂咨询TEL13788980946的企业,我们主要做税务稽查的案子，案子接进来后，项目专员的工作任务主要是：派单给应对人员、对接客户沟通资料、处理过程中遇到问题需要与税务专家对接，帮这以上情况，梳理下项目流程,客户、销售与订单,客户跟进管理,,,,,,,,
enterprise,WPS项目管理企业版需求聚类分析.md,enterprise-00058,靖安县融资担保有限公司,担保行业业务审批流程及业务跟进,协同办公与流程审批,审批流程管理,,,,,,,,
enterprise,WPS项目管理企业版需求聚类分析.md,enterprise-00059,铁锋应急,用车审批,协同办公与流程审批,审批流程管理,,,,,,,,
enterprise,WPS项目管理企业版需求聚类分析.md,enterprise-00060,中南民族大学-信息化建设管理处,信息化建设项目,项目与任务管理,甘特图与排期可视化,,,,,,,,
enterprise,WPS项目管理企业版需求聚类分析.md,enterprise-00061,冬瓜的企业,1,无,无,,,,,,,,
enterprise,WPS项目管理企业版需求聚类分析.md,enterprise-00062,Welon的企业,软硬件一体的研发项目管理,研发与产品管理,研发项目管理,,,,,,,,
enterprise,WPS项目管理企业版需求聚类分析.md,enterprise-00063,重庆医药高等专科学校附属第一医院（重庆市第六人民医院）,智能跳过法定节假日的甘特图,项目与任务管理,甘特图与排期可视化,,,,,,,,
enterprise,WPS项目管理企业版需求聚类分析.md,enterprise-00064,saisky的企业,客服工单平台,服务、工单与运维,客服工单管理,,,,,,,,
enterprise,WPS项目管理企业版需求聚类分析.md,enterprise-00065,Lei的企业,市政、安装工程施工项目管理,工程与施工管理,基建与市政项目管理,,,,,,,,
enterprise,WPS项目管理企业版需求聚类分析.md,enterprise-00066,jkl的企业,绩效考核,人力与组织管理,绩效与提成管理,,,,,,,,
enterprise,WPS项目管理企业版需求聚类分析.md,enterprise-00067,武汉匠鑫企业管理咨询有限公司,我是一个设计师，自由职业者，同时要做两三个设计项目,工程与施工管理,装修装饰项目管理,,,,,,,,
enterprise,WPS项目管理企业版需求聚类分析.md,enterprise-00068,河南豫光冶金机械制造有限公司,销售总包项目，小型销售项目合同签订后的项目管理，涉及协调各部门推进项目       还有   销售前期项目跟踪期间的各项管理，,客户、销售与订单,商机与销售过程管理,,,,,,,,
enterprise,WPS项目管理企业版需求聚类分析.md,enterprise-00069,重庆云汛链数字科技有限公司,对装饰装修工程中的标识标牌 道路划线 分项工程项目根据清单计算报价（材料成本预算加工工艺成本 ） 签署合同  产品设计+设计确认+生产制作全流程,工程与施工管理,装修装饰项目管理,,,,,,,,
enterprise,WPS项目管理企业版需求聚类分析.md,enterprise-00070,MuQ1ngChun℘的企业,电线拉点,质量、安全与合规,验收与履约合规,,,,,,,,
enterprise,WPS项目管理企业版需求聚类分析.md,enterprise-00071,,安全合同,,,,,,,,,,
enterprise,WPS项目管理企业版需求聚类分析.md,enterprise-00072,重庆嘉益华禹金属结构有限公司,建材销售报表,研发与产品管理,技术文档管理,,,,,,,,
enterprise,WPS项目管理企业版需求聚类分析.md,enterprise-00073,欲劫無度的企业,从,无,无,,,,,,,,
enterprise,WPS项目管理企业版需求聚类分析.md,enterprise-00074,江门市家协科技服务有限公司,机电工程,生产与制造管理,车间任务管理,,,,,,,,
enterprise,WPS项目管理企业版需求聚类分析.md,enterprise-00075,广西东懋再生资源开发有限公司,456345,无,无,,,,,,,,
enterprise,WPS项目管理企业版需求聚类分析.md,enterprise-00076,个人空间,项目,无,无,,,,,,,,
enterprise,WPS项目管理企业版需求聚类分析.md,enterprise-00077,王晓萍的企业,建设工程,工程与施工管理,工程进度管理,,,,,,,,
enterprise,WPS项目管理企业版需求聚类分析.md,enterprise-00078,河钢中厚板炼铁部三高炉作业区炉内,设备点检，操作,服务、工单与运维,巡检管理,,,,,,,,
enterprise,WPS项目管理企业版需求聚类分析.md,enterprise-00079,兖郓高速三工区,高速公路项目部管理,工程与施工管理,基建与市政项目管理,,,,,,,,
enterprise,WPS项目管理企业版需求聚类分析.md,enterprise-00080,陕西莱特光电材料股份有限公司,项目管理看板,数据分析与经营看板,可视化看板,,,,,,,,
enterprise,WPS项目管理企业版需求聚类分析.md,enterprise-00081,关耳的企业,项目管理,项目与任务管理,项目台账管理,,,,,,,,
enterprise,WPS项目管理企业版需求聚类分析.md,enterprise-00082,南烟、的企业,个人开出药品记录,无,无,,,,,,,,
enterprise,WPS项目管理企业版需求聚类分析.md,enterprise-00083,Leechao杨的企业,工程项目建设全周期详细流程图,工程与施工管理,工程进度管理,,,,,,,,
enterprise,WPS项目管理企业版需求聚类分析.md,enterprise-00084,奕可的企业,工程施工项目管理,工程与施工管理,工程进度管理,,,,,,,,
enterprise,WPS项目管理企业版需求聚类分析.md,enterprise-00085,辽宁极课教育科技有限公司,关于学校内部的三重一大管理,协同办公与流程审批,行政事务管理,,,,,,,,
enterprise,WPS项目管理企业版需求聚类分析.md,enterprise-00086,ʚ的企业,项目管理,项目与任务管理,项目台账管理,,,,,,,,
enterprise,WPS项目管理企业版需求聚类分析.md,enterprise-00087,简简•单单的企业,我每天都有很多不同的任务，我需要做一个记录表，能看到进度，防止忘记，并能统计，一目了然,数据分析与经营看板,统计汇总,,,,,,,,
enterprise,WPS项目管理企业版需求聚类分析.md,enterprise-00088,三山地埋式水质净化厂,工地项目管理,工程与施工管理,施工现场管理,,,,,,,,
enterprise,WPS项目管理企业版需求聚类分析.md,enterprise-00089,xiao雨DIE的企业,我们公司是做外包项目的，想使用WPS项目管理这个产品，是制作成项目运营手册,研发与产品管理,研发项目管理,,,,,,,,
enterprise,WPS项目管理企业版需求聚类分析.md,enterprise-00090,澜 訫的企业,工作执行细化表记录,协同办公与流程审批,台账与登记管理,,,,,,,,
enterprise,WPS项目管理企业版需求聚类分析.md,enterprise-00091,Jun的企业,无,无,无,,,,,,,,
enterprise,WPS项目管理企业版需求聚类分析.md,enterprise-00092,宋明轩的企业,看看,无,无,,,,,,,,
enterprise,WPS项目管理企业版需求聚类分析.md,enterprise-00093,中广核人力支持项目(中咨),项目截止日期设置提醒,项目与任务管理,项目进度跟踪,,,,,,,,
enterprise,WPS项目管理企业版需求聚类分析.md,enterprise-00094,TACS的企业,产品开发任务和进度模板,研发与产品管理,产品开发管理,,,,,,,,
enterprise,WPS项目管理企业版需求聚类分析.md,enterprise-00095,廉冰(工作)的企业,工程管理及污水处理厂运营管理,工程与施工管理,工程结算管理,,,,,,,,
enterprise,WPS项目管理企业版需求聚类分析.md,enterprise-00096,九号工具人的企业,工程项目管理,工程与施工管理,工程进度管理,,,,,,,,
enterprise,WPS项目管理企业版需求聚类分析.md,enterprise-00097,网事回忆,目前正在进行《项目管理》课程的讲授，想示范给学生，作为课程的辅助资料用。另外，实际的科研项目也需要用，我作为项目主持人，想借此管理项目，以利于提高效能。,项目与任务管理,项目复盘与总结,,,,,,,,
enterprise,WPS项目管理企业版需求聚类分析.md,enterprise-00098,卢小静的企业,建筑行业,工程与施工管理,装修装饰项目管理,,,,,,,,
enterprise,WPS项目管理企业版需求聚类分析.md,enterprise-00099,北京城建集团有限责任公司总部,商旅、办公用品线上采购平台开发,协同办公与流程审批,行政事务管理,,,,,,,,
enterprise,WPS项目管理企业版需求聚类分析.md,enterprise-00100,沪东中华造船（集团）有限公司,科研项目管理,研发与产品管理,研发项目管理,,,,,,,,
enterprise,WPS项目管理企业版需求聚类分析.md,enterprise-00101,默默的企业,甘特图,项目与任务管理,甘特图与排期可视化,,,,,,,,
enterprise,WPS项目管理企业版需求聚类分析.md,enterprise-00102,广西中威建筑工程有限公司,建筑施工,工程与施工管理,工程进度管理,,,,,,,,
enterprise,WPS项目管理企业版需求聚类分析.md,enterprise-00103,山东汇川精密科技股份有限公司,汽车零部件制造行业，使用APQP提高项目开发效率及完整性。,生产与制造管理,装配与调试管理,,,,,,,,
enterprise,WPS项目管理企业版需求聚类分析.md,enterprise-00104,四川金滨洋新能源科技有限公司,生成横道图,项目与任务管理,甘特图与排期可视化,,,,,,,,
enterprise,WPS项目管理企业版需求聚类分析.md,enterprise-00105,成都凡高定制,我们是做全屋定制的单子，从前端到安装售后，一条龙,生产与制造管理,非标制造管理,,,,,,,,
enterprise,WPS项目管理企业版需求聚类分析.md,enterprise-00106,造价风控团队,1,无,无,,,,,,,,
enterprise,WPS项目管理企业版需求聚类分析.md,enterprise-00107,厦门市欧立通电子科技开发有限公司,项目管理,项目与任务管理,项目台账管理,,,,,,,,
enterprise,WPS项目管理企业版需求聚类分析.md,enterprise-00108,陕西西洲建设工程有限公司,项目很多；每个项目的事件不确定完成时间，想备忘时间和细节流程，并设置提醒,项目与任务管理,项目计划管理,,,,,,,,
enterprise,WPS项目管理企业版需求聚类分析.md,enterprise-00109,杉杉不晚的企业,项目管理,项目与任务管理,项目台账管理,,,,,,,,
enterprise,WPS项目管理企业版需求聚类分析.md,enterprise-00110,林杰的企业,阀门检修项目,质量、安全与合规,整改闭环管理,,,,,,,,
enterprise,WPS项目管理企业版需求聚类分析.md,enterprise-00111,古德装饰15144948085的企业,高标准农田,无,无,,,,,,,,
enterprise,WPS项目管理企业版需求聚类分析.md,enterprise-00112,聚诚工作,项目进展情况，各资料提交等的时间节点,项目与任务管理,项目进度跟踪,,,,,,,,
enterprise,WPS项目管理企业版需求聚类分析.md,enterprise-00113,Murphy  Yang的企业,任务管理,项目与任务管理,任务分配与协同,,,,,,,,
enterprise,WPS项目管理企业版需求聚类分析.md,enterprise-00114,AAAA企业,1,无,无,,,,,,,,
enterprise,WPS项目管理企业版需求聚类分析.md,enterprise-00115,Enpact-Tim,项目管理,项目与任务管理,项目台账管理,,,,,,,,
enterprise,WPS项目管理企业版需求聚类分析.md,enterprise-00116,WPS_1684720034的企业,项目追踪,项目与任务管理,项目进度跟踪,,,,,,,,
enterprise,WPS项目管理企业版需求聚类分析.md,enterprise-00117,满充工程的企业,工程,工程与施工管理,工程进度管理,,,,,,,,
enterprise,WPS项目管理企业版需求聚类分析.md,enterprise-00118,晋江新航潮品电子商务有限公司,服装电商公司,客户、销售与订单,电商与门店运营,,,,,,,,
enterprise,WPS项目管理企业版需求聚类分析.md,enterprise-00119,鸿栢科技,项目管理,项目与任务管理,项目台账管理,,,,,,,,
enterprise,WPS项目管理企业版需求聚类分析.md,enterprise-00120,微信用户的企业,建材商贸,供应链与仓储物流,物料采购管理,,,,,,,,
enterprise,WPS项目管理企业版需求聚类分析.md,enterprise-00121,"渐行,渐远......的企业",建筑业项目管理,工程与施工管理,基建与市政项目管理,,,,,,,,
enterprise,WPS项目管理企业版需求聚类分析.md,enterprise-00122,新昌县普佑机电科技有限公司,项目,无,无,,,,,,,,
enterprise,WPS项目管理企业版需求聚类分析.md,enterprise-00123,You&amp;I,项目跟进表,项目与任务管理,甘特图与排期可视化,,,,,,,,
enterprise,WPS项目管理企业版需求聚类分析.md,enterprise-00124,一念之间的企业,作为HRBP，对部门新员工试用期跟进,数据分析与经营看板,多维分析,,,,,,,,
enterprise,WPS项目管理企业版需求聚类分析.md,enterprise-00125,George cheung的企业,面料采购,供应链与仓储物流,物料采购管理,,,,,,,,
enterprise,WPS项目管理企业版需求聚类分析.md,enterprise-00126,新区云中台,项目管理,项目与任务管理,项目台账管理,,,,,,,,
enterprise,WPS项目管理企业版需求聚类分析.md,enterprise-00127,红雷的企业,工资发放,人力与组织管理,薪酬与社保管理,,,,,,,,
enterprise,WPS项目管理企业版需求聚类分析.md,enterprise-00128,信达辉商务服务(成都)有限公司,我是律所负责人，主要用来律所行政、财务与业务的协同办公。,协同办公与流程审批,行政事务管理,,,,,,,,
enterprise,WPS项目管理企业版需求聚类分析.md,enterprise-00129,正中信息,111,无,无,,,,,,,,
enterprise,WPS项目管理企业版需求聚类分析.md,enterprise-00130,yuanqiang的企业,计划编制,项目与任务管理,项目计划管理,,,,,,,,
enterprise,WPS项目管理企业版需求聚类分析.md,enterprise-00131,设备细化时间计划表,记录设备绘图等时间节点,项目与任务管理,甘特图与排期可视化,,,,,,,,
enterprise,WPS项目管理企业版需求聚类分析.md,enterprise-00132,宁波钱仕机械有限公司,机械零部件样品开发计划和管理,生产与制造管理,装配与调试管理,,,,,,,,
enterprise,WPS项目管理企业版需求聚类分析.md,enterprise-00133,Allen的企业,试用,无,无,,,,,,,,
enterprise,WPS项目管理企业版需求聚类分析.md,enterprise-00134,钱小多的企业,设计院项目管理，人员动态管理,工程与施工管理,装修装饰项目管理,,,,,,,,
enterprise,WPS项目管理企业版需求聚类分析.md,enterprise-00135,天津开发区亨通制冷机电有限公司,我们是工厂制冷设备或者能源站、冷热系统维修、改造、新建的综合服务工程商，需要从做方案、报价就开始跟踪项目，过程中采购成本控制、施工进度控制，一直到开票回款全流程管理。,财务、合同与结算,发票与结算管理,,,,,,,,
enterprise,WPS项目管理企业版需求聚类分析.md,enterprise-00136,成都轻创业财税咨询有限公司,财税公司销售团队客户及业绩管理,客户、销售与订单,销售目标管理,,,,,,,,
enterprise,WPS项目管理企业版需求聚类分析.md,enterprise-00137,秦汉钰的企业,飞碟汽车售后配件服务工作项目进度跟踪,项目与任务管理,项目进度跟踪,,,,,,,,
enterprise,WPS项目管理企业版需求聚类分析.md,enterprise-00138,Ethanwang,AI 编解码,无,无,,,,,,,,
enterprise,WPS项目管理企业版需求聚类分析.md,enterprise-00139,鹏的企业,跳过,无,无,,,,,,,,
enterprise,WPS项目管理企业版需求聚类分析.md,enterprise-00140,厦门宇春环保科技有限公司,大型设备生产安装,生产与制造管理,非标制造管理,,,,,,,,
enterprise,WPS项目管理企业版需求聚类分析.md,enterprise-00141,竹流的企业,工单派发、节点提醒,协同办公与流程审批,待办与提醒管理,,,,,,,,
enterprise,WPS项目管理企业版需求聚类分析.md,enterprise-00142,江苏新有,项目管理,项目与任务管理,项目台账管理,,,,,,,,
enterprise,WPS项目管理企业版需求聚类分析.md,enterprise-00143,CQ项目,一个酒店施工项目的管理,工程与施工管理,装修装饰项目管理,,,,,,,,
enterprise,WPS项目管理企业版需求聚类分析.md,enterprise-00144,breakbrick,我想做一次项目分析,项目与任务管理,项目复盘与总结,,,,,,,,
enterprise,WPS项目管理企业版需求聚类分析.md,enterprise-00145,佛山市第一人民医院,教学管理科日常管理，包括学生、老师、进修医生培训、教学科研等。,人力与组织管理,培训与人才发展管理,,,,,,,,
enterprise,WPS项目管理企业版需求聚类分析.md,enterprise-00146,悟空的企业,项目管理任务分配及进度展示，提醒各任务催办，对实施过程中问题进行协作，完成结果进行展示,项目与任务管理,任务分配与协同,,,,,,,,
enterprise,WPS项目管理企业版需求聚类分析.md,enterprise-00147,谭哲学的企业,1,无,无,,,,,,,,
enterprise,WPS项目管理企业版需求聚类分析.md,enterprise-00148,『★』的企业,追踪项目进度,项目与任务管理,项目进度跟踪,,,,,,,,
enterprise,WPS项目管理企业版需求聚类分析.md,enterprise-00149,孤鹤じ的企业,我·1,无,无,,,,,,,,
enterprise,WPS项目管理企业版需求聚类分析.md,enterprise-00150,贵州友邻优享网络技术有限公司,项目装修,工程与施工管理,装修装饰项目管理,,,,,,,,
enterprise,WPS项目管理企业版需求聚类分析.md,enterprise-00151,王小宽1426122701的企业,工序流程,生产与制造管理,工序流转管理,,,,,,,,
enterprise,WPS项目管理企业版需求聚类分析.md,enterprise-00152,A0十万级净化装修~实验家具~小庞的企业,工程项目管理,工程与施工管理,工程进度管理,,,,,,,,
enterprise,WPS项目管理企业版需求聚类分析.md,enterprise-00153,华山剑客的企业,建筑工程项目进度计划与管理,工程与施工管理,工程进度管理,,,,,,,,
enterprise,WPS项目管理企业版需求聚类分析.md,enterprise-00154,中国移动的企业,购入材料对账,财务、合同与结算,收付款与回款管理,,,,,,,,
enterprise,WPS项目管理企业版需求聚类分析.md,enterprise-00155,信息化中心高峰期运营支持,需要管理、技术开发、项目管理,研发与产品管理,研发项目管理,,,,,,,,
enterprise,WPS项目管理企业版需求聚类分析.md,enterprise-00156,雷达的企业,工程,工程与施工管理,工程进度管理,,,,,,,,
enterprise,WPS项目管理企业版需求聚类分析.md,enterprise-00157,coco的企业,亚马逊运营，从选品-运营-售后，日常工作,客户、销售与订单,电商与门店运营,,,,,,,,
enterprise,WPS项目管理企业版需求聚类分析.md,enterprise-00158,检修列24,快营销,客户、销售与订单,电商与门店运营,,,,,,,,
enterprise,WPS项目管理企业版需求聚类分析.md,enterprise-00159,中国国旅(江苏)国际旅行社有限公司,会议会展,协同办公与流程审批,会议与纪要管理,,,,,,,,
enterprise,WPS项目管理企业版需求聚类分析.md,enterprise-00160,杨东的12企业,多项目多任务管理,项目与任务管理,多项目组合管理,,,,,,,,
enterprise,WPS项目管理企业版需求聚类分析.md,enterprise-00161,微笑只是表情&#39;&#39;与快乐无关的企业,统计,数据分析与经营看板,统计汇总,,,,,,,,
enterprise,WPS项目管理企业版需求聚类分析.md,enterprise-00162,广州准宇ZXC,项目生产,生产与制造管理,生产交付协同,,,,,,,,
enterprise,WPS项目管理企业版需求聚类分析.md,enterprise-00163,?的企业,供应链中心制造部班组长竞聘上岗工作,生产与制造管理,车间任务管理,,,,,,,,
enterprise,WPS项目管理企业版需求聚类分析.md,enterprise-00164,chen的企业,多个施工中的光伏项目,工程与施工管理,工程进度管理,,,,,,,,
enterprise,WPS项目管理企业版需求聚类分析.md,enterprise-00165,Dave的企业,项目进度跟踪,项目与任务管理,项目进度跟踪,,,,,,,,
enterprise,WPS项目管理企业版需求聚类分析.md,enterprise-00166,whisper的企业,管理工程项目进度,工程与施工管理,工程进度管理,,,,,,,,
enterprise,WPS项目管理企业版需求聚类分析.md,enterprise-00167,温州影业运营有限公司,我需要让公司各部室填报公司年度重点工作任务进展，领导能够一目了然地全程监控公司重点工作任务进展情况,数据分析与经营看板,可视化看板,,,,,,,,
enterprise,WPS项目管理企业版需求聚类分析.md,enterprise-00168,白超的企业,有前置工序、工作流程、工作时长的施工进度网络图,生产与制造管理,工序流转管理,,,,,,,,
enterprise,WPS项目管理企业版需求聚类分析.md,enterprise-00169,苏州市源动未来科技有限公司,项目时间计划表，资源分配表，甘特图,项目与任务管理,甘特图与排期可视化,,,,,,,,
enterprise,WPS项目管理企业版需求聚类分析.md,enterprise-00170,七里香企业管理有限公司,导入表格,无,无,,,,,,,,
enterprise,WPS项目管理企业版需求聚类分析.md,enterprise-00171,流沙的企业,办公室装修项目,工程与施工管理,装修装饰项目管理,,,,,,,,
enterprise,WPS项目管理企业版需求聚类分析.md,enterprise-00172,固体车间,跟踪并推进项目进度,项目与任务管理,项目进度跟踪,,,,,,,,
enterprise,WPS项目管理企业版需求聚类分析.md,enterprise-00173,山东永创信息技术有限公司,希望有一个能够记录我的项目管理的模板，项目类型为it类项目，项目有售前 实施 售后等不同的阶段。,项目与任务管理,项目计划管理,,,,,,,,
enterprise,WPS项目管理企业版需求聚类分析.md,enterprise-00174,武玥如诗,测试项目,研发与产品管理,打样与试制管理,,,,,,,,
enterprise,WPS项目管理企业版需求聚类分析.md,enterprise-00175,山东智江,1,无,无,,,,,,,,
enterprise,WPS项目管理企业版需求聚类分析.md,enterprise-00176,武汉圆创教育科技有限公司(分中心),我是面向高中做数智化作业，高三复读招生，面向初高中、小学做教师专业能力提升培训，家校社协同育人，拔尖强基培优等多项业务的第三方教育专业机构，客户大多数为区县市教育局和初高中学校，目前需要要统计大家各项目销售推进情况，做好目标及过程管理，并且能够有一个各项业务进展的看板，方便管理，请帮我生成一个销售总监用的销售管理系统，最好还有客户管理系统，我还可以提供我们的客户表格模板你，谢谢,项目与任务管理,项目计划管理,,,,,,,,
enterprise,WPS项目管理企业版需求聚类分析.md,enterprise-00177,夕阳醉了的企业,工程日期管理,工程与施工管理,工程进度管理,,,,,,,,
enterprise,WPS项目管理企业版需求聚类分析.md,enterprise-00178,市海洋与渔业发展促进中心,重点工作进度跟踪表,项目与任务管理,甘特图与排期可视化,,,,,,,,
enterprise,WPS项目管理企业版需求聚类分析.md,enterprise-00179,间歇性神经病的企业,高校学生工作,无,无,,,,,,,,
enterprise,WPS项目管理企业版需求聚类分析.md,enterprise-00180,Night的企业,日常工作统计、日周报、工具表单制作,数据分析与经营看板,报表管理,,,,,,,,
enterprise,WPS项目管理企业版需求聚类分析.md,enterprise-00181,(T_T)的企业,APQP产品质量先期策划,研发与产品管理,打样与试制管理,,,,,,,,
enterprise,WPS项目管理企业版需求聚类分析.md,enterprise-00182,朱余前的企业,项目管理,项目与任务管理,项目台账管理,,,,,,,,
enterprise,WPS项目管理企业版需求聚类分析.md,enterprise-00183,carfreeland,厨房台面,生产与制造管理,车间任务管理,,,,,,,,
enterprise,WPS项目管理企业版需求聚类分析.md,enterprise-00184,J的企业,项目管理甘特图,项目与任务管理,甘特图与排期可视化,,,,,,,,
enterprise,WPS项目管理企业版需求聚类分析.md,enterprise-00185,测试文档,采购,供应链与仓储物流,物料采购管理,,,,,,,,
enterprise,WPS项目管理企业版需求聚类分析.md,enterprise-00186,吃竹子的猫的企业,制造业仓储物流设备生产到安装,供应链与仓储物流,物料采购管理,,,,,,,,
enterprise,WPS项目管理企业版需求聚类分析.md,enterprise-00187,沈朝阳的企业,项目计划,项目与任务管理,项目计划管理,,,,,,,,
enterprise,WPS项目管理企业版需求聚类分析.md,enterprise-00188,亭子的企业,每月工资、社保、公积金、生育津贴、退休、新入职办理、薪酬统计,人力与组织管理,薪酬与社保管理,,,,,,,,
enterprise,WPS项目管理企业版需求聚类分析.md,enterprise-00189,福州市鼓楼区元创园企业管理有限公司,向不同的群跟进数据，但是群与群之间看不到相关信息,数据分析与经营看板,统计汇总,,,,,,,,
enterprise,WPS项目管理企业版需求聚类分析.md,enterprise-00190,大和大疆,招标和工程造价,客户、销售与订单,询价与报价管理,,,,,,,,
enterprise,WPS项目管理企业版需求聚类分析.md,enterprise-00191,如此安好的企业,项目管理，进度通知，,项目与任务管理,项目台账管理,,,,,,,,
enterprise,WPS项目管理企业版需求聚类分析.md,enterprise-00192,jxr的企业,项目任务,项目与任务管理,任务分配与协同,,,,,,,,
enterprise,WPS项目管理企业版需求聚类分析.md,enterprise-00193,业务支持中心第一党支部,我想通过产品解决全年党建工作的安排与计划,生产与制造管理,生产计划管理,,,,,,,,
enterprise,WPS项目管理企业版需求聚类分析.md,enterprise-00194,༺༃࿅࿆s u m m e r ࿅࿆༃༻的企业,111,无,无,,,,,,,,
enterprise,WPS项目管理企业版需求聚类分析.md,enterprise-00195,WPS_1686189911的企业,及时,无,无,,,,,,,,
enterprise,WPS项目管理企业版需求聚类分析.md,enterprise-00196,薯条有限公司,项目管理,项目与任务管理,项目台账管理,,,,,,,,
enterprise,WPS项目管理企业版需求聚类分析.md,enterprise-00197,社区协作,志愿者积分记录管理核销,协同办公与流程审批,待办与提醒管理,,,,,,,,
enterprise,WPS项目管理企业版需求聚类分析.md,enterprise-00198,L。的企业,项目进度、资金、劳务报酬、相关时间,项目与任务管理,项目进度跟踪,,,,,,,,
enterprise,WPS项目管理企业版需求聚类分析.md,enterprise-00199,误爱的企业,我现在正在跟进项目模具，规格，到厂情况，上机情况，计划时间,项目与任务管理,项目计划管理,,,,,,,,
enterprise,WPS项目管理企业版需求聚类分析.md,enterprise-00200,郑佳的企业,项目跟进,项目与任务管理,项目进度跟踪,,,,,,,,
enterprise,WPS项目管理企业版需求聚类分析.md,enterprise-00201,Wystan Slash的企业,编制项目计划,项目与任务管理,项目计划管理,,,,,,,,
enterprise,WPS项目管理企业版需求聚类分析.md,enterprise-00202,广州合达信息科技有限公司,公司项目流程跟进，简单一点,研发与产品管理,研发项目管理,,,,,,,,
enterprise,WPS项目管理企业版需求聚类分析.md,enterprise-00203,海泉的企业,设备物资管理,生产与制造管理,非标制造管理,,,,,,,,
enterprise,WPS项目管理企业版需求聚类分析.md,enterprise-00204,33GROUP,任务分配,项目与任务管理,任务分配与协同,,,,,,,,
enterprise,WPS项目管理企业版需求聚类分析.md,enterprise-00205,beyond的企业,项目任务分解，进度跟踪,项目与任务管理,项目进度跟踪,,,,,,,,
enterprise,WPS项目管理企业版需求聚类分析.md,enterprise-00206,漠阳文旅经营发展,经营项目/活动策划全过程管理,项目与任务管理,项目计划管理,,,,,,,,
enterprise,WPS项目管理企业版需求聚类分析.md,enterprise-00207,武汉市良山机电设备有限公司,非标液压设备设计、生产、制造、售后全流程协作处理,生产与制造管理,非标制造管理,,,,,,,,
enterprise,WPS项目管理企业版需求聚类分析.md,enterprise-00208,小萌萌的企业,项目名称，项目信息，开始时间，执行人，,项目与任务管理,项目计划管理,,,,,,,,
enterprise,WPS项目管理企业版需求聚类分析.md,enterprise-00209,飘云的企业,工作量统计、绩效核算,数据分析与经营看板,绩效与工作量分析,,,,,,,,
enterprise,WPS项目管理企业版需求聚类分析.md,enterprise-00210,150MW项目,陆上风电项目,无,无,,,,,,,,
enterprise,WPS项目管理企业版需求聚类分析.md,enterprise-00211,晶虹光电,555,无,无,,,,,,,,
enterprise,WPS项目管理企业版需求聚类分析.md,enterprise-00212,云南开源建设有限公司,建筑公司项目管理,工程与施工管理,工程进度管理,,,,,,,,
enterprise,WPS项目管理企业版需求聚类分析.md,enterprise-00213,漂泊的心谁能懂的企业,装修工程管理,工程与施工管理,装修装饰项目管理,,,,,,,,
enterprise,WPS项目管理企业版需求聚类分析.md,enterprise-00214,青海莱雲消防工程有限公司的企业,项目结算,工程与施工管理,工程结算管理,,,,,,,,
enterprise,WPS项目管理企业版需求聚类分析.md,enterprise-00215,浙江佳南电气科技有限公司,开启一个项目，所有需要的表格给我一份,项目与任务管理,项目台账管理,,,,,,,,
enterprise,WPS项目管理企业版需求聚类分析.md,enterprise-00216,RWS PMT,不需要,无,无,,,,,,,,
enterprise,WPS项目管理企业版需求聚类分析.md,enterprise-00217,鞍钢集团矿业设计研究院有限公司,工程监理,工程与施工管理,工程验收管理,,,,,,,,
enterprise,WPS项目管理企业版需求聚类分析.md,enterprise-00218,阿德的企业,我们是一间非标自动化公司，独立项目多，交差穿插，需要一个项目管理软件协助管理,项目与任务管理,多项目组合管理,,,,,,,,
enterprise,WPS项目管理企业版需求聚类分析.md,enterprise-00219,武汉海王新能源工程技术有限公司,所有人都可以增加标签。,协同办公与流程审批,会议与纪要管理,,,,,,,,
enterprise,WPS项目管理企业版需求聚类分析.md,enterprise-00220,,所有项目组成员都能看到本项目设计、采购、生产、调试的进度。,,,,,,,,,,
enterprise,WPS项目管理企业版需求聚类分析.md,enterprise-00221,,各项目组成员都可以在白板上发表任务、意见、反馈等等。,,,,,,,,,,
enterprise,WPS项目管理企业版需求聚类分析.md,enterprise-00222,,类似一个会议，但是过程全部记录。,,,,,,,,,,
enterprise,WPS项目管理企业版需求聚类分析.md,enterprise-00223,,达到项目全过程可追溯,,,,,,,,,,
enterprise,WPS项目管理企业版需求聚类分析.md,enterprise-00224,轻夏初久时的企业,证书管理、档案管理、人员证件管理,人力与组织管理,员工信息管理,,,,,,,,
enterprise,WPS项目管理企业版需求聚类分析.md,enterprise-00225,彭泽县勋然建筑材料有限公司,处理一些日常工作,生产与制造管理,车间任务管理,,,,,,,,
enterprise,WPS项目管理企业版需求聚类分析.md,enterprise-00226,哄哄的企业,项目进度管理,项目与任务管理,项目进度跟踪,,,,,,,,
enterprise,WPS项目管理企业版需求聚类分析.md,enterprise-00227,陕西润恒消防工程技术有限公司,制定工作周报模板,数据分析与经营看板,报表管理,,,,,,,,
enterprise,WPS项目管理企业版需求聚类分析.md,enterprise-00228,厦门聚视智创科技有限公司,无,无,无,,,,,,,,
enterprise,WPS项目管理企业版需求聚类分析.md,enterprise-00229,Drown.的企业,BIM主体施工进度,数据分析与经营看板,BI与经营分析,,,,,,,,
enterprise,WPS项目管理企业版需求聚类分析.md,enterprise-00230,豪的企业,软件实施,服务、工单与运维,安装与实施交付,,,,,,,,
enterprise,WPS项目管理企业版需求聚类分析.md,enterprise-00231,付伟的企业,项目跟进,项目与任务管理,项目进度跟踪,,,,,,,,
enterprise,WPS项目管理企业版需求聚类分析.md,enterprise-00232,岳朝辉的企业,稍大,无,无,,,,,,,,
enterprise,WPS项目管理企业版需求聚类分析.md,enterprise-00233,自然风的企业,流程图,项目与任务管理,甘特图与排期可视化,,,,,,,,
enterprise,WPS项目管理企业版需求聚类分析.md,enterprise-00234,采办,压缩机主电机交货进度节点跟踪，交货后，总结各供应商的交货准确性,供应链与仓储物流,到货与交期管理,,,,,,,,
enterprise,WPS项目管理企业版需求聚类分析.md,enterprise-00235,黄述科的企业,项目管理,项目与任务管理,项目台账管理,,,,,,,,
enterprise,WPS项目管理企业版需求聚类分析.md,enterprise-00236,野抖的企业,CRM,无,无,,,,,,,,
enterprise,WPS项目管理企业版需求聚类分析.md,enterprise-00237,kkjycf的企业,案管系统填报指引,服务、工单与运维,巡检管理,,,,,,,,
enterprise,WPS项目管理企业版需求聚类分析.md,enterprise-00238,横琴二线一审共享文件夹,909,无,无,,,,,,,,
enterprise,WPS项目管理企业版需求聚类分析.md,enterprise-00239,佰惠生生产技术部,跟踪管理固定资产投资项目,财务、合同与结算,应收应付管理,,,,,,,,
enterprise,WPS项目管理企业版需求聚类分析.md,enterprise-00240,阿超的企业,营业流水紊乱,无,无,,,,,,,,
enterprise,WPS项目管理企业版需求聚类分析.md,enterprise-00241,YIYI,在建项目,工程与施工管理,工程进度管理,,,,,,,,
enterprise,WPS项目管理企业版需求聚类分析.md,enterprise-00242,Alex的企业,船舶提出维修申请，岸基公司收到后三方比价，安排上船施工，施工中记录现场照片，完工后拍照并出具完工单，最后安排付款,工程与施工管理,工程结算管理,,,,,,,,
enterprise,WPS项目管理企业版需求聚类分析.md,enterprise-00243,胡冰的企业,我现在要设计一个工作表格，是用来记录和提醒我自己有哪些工作， 包含月份、业务类型、合作主体、项目名称、工作内容， 你设计一下，另外除了上述内容还应该增加什么内容比较适合？,协同办公与流程审批,待办与提醒管理,,,,,,,,
enterprise,WPS项目管理企业版需求聚类分析.md,enterprise-00244,悟的企业,工地管理,生产与制造管理,车间任务管理,,,,,,,,
enterprise,WPS项目管理企业版需求聚类分析.md,enterprise-00245,阿北子的企业,工程救险车项目进度追踪,项目与任务管理,项目进度跟踪,,,,,,,,
enterprise,WPS项目管理企业版需求聚类分析.md,enterprise-00246,基建项目,基建项目过程管理,工程与施工管理,工程进度管理,,,,,,,,
enterprise,WPS项目管理企业版需求聚类分析.md,enterprise-00247,Belinda的企业,客户订单多个产品，需要从产品下单到集货跟进,客户、销售与订单,发货与交付跟踪,,,,,,,,
enterprise,WPS项目管理企业版需求聚类分析.md,enterprise-00248,深圳市朗唯科技有限公司,研发项目管理平台,项目与任务管理,项目进度跟踪,,,,,,,,
enterprise,WPS项目管理企业版需求聚类分析.md,enterprise-00249,,Bug追踪平台,,,,,,,,,,
enterprise,WPS项目管理企业版需求聚类分析.md,enterprise-00250,宜昌市夷陵区教育技术保障中心,会议记录,协同办公与流程审批,会议与纪要管理,,,,,,,,
enterprise,WPS项目管理企业版需求聚类分析.md,enterprise-00251,上海恒运众诚贸易有限公司,汽配,无,无,,,,,,,,
enterprise,WPS项目管理企业版需求聚类分析.md,enterprise-00252,刘英超的企业,横道图,项目与任务管理,甘特图与排期可视化,,,,,,,,
enterprise,WPS项目管理企业版需求聚类分析.md,enterprise-00253,广州品慧教育科技有限公司,多项目进度协同管理,项目与任务管理,项目进度跟踪,,,,,,,,
enterprise,WPS项目管理企业版需求聚类分析.md,enterprise-00254,福建锂电池,工程管理,工程与施工管理,工程进度管理,,,,,,,,
enterprise,WPS项目管理企业版需求聚类分析.md,enterprise-00255,北惘的企业,资产管理,无,无,,,,,,,,
enterprise,WPS项目管理企业版需求聚类分析.md,enterprise-00256,罗哥的企业,产品试验规划,研发与产品管理,打样与试制管理,,,,,,,,
enterprise,WPS项目管理企业版需求聚类分析.md,enterprise-00257,13652633510的企业,项目统计,项目与任务管理,项目复盘与总结,,,,,,,,
enterprise,WPS项目管理企业版需求聚类分析.md,enterprise-00258,楊小羊的企业,采购分析,供应链与仓储物流,采购流程管理,,,,,,,,
enterprise,WPS项目管理企业版需求聚类分析.md,enterprise-00259,HC的企业,零售行业如何使用项目管理,客户、销售与订单,商机与销售过程管理,,,,,,,,
enterprise,WPS项目管理企业版需求聚类分析.md,enterprise-00260,广东碧然美景观艺术有限公司英德分公司,xdddd,无,无,,,,,,,,
enterprise,WPS项目管理企业版需求聚类分析.md,enterprise-00261,战略发展部,部门各员工每日工作情况,人力与组织管理,工时与人员负荷管理,,,,,,,,
enterprise,WPS项目管理企业版需求聚类分析.md,enterprise-00262,13931557941393155794的企业,项目施工,工程与施工管理,工程进度管理,,,,,,,,
enterprise,WPS项目管理企业版需求聚类分析.md,enterprise-00263,隆尧县卫生健康局,乡镇卫生院安全生产所有制度,质量、安全与合规,安全管理,,,,,,,,
enterprise,WPS项目管理企业版需求聚类分析.md,enterprise-00264,莫言的企业,工地项目施工过程管控，任务分配，统计,工程与施工管理,施工现场管理,,,,,,,,
enterprise,WPS项目管理企业版需求聚类分析.md,enterprise-00265,长安某的企业,地源热泵项目施工合同,工程与施工管理,工程结算管理,,,,,,,,
enterprise,WPS项目管理企业版需求聚类分析.md,enterprise-00266,宁波数邦信息科技有限公司,工作计划,工程与施工管理,工程进度管理,,,,,,,,
enterprise,WPS项目管理企业版需求聚类分析.md,enterprise-00267,未林的企业,设备制造厂，销售、采购、设计、制造、交付全流程把控,生产与制造管理,生产交付协同,,,,,,,,
enterprise,WPS项目管理企业版需求聚类分析.md,enterprise-00268,东莞三信电子商务有限公司,拼多多开店,无,无,,,,,,,,
enterprise,WPS项目管理企业版需求聚类分析.md,enterprise-00269,狂奔Fever的企业,工程公司项目经理的项目管理,项目与任务管理,项目台账管理,,,,,,,,
enterprise,WPS项目管理企业版需求聚类分析.md,enterprise-00270,永艺股份办公椅质量中心,制造业项目管理,工程与施工管理,工程进度管理,,,,,,,,
enterprise,WPS项目管理企业版需求聚类分析.md,enterprise-00271,o的企业,工地考勤表,生产与制造管理,车间任务管理,,,,,,,,
enterprise,WPS项目管理企业版需求聚类分析.md,enterprise-00272,亚钾国际(老挝)质检部,多项目任务管理,项目与任务管理,多项目组合管理,,,,,,,,
enterprise,WPS项目管理企业版需求聚类分析.md,enterprise-00273,江西龙恩智能,非标项目从销售到设计、采购、生产、出货、安装、售后全流程闭环管理,生产与制造管理,生产交付协同,,,,,,,,
enterprise,WPS项目管理企业版需求聚类分析.md,enterprise-00274,财金集团,无,无,无,,,,,,,,
enterprise,WPS项目管理企业版需求聚类分析.md,enterprise-00275,财金集团,共同办公,协同办公与流程审批,协同办公,,,,,,,,
enterprise,WPS项目管理企业版需求聚类分析.md,enterprise-00276,小的企业,增减材复合生产工艺进度表,生产与制造管理,生产交付协同,,,,,,,,
enterprise,WPS项目管理企业版需求聚类分析.md,enterprise-00277,瓮福化工公司30万吨PPA项目,整个流程,协同办公与流程审批,流程标准化与SOP,,,,,,,,
enterprise,WPS项目管理企业版需求聚类分析.md,enterprise-00278,工资小白,人员统计,人力与组织管理,工时与人员负荷管理,,,,,,,,
enterprise,WPS项目管理企业版需求聚类分析.md,enterprise-00279,重庆神鑫宇,3PL企业，机电零部件及配件物流项目,供应链与仓储物流,物料采购管理,,,,,,,,
enterprise,WPS项目管理企业版需求聚类分析.md,enterprise-00280,长江大学,本科生日清日报接龙,无,无,,,,,,,,
enterprise,WPS项目管理企业版需求聚类分析.md,enterprise-00281,东颢的企业,我是服装加工企业，需要一个模板对接工厂每个部门数据，从客户下订单到订料，到生产、查货、装箱、出货等一系列动作,客户、销售与订单,发货与交付跟踪,,,,,,,,
enterprise,WPS项目管理企业版需求聚类分析.md,enterprise-00282,中国外运长航集团有限公司,测试,无,无,,,,,,,,
enterprise,WPS项目管理企业版需求聚类分析.md,enterprise-00283,慧案知医--新安医学神经科,分配任务与进展,项目与任务管理,任务分配与协同,,,,,,,,
enterprise,WPS项目管理企业版需求聚类分析.md,enterprise-00284,,情况,,,,,,,,,,
enterprise,WPS项目管理企业版需求聚类分析.md,enterprise-00285,甘肃腾哲工程咨询有限公司,项目管理,项目与任务管理,项目台账管理,,,,,,,,
enterprise,WPS项目管理企业版需求聚类分析.md,enterprise-00286,安然无恙的企业,主要做制造业的系统建设,生产与制造管理,生产交付协同,,,,,,,,
enterprise,WPS项目管理企业版需求聚类分析.md,enterprise-00287,甘肃腾哲工程咨询有限公司,项目管理，项目进度,项目与任务管理,项目进度跟踪,,,,,,,,
enterprise,WPS项目管理企业版需求聚类分析.md,enterprise-00288,福建宏运建设工程有限公司,工程项目管理,工程与施工管理,工程进度管理,,,,,,,,
enterprise,WPS项目管理企业版需求聚类分析.md,enterprise-00289,ShelleyGU,工作任务的计划、执行、跟踪，可视化,项目与任务管理,甘特图与排期可视化,,,,,,,,
enterprise,WPS项目管理企业版需求聚类分析.md,enterprise-00290,中国电信集团有限公司邢台分公司,请帮我做一份管理公司的任务分工明细表，,生产与制造管理,车间任务管理,,,,,,,,
enterprise,WPS项目管理企业版需求聚类分析.md,enterprise-00291,曾杰的企业,收到,无,无,,,,,,,,
enterprise,WPS项目管理企业版需求聚类分析.md,enterprise-00292,华新园珺台停车位,体现楼号、车牌号、手机号、姓名，只有我能看见别人可以填看不见信息,无,无,,,,,,,,
enterprise,WPS项目管理企业版需求聚类分析.md,enterprise-00293,贵州晋兴科技工程有限公司,每日用工人员，每日任务简报，自动统计月工作天数，每日薪资,人力与组织管理,工时与人员负荷管理,,,,,,,,
enterprise,WPS项目管理企业版需求聚类分析.md,enterprise-00294,北京森博林语科技有限公司,全屋定制工厂订单管理以及每天车间生产情况实时反馈，以提高效率,生产与制造管理,制造进度跟踪,,,,,,,,
enterprise,WPS项目管理企业版需求聚类分析.md,enterprise-00295,山东交通技师学院,党员发展流程管理、党务工作,协同办公与流程审批,会议与纪要管理,,,,,,,,
enterprise,WPS项目管理企业版需求聚类分析.md,enterprise-00296,广东超有爱科技有限公司,电商上架流程模板,客户、销售与订单,电商与门店运营,,,,,,,,
enterprise,WPS项目管理企业版需求聚类分析.md,enterprise-00297,落.的企业,多项目台账整理,项目与任务管理,多项目组合管理,,,,,,,,
enterprise,WPS项目管理企业版需求聚类分析.md,enterprise-00298,想看星星的企业,蓝莓包装出入库,无,无,,,,,,,,
enterprise,WPS项目管理企业版需求聚类分析.md,enterprise-00299,晶日建设,建筑工程,工程与施工管理,工程进度管理,,,,,,,,
enterprise,WPS项目管理企业版需求聚类分析.md,enterprise-00300,罗登斌的企业,项目管理的流程化和自动haul,项目与任务管理,项目计划管理,,,,,,,,
enterprise,WPS项目管理企业版需求聚类分析.md,enterprise-00301,宁夏青铜峡市海源包装有限公司,包装袋,无,无,,,,,,,,
enterprise,WPS项目管理企业版需求聚类分析.md,enterprise-00302,重庆铭博科技有限责任公司,0,无,无,,,,,,,,
enterprise,WPS项目管理企业版需求聚类分析.md,enterprise-00303,nnscholar,项目开发,研发与产品管理,研发项目管理,,,,,,,,
enterprise,WPS项目管理企业版需求聚类分析.md,enterprise-00304,为你执手经年的企业,消防检测,无,无,,,,,,,,
enterprise,WPS项目管理企业版需求聚类分析.md,enterprise-00305,TGZHFW,软件项目管理,项目与任务管理,项目台账管理,,,,,,,,
enterprise,WPS项目管理企业版需求聚类分析.md,enterprise-00306,信成花园,每年约200个项目的管理,项目与任务管理,项目台账管理,,,,,,,,
enterprise,WPS项目管理企业版需求聚类分析.md,enterprise-00307,深圳灏业商务咨询中心,客户询价项目，报价日期，跟进时间，项目状态,客户、销售与订单,询价与报价管理,,,,,,,,
enterprise,WPS项目管理企业版需求聚类分析.md,enterprise-00308,河南向上科技有限公司,横道图,项目与任务管理,甘特图与排期可视化,,,,,,,,
enterprise,WPS项目管理企业版需求聚类分析.md,enterprise-00309,ECRL-S12-AD,针对办公地点分散，实现多人在线收集及更新相关表单和数据填报等,协同办公与流程审批,协同办公,,,,,,,,
enterprise,WPS项目管理企业版需求聚类分析.md,enterprise-00310,的企业,业务员项目管理台账,协同办公与流程审批,台账与登记管理,,,,,,,,
enterprise,WPS项目管理企业版需求聚类分析.md,enterprise-00311,虾米的企业,电动理发剪项目开发及跟进,无,无,,,,,,,,
enterprise,WPS项目管理企业版需求聚类分析.md,enterprise-00312,风行雨驻的企业,项目过程提醒,项目与任务管理,项目复盘与总结,,,,,,,,
enterprise,WPS项目管理企业版需求聚类分析.md,enterprise-00313,勿忘心安的企业,生产订单合同管理,生产与制造管理,排产管理,,,,,,,,
enterprise,WPS项目管理企业版需求聚类分析.md,enterprise-00314,金喜✨的企业,老达州餐饮管理公司前厅后厨的数据化管理，,协同办公与流程审批,台账与登记管理,,,,,,,,
enterprise,WPS项目管理企业版需求聚类分析.md,enterprise-00315,曹增辉的企业,质保资料汇总管理,服务、工单与运维,维保管理,,,,,,,,
enterprise,WPS项目管理企业版需求聚类分析.md,enterprise-00316,fearlesscui的企业,冲压模具生产制造管控,生产与制造管理,装配与调试管理,,,,,,,,
enterprise,WPS项目管理企业版需求聚类分析.md,enterprise-00317,张明浩的企业,把表格中相同的项统计一起,数据分析与经营看板,统计汇总,,,,,,,,
enterprise,WPS项目管理企业版需求聚类分析.md,enterprise-00318,Echo的企业,建筑工程,工程与施工管理,工程进度管理,,,,,,,,
enterprise,WPS项目管理企业版需求聚类分析.md,enterprise-00319,廾匸的企业,需要帮我提供一份产品整改的计划模版,研发与产品管理,研发阶段管理,,,,,,,,
enterprise,WPS项目管理企业版需求聚类分析.md,enterprise-00320,GY2024的企业,第三个,无,无,,,,,,,,
enterprise,WPS项目管理企业版需求聚类分析.md,enterprise-00321,悦的企业,需要完整的电源研发流程链,研发与产品管理,研发阶段管理,,,,,,,,
enterprise,WPS项目管理企业版需求聚类分析.md,enterprise-00322,深圳市八方云企业管理有限公司,客户管理及项目管理,客户、销售与订单,客户信息管理,,,,,,,,
enterprise,WPS项目管理企业版需求聚类分析.md,enterprise-00323,中国移动通信集团陕西有限公司横山分公司,团队业务协作,协同办公与流程审批,协同办公,,,,,,,,
enterprise,WPS项目管理企业版需求聚类分析.md,enterprise-00324,延安隆沃电子科技有限公司(项目部),哈哈哈,无,无,,,,,,,,
enterprise,WPS项目管理企业版需求聚类分析.md,enterprise-00325,融化月亮,1,无,无,,,,,,,,
enterprise,WPS项目管理企业版需求聚类分析.md,enterprise-00326,请求权的企业,投资项目管理,研发与产品管理,研发项目管理,,,,,,,,
enterprise,WPS项目管理企业版需求聚类分析.md,enterprise-00327,轻描淡写的企业(分部)(分中心),车辆来货信息登记跟进,供应链与仓储物流,到货与交期管理,,,,,,,,
enterprise,WPS项目管理企业版需求聚类分析.md,enterprise-00328,水资源与环境工程院-水务所,团队管理及项目管理,项目与任务管理,任务分配与协同,,,,,,,,
enterprise,WPS项目管理企业版需求聚类分析.md,enterprise-00329,CheseOr5o,项目开发,研发与产品管理,研发项目管理,,,,,,,,
enterprise,WPS项目管理企业版需求聚类分析.md,enterprise-00330,益达闪闪会发光的企业,文创定制行业礼品定制，PMC主管计划搭建,工程与施工管理,装修装饰项目管理,,,,,,,,
enterprise,WPS项目管理企业版需求聚类分析.md,enterprise-00331,杨露露的企业,报价方案,客户、销售与订单,询价与报价管理,,,,,,,,
enterprise,WPS项目管理企业版需求聚类分析.md,enterprise-00332,黄天江,建筑装饰设计的企业,设计项目进度管理,项目与任务管理,,,,,,,,
enterprise,WPS项目管理企业版需求聚类分析.md,enterprise-00333,fly.的企业,项目,无,无,,,,,,,,
enterprise,WPS项目管理企业版需求聚类分析.md,enterprise-00334,资源工程学院,项目策划管理,项目与任务管理,项目计划管理,,,,,,,,
enterprise,WPS项目管理企业版需求聚类分析.md,enterprise-00335,郁闷的八戒的企业,工程管理,工程与施工管理,工程进度管理,,,,,,,,
enterprise,WPS项目管理企业版需求聚类分析.md,enterprise-00336,海之蓝的企业,项目管理系统,项目与任务管理,项目台账管理,,,,,,,,
enterprise,WPS项目管理企业版需求聚类分析.md,enterprise-00337,仄言的企业,项目管理时间安排及明细,项目与任务管理,项目计划管理,,,,,,,,
enterprise,WPS项目管理企业版需求聚类分析.md,enterprise-00338,佛山市亿研精密数控设备有限公司,非标机加工任务单,生产与制造管理,非标制造管理,,,,,,,,
enterprise,WPS项目管理企业版需求聚类分析.md,enterprise-00339,`H的企业,汽车模具模具基本信息  模具材料采购  模具加工工时  调试时长 零件状况,生产与制造管理,装配与调试管理,,,,,,,,
enterprise,WPS项目管理企业版需求聚类分析.md,enterprise-00340,燕雀焉知鸿鹄之志的企业,我下面组成员的工作计划表,协同办公与流程审批,待办与提醒管理,,,,,,,,
enterprise,WPS项目管理企业版需求聚类分析.md,enterprise-00341,陕西云志幕峰建筑设计有限公司,统计项目概况增加发票与结算单连接,财务、合同与结算,发票与结算管理,,,,,,,,
enterprise,WPS项目管理企业版需求聚类分析.md,enterprise-00342,首科汽车科技(宁波)有限公司,人员工作内容统计,人力与组织管理,工时与人员负荷管理,,,,,,,,
enterprise,WPS项目管理企业版需求聚类分析.md,enterprise-00343,想一下的企业,0,无,无,,,,,,,,
enterprise,WPS项目管理企业版需求聚类分析.md,enterprise-00344,客成测试企业06,618活动大促，sku和进销存的管理,质量、安全与合规,整改闭环管理,,,,,,,,
enterprise,WPS项目管理企业版需求聚类分析.md,enterprise-00345,wy-company,任务管理,项目与任务管理,任务分配与协同,,,,,,,,
enterprise,WPS项目管理企业版需求聚类分析.md,enterprise-00346,blh的企业,立项-项目组--合同-经办人-项目进度-回款进度,项目与任务管理,项目进度跟踪,,,,,,,,
enterprise,WPS项目管理企业版需求聚类分析.md,enterprise-00347,重庆欧瑞环保科技有限公司,我们是一家机电设备安装公司,服务、工单与运维,安装与实施交付,,,,,,,,
enterprise,WPS项目管理企业版需求聚类分析.md,enterprise-00348,经营中心,项目管理,项目与任务管理,项目台账管理,,,,,,,,
enterprise,WPS项目管理企业版需求聚类分析.md,enterprise-00349,Ghzz的企业,不同产品在研发阶段的进度,研发与产品管理,产品开发管理,,,,,,,,
enterprise,WPS项目管理企业版需求聚类分析.md,enterprise-00350,空心番薯的企业,遮阳行业 产品研发项目管理,研发与产品管理,产品开发管理,,,,,,,,
enterprise,WPS项目管理企业版需求聚类分析.md,enterprise-00351,风生水起的企业,项目管理,项目与任务管理,项目台账管理,,,,,,,,
enterprise,WPS项目管理企业版需求聚类分析.md,enterprise-00352,杭州衡鼎科技有限公司,散热器产品开发项目跟进,研发与产品管理,产品开发管理,,,,,,,,
enterprise,WPS项目管理企业版需求聚类分析.md,enterprise-00353,李.洛凯特的企业,土建工程进度计划,工程与施工管理,工程进度管理,,,,,,,,
enterprise,WPS项目管理企业版需求聚类分析.md,enterprise-00354,WPS_1663672516的企业,其实我是个人使用，用来协助我记录跟进工作的，我不知道我能不能负担得起WPS项目费用，所以我先试用一下，你先给我随便生成一个模板吧。,项目与任务管理,甘特图与排期可视化,,,,,,,,
enterprise,WPS项目管理企业版需求聚类分析.md,enterprise-00355,A洛洛的企业,想生成一个多维度的表格，方便对项目进行管理,项目与任务管理,多项目组合管理,,,,,,,,
enterprise,WPS项目管理企业版需求聚类分析.md,enterprise-00356,惊涛拍岸的企业,想高效的管理消费类电子成品 电子体重秤 体脂秤 项目研发进度,研发与产品管理,图纸与BOM管理,,,,,,,,
enterprise,WPS项目管理企业版需求聚类分析.md,enterprise-00357,天空蓝的企业,项目的表格,项目与任务管理,项目台账管理,,,,,,,,
enterprise,WPS项目管理企业版需求聚类分析.md,enterprise-00358,杭州雅格新创科技有限公司,软件研发项目,研发与产品管理,研发项目管理,,,,,,,,
enterprise,WPS项目管理企业版需求聚类分析.md,enterprise-00359,脑袋问题,科研计划,项目与任务管理,甘特图与排期可视化,,,,,,,,
enterprise,WPS项目管理企业版需求聚类分析.md,enterprise-00360,liuy的企业,汽车行业模具制作,生产与制造管理,生产交付协同,,,,,,,,
enterprise,WPS项目管理企业版需求聚类分析.md,enterprise-00361,董的企业,下单和车间跟踪流程，可查询编剧，分钣金车间 表面车间和装配车的流程进度跟踪,生产与制造管理,制造进度跟踪,,,,,,,,
enterprise,WPS项目管理企业版需求聚类分析.md,enterprise-00362,机器人的企业,需要个想microsoft的软件来管理目前的项目进度,项目与任务管理,项目进度跟踪,,,,,,,,
enterprise,WPS项目管理企业版需求聚类分析.md,enterprise-00363,ting991314的企业,施工项目管理,工程与施工管理,工程进度管理,,,,,,,,
enterprise,WPS项目管理企业版需求聚类分析.md,enterprise-00364,测试企业,测试项目,研发与产品管理,打样与试制管理,,,,,,,,
enterprise,WPS项目管理企业版需求聚类分析.md,enterprise-00365,太武运维团队,招商引资项目的全过程管理,工程与施工管理,工程进度管理,,,,,,,,
enterprise,WPS项目管理企业版需求聚类分析.md,enterprise-00366,WPS_1767861584的企业,我们是一家从事家电行业装修的广告公司，主要服务于京东统装、天猫、长虹、美菱、海信、TCL、奥克斯、安吉尔、帅康等品牌，我们有贵州省和云南省区域的各品牌展台，需要调配师傅、供应商、展台项目完成进度、物料是否到位、有什么问题需要解决，以后时候的复盘等等,供应链与仓储物流,物料采购管理,,,,,,,,
enterprise,WPS项目管理企业版需求聚类分析.md,enterprise-00367,呱呱乐园123456,暂无,无,无,,,,,,,,
enterprise,WPS项目管理企业版需求聚类分析.md,enterprise-00368,Y的企业,各项成本的录入及工程款支付情况,财务、合同与结算,成本核算管理,,,,,,,,
enterprise,WPS项目管理企业版需求聚类分析.md,enterprise-00369,上海毅特纺织有限公司广州分公司,订单进度管理,客户、销售与订单,订单管理,,,,,,,,
enterprise,WPS项目管理企业版需求聚类分析.md,enterprise-00370,Samael的企业,跟进项目进度进行管理,项目与任务管理,项目进度跟踪,,,,,,,,
enterprise,WPS项目管理企业版需求聚类分析.md,enterprise-00371,济南恬艺商贸有限公司,公司业务包括产品研发、软件开发、项目交付、智能化施工四个业务方向，有市场拓展中心、产品开发中心、技术方案中心、项目交付中心四大部门和安全综合管理部门，生成适合公司管理的工具模板,研发与产品管理,技术文档管理,,,,,,,,
enterprise,WPS项目管理企业版需求聚类分析.md,enterprise-00372,全洲的企业,生成一份项目管理甘特图,项目与任务管理,甘特图与排期可视化,,,,,,,,
enterprise,WPS项目管理企业版需求聚类分析.md,enterprise-00373,周的企业,项目，设计，审核、审定,研发与产品管理,设计评审管理,,,,,,,,
enterprise,WPS项目管理企业版需求聚类分析.md,enterprise-00374,青海卓航装饰装修有限公司,10万元家庭装修预算表,财务、合同与结算,成本核算管理,,,,,,,,
enterprise,WPS项目管理企业版需求聚类分析.md,enterprise-00375,南京美茵生命科技有限公司,我们是专门做化学品研发的公司,研发与产品管理,研发阶段管理,,,,,,,,
enterprise,WPS项目管理企业版需求聚类分析.md,enterprise-00376,广东皇礼诚实业有限公司,业务话术,客户、销售与订单,商机与销售过程管理,,,,,,,,
enterprise,WPS项目管理企业版需求聚类分析.md,enterprise-00377,远东宏信有限公司,项目名称、进度、卡点、关键人等信息包含,项目与任务管理,里程碑管理,,,,,,,,
enterprise,WPS项目管理企业版需求聚类分析.md,enterprise-00378,李振华的企业,非标自动化设备生产,生产与制造管理,非标制造管理,,,,,,,,
enterprise,WPS项目管理企业版需求聚类分析.md,enterprise-00379,杜得一的企业,深圳市五韵智慧科技有限公司是一家从事AI数字生态,研发与产品管理,图纸与BOM管理,,,,,,,,
enterprise,WPS项目管理企业版需求聚类分析.md,enterprise-00380,,业务范围：以华为元服务为核心，整合各大主流官方平台资源、数字化科技手段、全域运营体系等，助力中小企业及实体商家实现业绩增长与数字化升级。,,,,,,,,,,
enterprise,WPS项目管理企业版需求聚类分析.md,enterprise-00381,,官方生态：华为生态、微信生态、支付宝生态、抖音生态等主流平台官方服务商。,,,,,,,,,,
enterprise,WPS项目管理企业版需求聚类分析.md,enterprise-00382,,支付业务涵盖：花瓣支付、微信支付、支付宝支付、抖音支付等。,,,,,,,,,,
enterprise,WPS项目管理企业版需求聚类分析.md,enterprise-00383,,全域运营业务包括：数智门店搭建、AI教育、AI智能运营助手、AI无人直播、积分商城供应链、团购业务、自营外卖等。,,,,,,,,,,
enterprise,WPS项目管理企业版需求聚类分析.md,enterprise-00384,,数字技术服务：于全域范围内提供技术服务支持，以维护系统的安全稳定。,,,,,,,,,,
enterprise,WPS项目管理企业版需求聚类分析.md,enterprise-00385,,配送业务：提供聚合配送相关服务。,,,,,,,,,,
enterprise,WPS项目管理企业版需求聚类分析.md,enterprise-00386,,围绕以上业务，为商家提供服务的服务商，需要做全国招商布局、商家入驻等工作,,,,,,,,,,
enterprise,WPS项目管理企业版需求聚类分析.md,enterprise-00387,豆豆妈的企业,项目管理,项目与任务管理,项目台账管理,,,,,,,,
enterprise,WPS项目管理企业版需求聚类分析.md,enterprise-00388,展昭的企业,零星的物料采购，招标的项目节点管控，项目的过程节点结果汇总,生产与制造管理,制造进度跟踪,,,,,,,,
enterprise,WPS项目管理企业版需求聚类分析.md,enterprise-00389,小龙虾有限公司,客服运营项目,服务、工单与运维,客服工单管理,,,,,,,,
enterprise,WPS项目管理企业版需求聚类分析.md,enterprise-00390,扶摇ai运维,关于ai项目的开发管理，包括前端后端开发人员进度以及计划完成时间和预产出结果之类的,项目与任务管理,项目计划管理,,,,,,,,
enterprise,WPS项目管理企业版需求聚类分析.md,enterprise-00391,WPS_1755347987的企业,工程合同相关信息归档，施工进度跟踪，工程款开票情况、工程款结算进度、工程工人工资发放情况，工程材料购销付款情况、设备租赁付款情况、,财务、合同与结算,发票与结算管理,,,,,,,,
enterprise,WPS项目管理企业版需求聚类分析.md,enterprise-00392,sxq的企业,工作计划时间表,生产与制造管理,生产计划管理,,,,,,,,
enterprise,WPS项目管理企业版需求聚类分析.md,enterprise-00393,22222,哈哈哈看,无,无,,,,,,,,
enterprise,WPS项目管理企业版需求聚类分析.md,enterprise-00394,南通三圣,没有,无,无,,,,,,,,
enterprise,WPS项目管理企业版需求聚类分析.md,enterprise-00395,中山市昌发新材料有限公司,生产制造,生产与制造管理,生产交付协同,,,,,,,,
enterprise,WPS项目管理企业版需求聚类分析.md,enterprise-00396,我爱我家的企业,电站项目1,项目与任务管理,甘特图与排期可视化,,,,,,,,
enterprise,WPS项目管理企业版需求聚类分析.md,enterprise-00397,李彦璀er的企业,管理公司所有研发项目的项目进度,研发与产品管理,研发项目管理,,,,,,,,
enterprise,WPS项目管理企业版需求聚类分析.md,enterprise-00398,斯小浅的企业,关于新能源驱动电机的项目列表,生产与制造管理,车间任务管理,,,,,,,,
enterprise,WPS项目管理企业版需求聚类分析.md,enterprise-00399,WPS_1703525109的企业,工程项目甘特图,项目与任务管理,甘特图与排期可视化,,,,,,,,
enterprise,WPS项目管理企业版需求聚类分析.md,enterprise-00400,小板子的企业,项目流程和进度等级,研发与产品管理,研发项目管理,,,,,,,,
enterprise,WPS项目管理企业版需求聚类分析.md,enterprise-00401,左壮的企业,开店,客户、销售与订单,电商与门店运营,,,,,,,,
enterprise,WPS项目管理企业版需求聚类分析.md,enterprise-00402,伍仔科技,系统软硬件运维项目,服务、工单与运维,安装与实施交付,,,,,,,,
enterprise,WPS项目管理企业版需求聚类分析.md,enterprise-00403,向钱看小组,开发,研发与产品管理,研发项目管理,,,,,,,,
enterprise,WPS项目管理企业版需求聚类分析.md,enterprise-00404,一格标识 姜楠18686617925的企业,广告行业,客户、销售与订单,电商与门店运营,,,,,,,,
enterprise,WPS项目管理企业版需求聚类分析.md,enterprise-00405,隆恩建设工程有限公司,建筑施工项目管理,工程与施工管理,工程进度管理,,,,,,,,
enterprise,WPS项目管理企业版需求聚类分析.md,enterprise-00406,四川上下建筑工程有限公司,我们是做建筑工程的公司。希望解决项目财务混乱。可以对项目的毛利润。投资成本。等实时查看,财务、合同与结算,成本核算管理,,,,,,,,
enterprise,WPS项目管理企业版需求聚类分析.md,enterprise-00407,青岛物元二次配项目,项目管理,项目与任务管理,项目台账管理,,,,,,,,
enterprise,WPS项目管理企业版需求聚类分析.md,enterprise-00408,SC瑞鸿科,做手套的生产加工，生产计划的管理和工人几件工资的管理,生产与制造管理,排产管理,,,,,,,,
enterprise,WPS项目管理企业版需求聚类分析.md,enterprise-00409,万物生长_靠太阳的企业,甘特图,项目与任务管理,甘特图与排期可视化,,,,,,,,
enterprise,WPS项目管理企业版需求聚类分析.md,enterprise-00410,等保测评,等保,无,无,,,,,,,,
enterprise,WPS项目管理企业版需求聚类分析.md,enterprise-00411,左左的企业,企业投标工作管理,客户、销售与订单,商机与销售过程管理,,,,,,,,
enterprise,WPS项目管理企业版需求聚类分析.md,enterprise-00412,在线项目管理系统,政府基建项目在线管理,工程与施工管理,基建与市政项目管理,,,,,,,,
enterprise,WPS项目管理企业版需求聚类分析.md,enterprise-00413,大禹谟的企业,任务的全周期追踪，各个工序的任务输出和产出，问题记录，信息的综合,项目与任务管理,项目进度跟踪,,,,,,,,
enterprise,WPS项目管理企业版需求聚类分析.md,enterprise-00414,IUDFSAGJLKDGKHAJ,阿萨德,无,无,,,,,,,,
enterprise,WPS项目管理企业版需求聚类分析.md,enterprise-00415,内蒙古法检机动车,机动车鉴定评估,质量、安全与合规,质量检查与检验,,,,,,,,
enterprise,WPS项目管理企业版需求聚类分析.md,enterprise-00416,ᅠ的企业,建筑施工工程中材料管理出入库,工程与施工管理,装修装饰项目管理,,,,,,,,
enterprise,WPS项目管理企业版需求聚类分析.md,enterprise-00417,郑辉的企业,89898,无,无,,,,,,,,
enterprise,WPS项目管理企业版需求聚类分析.md,enterprise-00418,yn的企业,1,无,无,,,,,,,,
enterprise,WPS项目管理企业版需求聚类分析.md,enterprise-00419,马滢的企业,不需要模板,无,无,,,,,,,,
enterprise,WPS项目管理企业版需求聚类分析.md,enterprise-00420,陶悦星有限公司,123,无,无,,,,,,,,
enterprise,WPS项目管理企业版需求聚类分析.md,enterprise-00421,不是什么好人的企业,生产计划表,生产与制造管理,生产计划管理,,,,,,,,
enterprise,WPS项目管理企业版需求聚类分析.md,enterprise-00422,首都师范大学附属育新学校,教师培训项目,人力与组织管理,培训与人才发展管理,,,,,,,,
enterprise,WPS项目管理企业版需求聚类分析.md,enterprise-00423,西南交通大学希望学院,科研,无,无,,,,,,,,
enterprise,WPS项目管理企业版需求聚类分析.md,enterprise-00424,Ray (RNS Furniture)的企业,做外贸出口工作，有很多报价，询盘，采购等事情需要处理,供应链与仓储物流,物料采购管理,,,,,,,,
enterprise,WPS项目管理企业版需求聚类分析.md,enterprise-00425,外墙线条EPS+GRC供应商的企业,网络商城数字积分管理分配系统,客户、销售与订单,电商与门店运营,,,,,,,,
enterprise,WPS项目管理企业版需求聚类分析.md,enterprise-00426,深圳市百福立实业发展有限公司,外贸开发客户,客户、销售与订单,客户跟进管理,,,,,,,,
enterprise,WPS项目管理企业版需求聚类分析.md,enterprise-00427,深圳市百福立实业发展有限公司,1,无,无,,,,,,,,
enterprise,WPS项目管理企业版需求聚类分析.md,enterprise-00428,项目管理,关于项目开发到交付的全流程，需可视化展板分析，进度计划甘特图管理，包括但不限于设计、采购、主体工程、交付等各方面,项目与任务管理,甘特图与排期可视化,,,,,,,,
enterprise,WPS项目管理企业版需求聚类分析.md,enterprise-00429,执手天涯的企业,想了解项目ＯＫＲ目标管理和任务执行时功能优越性软件落地实用性,项目与任务管理,项目台账管理,,,,,,,,
enterprise,WPS项目管理企业版需求聚类分析.md,enterprise-00430,杨嘉的企业,三大阿斯顿,无,无,,,,,,,,
enterprise,WPS项目管理企业版需求聚类分析.md,enterprise-00431,重庆海木交通技术有限公司,我们是公路工程和市政公用工程施工及相关材料研发生产销售企业，项目管理主要包括合同管理、立项管理、工程清单管理（含合同工程量清单及变更）、工程进度管理（主要是进度产值、完工产值）、工程费用管理（含人工费、机械设备使用费、其它工程费、材料费及材料进用存、费用支付、借款冲账等）、成本分析、结算管理、回款管理等。,财务、合同与结算,收付款与回款管理,,,,,,,,
enterprise,WPS项目管理企业版需求聚类分析.md,enterprise-00432,武汉市硚口城市建设集团有限公司,人事信息化系统建设进展,人力与组织管理,考勤管理,,,,,,,,
enterprise,WPS项目管理企业版需求聚类分析.md,enterprise-00433,吴的企业,发给导师,无,无,,,,,,,,
enterprise,WPS项目管理企业版需求聚类分析.md,enterprise-00434,德风项目管理,项目文档管理,项目与任务管理,项目台账管理,,,,,,,,
enterprise,WPS项目管理企业版需求聚类分析.md,enterprise-00435,山东国瓷功能材料股份有限公司,软件研发项目,研发与产品管理,研发项目管理,,,,,,,,
enterprise,WPS项目管理企业版需求聚类分析.md,enterprise-00436,重庆联合产权交易所集团股份有限公司,首营交换材料,供应链与仓储物流,出入库与调拨管理,,,,,,,,
enterprise,WPS项目管理企业版需求聚类分析.md,enterprise-00437,宿州市高新建设投资集团有限公司,投资项目管理涉及各个部门，对标流程图。,项目与任务管理,多项目组合管理,,,,,,,,
enterprise,WPS项目管理企业版需求聚类分析.md,enterprise-00438,ebichu的企业,咨询项目人员分工及安排，详细到日,项目与任务管理,项目计划管理,,,,,,,,
enterprise,WPS项目管理企业版需求聚类分析.md,enterprise-00439,凌子涵、的企业,我们是一家医疗企业，集医疗器械研发、生产销售于一体,生产与制造管理,生产交付协同,,,,,,,,
enterprise,WPS项目管理企业版需求聚类分析.md,enterprise-00440,사진 작가 ·R的企业,项目管理,项目与任务管理,项目台账管理,,,,,,,,
enterprise,WPS项目管理企业版需求聚类分析.md,enterprise-00441,包良收的企业,测试,无,无,,,,,,,,
enterprise,WPS项目管理企业版需求聚类分析.md,enterprise-00442,江苏枫铃智能家居有限公司,1,无,无,,,,,,,,
enterprise,WPS项目管理企业版需求聚类分析.md,enterprise-00443,清远市俊杰通信有限公司,中国移动运营商,无,无,,,,,,,,
enterprise,WPS项目管理企业版需求聚类分析.md,enterprise-00444,甘肃华科信息技术有限责任公司,运维服务项目执行情况,服务、工单与运维,安装与实施交付,,,,,,,,
enterprise,WPS项目管理企业版需求聚类分析.md,enterprise-00445,南方锰业集团有限责任公司,团队协作完成项目派发跟踪完成监控,数据分析与经营看板,可视化看板,,,,,,,,
enterprise,WPS项目管理企业版需求聚类分析.md,enterprise-00446,社区卫生,跟进项目计划、进程,项目与任务管理,项目计划管理,,,,,,,,
enterprise,WPS项目管理企业版需求聚类分析.md,enterprise-00447,皮扣✨的企业,项目管理,项目与任务管理,项目台账管理,,,,,,,,
enterprise,WPS项目管理企业版需求聚类分析.md,enterprise-00448,亚龙王琴春的企业,业务进度,客户、销售与订单,客户跟进管理,,,,,,,,
enterprise,WPS项目管理企业版需求聚类分析.md,enterprise-00449,哈尔滨工程大学,设计制造企业，解决进度管理，责任人提醒,研发与产品管理,研发阶段管理,,,,,,,,
enterprise,WPS项目管理企业版需求聚类分析.md,enterprise-00450,河南匠超智能设备有限公司,我们是做快递物流自动化输送设备的，想要解决从业务谈单到生产下单再到最后的安装进度完成已经售后问题跟踪解决等中间产生的问题,供应链与仓储物流,到货与交期管理,,,,,,,,
enterprise,WPS项目管理企业版需求聚类分析.md,enterprise-00451,南京真空泵厂有限公司,项目管理,项目与任务管理,项目台账管理,,,,,,,,
enterprise,WPS项目管理企业版需求聚类分析.md,enterprise-00452,要cheese了的企业,甘特图,项目与任务管理,甘特图与排期可视化,,,,,,,,
enterprise,WPS项目管理企业版需求聚类分析.md,enterprise-00453,福建海峡正大建筑工程有限公司,工程管理,工程与施工管理,工程进度管理,,,,,,,,
enterprise,WPS项目管理企业版需求聚类分析.md,enterprise-00454,离月丶魂殇的企业,矿山,无,无,,,,,,,,
enterprise,WPS项目管理企业版需求聚类分析.md,enterprise-00455,隆奕(上海)贸易有限公司,企业福利礼品行业项目任务安排,人力与组织管理,薪酬与社保管理,,,,,,,,
enterprise,WPS项目管理企业版需求聚类分析.md,enterprise-00456,让意广告,广告传媒与广告策划设计业务场景,客户、销售与订单,电商与门店运营,,,,,,,,
enterprise,WPS项目管理企业版需求聚类分析.md,enterprise-00457,GZS-HGC-JW,线下采购流程管理,供应链与仓储物流,采购流程管理,,,,,,,,
enterprise,WPS项目管理企业版需求聚类分析.md,enterprise-00458,董的企业,生产车间管理,生产与制造管理,车间任务管理,,,,,,,,
enterprise,WPS项目管理企业版需求聚类分析.md,enterprise-00459,微信用户的企业,工程,工程与施工管理,工程进度管理,,,,,,,,
enterprise,WPS项目管理企业版需求聚类分析.md,enterprise-00460,WPS_1766064980的企业,无,无,无,,,,,,,,
enterprise,WPS项目管理企业版需求聚类分析.md,enterprise-00461,WPS_1766064980的企业,项目管理,项目与任务管理,项目台账管理,,,,,,,,
enterprise,WPS项目管理企业版需求聚类分析.md,enterprise-00462,吴伟的企业,客户管理,客户、销售与订单,客户信息管理,,,,,,,,
enterprise,WPS项目管理企业版需求聚类分析.md,enterprise-00463,海莎技术周云华_Kenneth的企业,特斯特,无,无,,,,,,,,
enterprise,WPS项目管理企业版需求聚类分析.md,enterprise-00464,Martin的企业,分配个各个项目经理的任务，定期复盘，查看完成进度,项目与任务管理,任务分配与协同,,,,,,,,
enterprise,WPS项目管理企业版需求聚类分析.md,enterprise-00465,河北章驰项目管理,工程项目管理,工程与施工管理,工程进度管理,,,,,,,,
enterprise,WPS项目管理企业版需求聚类分析.md,enterprise-00466,熵核科技,暂无,无,无,,,,,,,,
enterprise,WPS项目管理企业版需求聚类分析.md,enterprise-00467,智度科技股份有限公司,ppt协同,协同办公与流程审批,协同办公,,,,,,,,
enterprise,WPS项目管理企业版需求聚类分析.md,enterprise-00468,佛山市好铭达技术发展有限公司,研发项目管理,研发与产品管理,研发项目管理,,,,,,,,
enterprise,WPS项目管理企业版需求聚类分析.md,enterprise-00469,项目文档管理,产品管理、多层级需求任务分解，需求与开发任务关联，缺陷管理，需求关连github,项目与任务管理,多项目组合管理,,,,,,,,
enterprise,WPS项目管理企业版需求聚类分析.md,enterprise-00470,重庆八中智慧云教育科技有限公司,教育行业的项目管理,人力与组织管理,培训与人才发展管理,,,,,,,,
enterprise,WPS项目管理企业版需求聚类分析.md,enterprise-00471,农村环境与生态保护股,项目管理,项目与任务管理,项目台账管理,,,,,,,,
enterprise,WPS项目管理企业版需求聚类分析.md,enterprise-00472,通辽市添盈建筑安装工程有限责任公司,d'f,无,无,,,,,,,,
enterprise,WPS项目管理企业版需求聚类分析.md,enterprise-00473,中禾未央,项目过程数据管理，应收应付管理,财务、合同与结算,收付款与回款管理,,,,,,,,
enterprise,WPS项目管理企业版需求聚类分析.md,enterprise-00474,新疆众义百合商贸有限公司,运输物流公司,供应链与仓储物流,物流运输与配送管理,,,,,,,,
enterprise,WPS项目管理企业版需求聚类分析.md,enterprise-00475,上海承飞航空特种设备有限公司,项目管理,项目与任务管理,项目台账管理,,,,,,,,
enterprise,WPS项目管理企业版需求聚类分析.md,enterprise-00476,江苏瑞云,项目申报,项目与任务管理,项目台账管理,,,,,,,,
enterprise,WPS项目管理企业版需求聚类分析.md,enterprise-00477,复鑫航宇(无锡)创新科技有限公司,想做一个项目管理表，想法是有一个总表公司所有业务，然后对应分表分表主要2块一是计划里程碑节点二是项目具体实施进度；帮生成一个模板,项目与任务管理,项目计划管理,,,,,,,,
enterprise,WPS项目管理企业版需求聚类分析.md,enterprise-00478,玉环事业部交付中心,帮我做一个适合项目过程管理，解决项目全流程管理,项目与任务管理,项目计划管理,,,,,,,,
enterprise,WPS项目管理企业版需求聚类分析.md,enterprise-00479,笨笨的Y先生的企业,公司有国内、海外业务，业务流程大致是 签约阶段-设计阶段-采购阶段-生产阶段-验收阶段，需要按照项目管理模式，设定一单一标准节点的管理模板，需要有计划目标与实际达成的比对，最好是有横道图显示,项目与任务管理,甘特图与排期可视化,,,,,,,,
enterprise,WPS项目管理企业版需求聚类分析.md,enterprise-00480,昆明市政工程设计研究院（集团）有限公司,收付款管理和项目进度跟踪,项目与任务管理,项目进度跟踪,,,,,,,,
enterprise,WPS项目管理企业版需求聚类分析.md,enterprise-00481,思思的企业,解决开发的客户及项目的分类管理，跟进及落地转换,研发与产品管理,研发项目管理,,,,,,,,
enterprise,WPS项目管理企业版需求聚类分析.md,enterprise-00482,馒头的企业,在电商领域，推进电商销售，人群，商品，费用，回款等一揽子计划进行过程管控使用,客户、销售与订单,商机与销售过程管理,,,,,,,,
enterprise,WPS项目管理企业版需求聚类分析.md,enterprise-00483,乡村建设服务中心,我部门项目多，各种类型都有，想通过软件有序管理项目进度,项目与任务管理,项目进度跟踪,,,,,,,,
enterprise,WPS项目管理企业版需求聚类分析.md,enterprise-00484,北京致壹科技有限公司,请帮我生成产业投资并购项目管理的计划进程模板，涵盖大节点含盖项目筛选(二级节点企业交流、)、项目立项、尽职调查(第三方机构选聘、尽职调查报告、审计报告、资产评估报告、项目可行性研究报告)、风险分析、项目评审、投资决策(党委会审议、总经理办公会审议、董事会审议、上级单位审批、国资委审批)；二级节点涵盖,协同办公与流程审批,审批流程管理,,,,,,,,
enterprise,WPS项目管理企业版需求聚类分析.md,enterprise-00485,豫K的企业,销售订单下单到交付跟进,客户、销售与订单,发货与交付跟踪,,,,,,,,
enterprise,WPS项目管理企业版需求聚类分析.md,enterprise-00486,Kate的企业,测试,无,无,,,,,,,,
enterprise,WPS项目管理企业版需求聚类分析.md,enterprise-00487,中科富海,项目多级计划跟踪,项目与任务管理,多项目组合管理,,,,,,,,
enterprise,WPS项目管理企业版需求聚类分析.md,enterprise-00488,东华图文 客服的企业,投标,财务、合同与结算,合同与招投标管理,,,,,,,,
enterprise,WPS项目管理企业版需求聚类分析.md,enterprise-00489,king的企业,业务流程，方便跟进进度和查看完成内容,客户、销售与订单,客户跟进管理,,,,,,,,
enterprise,WPS项目管理企业版需求聚类分析.md,enterprise-00490,不打擾的企业,售后部门任务分解及管理,服务、工单与运维,售后服务管理,,,,,,,,
enterprise,WPS项目管理企业版需求聚类分析.md,enterprise-00491,卟卟的企业,111,无,无,,,,,,,,
enterprise,WPS项目管理企业版需求聚类分析.md,enterprise-00492,肆颜的企业,可以整理项目的文件，及时更新发货内容等,项目与任务管理,项目进度跟踪,,,,,,,,
enterprise,WPS项目管理企业版需求聚类分析.md,enterprise-00493,原生态岛民的企业,项目，登记，分析，,项目与任务管理,项目台账管理,,,,,,,,
enterprise,WPS项目管理企业版需求聚类分析.md,enterprise-00494,wps的企业,广告公司项目较小，较多项目管理问题,项目与任务管理,多项目组合管理,,,,,,,,
enterprise,WPS项目管理企业版需求聚类分析.md,enterprise-00495,明的企业,售楼部楼盘的销控和台账,客户、销售与订单,商机与销售过程管理,,,,,,,,
enterprise,WPS项目管理企业版需求聚类分析.md,enterprise-00496,❄Small rain的企业,协同工作,协同办公与流程审批,协同办公,,,,,,,,
enterprise,WPS项目管理企业版需求聚类分析.md,enterprise-00497,河南天元新材料有限公司,化工车间改造，需要设计现有车间的位位置和承重，增加设备，安装，试生产等工作,生产与制造管理,车间任务管理,,,,,,,,
enterprise,WPS项目管理企业版需求聚类分析.md,enterprise-00498,kokoyan的企业,我需要一份对每个员工参与的培训进行统计的表格,人力与组织管理,培训与人才发展管理,,,,,,,,
enterprise,WPS项目管理企业版需求聚类分析.md,enterprise-00499,刘仕民的企业,做一个项目甘特图项目名称	开始日期	天数	结束日期,项目与任务管理,甘特图与排期可视化,,,,,,,,
enterprise,WPS项目管理企业版需求聚类分析.md,enterprise-00500,,合同签订	2026/4/15	1	2026/4/15,,,,,,,,,,
enterprise,WPS项目管理企业版需求聚类分析.md,enterprise-00501,,厂家生产及厂验	2026/4/16	35	2026/5/20,,,,,,,,,,
enterprise,WPS项目管理企业版需求聚类分析.md,enterprise-00502,,一层电池更换	2026/5/20	30	2026/6/18,,,,,,,,,,
enterprise,WPS项目管理企业版需求聚类分析.md,enterprise-00503,,二层电池更换	2026/6/18	30	2026/7/17,,,,,,,,,,
enterprise,WPS项目管理企业版需求聚类分析.md,enterprise-00504,,三层电池更换	2026/7/17	30	2026/8/15,,,,,,,,,,
enterprise,WPS项目管理企业版需求聚类分析.md,enterprise-00505,,四层电池更换	2026/8/15	30	2026/9/13,,,,,,,,,,
enterprise,WPS项目管理企业版需求聚类分析.md,enterprise-00506,,五层电池更换	2026/9/13	30	2026/10/12,,,,,,,,,,
enterprise,WPS项目管理企业版需求聚类分析.md,enterprise-00507,,六层电池更换	2026/10/12	30	2026/11/10,,,,,,,,,,
enterprise,WPS项目管理企业版需求聚类分析.md,enterprise-00508,精锐供应链,市场反馈问题，需要跟进处理进度 和处理结果,客户、销售与订单,客户跟进管理,,,,,,,,
enterprise,WPS项目管理企业版需求聚类分析.md,enterprise-00509,中山市宝利金电子有限公司,电源项目从开发到量产的全流程管控,研发与产品管理,研发阶段管理,,,,,,,,
enterprise,WPS项目管理企业版需求聚类分析.md,enterprise-00510,刘彦龙的企业,项目拓展期间，市场销售人员更新项目进展情况,客户、销售与订单,销售目标管理,,,,,,,,
enterprise,WPS项目管理企业版需求聚类分析.md,enterprise-00511,llll,测试,无,无,,,,,,,,
enterprise,WPS项目管理企业版需求聚类分析.md,enterprise-00512,Devil的企业,ERP,无,无,,,,,,,,
enterprise,WPS项目管理企业版需求聚类分析.md,enterprise-00513,贵州省盘州市群海雄峰基建劳务有限公司,项目管理记录分析,项目与任务管理,项目台账管理,,,,,,,,
enterprise,WPS项目管理企业版需求聚类分析.md,enterprise-00514,墨玉县奎牙镇中心小学,1,无,无,,,,,,,,
enterprise,WPS项目管理企业版需求聚类分析.md,enterprise-00515,数据信息化中心,数据核对运算,数据分析与经营看板,统计汇总,,,,,,,,
enterprise,WPS项目管理企业版需求聚类分析.md,enterprise-00516,海纳百川1404951031的企业,采购销售一条龙,客户、销售与订单,订单管理,,,,,,,,
enterprise,WPS项目管理企业版需求聚类分析.md,enterprise-00517,智能教室预约与状态发布系统,智慧教室预约与状态发布系统,协同办公与流程审批,待办与提醒管理,,,,,,,,
enterprise,WPS项目管理企业版需求聚类分析.md,enterprise-00518,上海中云数赢云计算科技有限公司总,吉林中泰房地产评估咨询有限责任公司产品需求，目前已经明确如上传表格，业务团队可填写数据为非黄数据，财务需要填写标黄数据。合同编号可以引用为共同使用的标签项，给业务团队和财务分别进行填写，如果可以实现在线编辑表格进行分别鉴权客户将会更加满意。前期需要完成数据整理鉴权，继续优化的完成项目为表格整体数据按照用户的需求进行时间维度，数据维度的展示bi。,数据分析与经营看板,多维分析,,,,,,,,
enterprise,WPS项目管理企业版需求聚类分析.md,enterprise-00519,王一芳的企业,医疗器械CDMO项目管理,研发与产品管理,技术文档管理,,,,,,,,
enterprise,WPS项目管理企业版需求聚类分析.md,enterprise-00520,极米智能设备,项目管理,项目与任务管理,项目台账管理,,,,,,,,
enterprise,WPS项目管理企业版需求聚类分析.md,enterprise-00521,毛文庆的企业,任务分配,项目与任务管理,任务分配与协同,,,,,,,,
enterprise,WPS项目管理企业版需求聚类分析.md,enterprise-00522,糊涂的企业,项目管理系统,项目与任务管理,项目台账管理,,,,,,,,
enterprise,WPS项目管理企业版需求聚类分析.md,enterprise-00523,陈冠羲的企业,蒸发结晶工程项目，从设计到现场安装到调试到验收全流程项目管理需求，进度+质量+成本管理,服务、工单与运维,安装与实施交付,,,,,,,,
enterprise,WPS项目管理企业版需求聚类分析.md,enterprise-00524,X L L的企业,建筑企业审批流程，项目上提交流程，项目经理审批后公司审批。,协同办公与流程审批,审批流程管理,,,,,,,,
enterprise,WPS项目管理企业版需求聚类分析.md,enterprise-00525,王宝银的企业,非标设备项目管理,生产与制造管理,非标制造管理,,,,,,,,
enterprise,WPS项目管理企业版需求聚类分析.md,enterprise-00526,荆门天地源土地评估勘测有限公司,项目管理,项目与任务管理,项目台账管理,,,,,,,,
enterprise,WPS项目管理企业版需求聚类分析.md,enterprise-00527,半亩方塘,项目管理,项目与任务管理,项目台账管理,,,,,,,,
enterprise,WPS项目管理企业版需求聚类分析.md,enterprise-00528,卡赫中国,开发需求项目管理，周期，进度管理,研发与产品管理,研发项目管理,,,,,,,,
enterprise,WPS项目管理企业版需求聚类分析.md,enterprise-00529,随遇而安的企业,资料倒排计划,协同办公与流程审批,文档与档案管理,,,,,,,,
enterprise,WPS项目管理企业版需求聚类分析.md,enterprise-00530,段先生的企业,项目进度管理,项目与任务管理,项目进度跟踪,,,,,,,,
enterprise,WPS项目管理企业版需求聚类分析.md,enterprise-00531,蛇口集装箱码头有限公司,系统开发项目管理,研发与产品管理,研发项目管理,,,,,,,,
enterprise,WPS项目管理企业版需求聚类分析.md,enterprise-00532,广州医药研究总院有限公司,1,无,无,,,,,,,,
enterprise,WPS项目管理企业版需求聚类分析.md,enterprise-00533,广州医药研究总院有限公司,1,无,无,,,,,,,,
enterprise,WPS项目管理企业版需求聚类分析.md,enterprise-00534,cheer加油,解决各个采购环节的顺序、材料清单和审批人要求,协同办公与流程审批,审批流程管理,,,,,,,,
enterprise,WPS项目管理企业版需求聚类分析.md,enterprise-00535,天行健的企业,小家电工厂出口海外产品SKU多，不同渠道业务有不同要求，多个工厂生产不用类别的产品的进度，项目管理需整合统计多个不同项目的进度和记录相关信息，需有进度预警和能方便统计全部项目进度。,数据分析与经营看板,异常预警分析,,,,,,,,
enterprise,WPS项目管理企业版需求聚类分析.md,enterprise-00536,潮州光伏,生成甘特图,项目与任务管理,甘特图与排期可视化,,,,,,,,
enterprise,WPS项目管理企业版需求聚类分析.md,enterprise-00537,阿岐✨的企业,拍卖项目管理,客户、销售与订单,询价与报价管理,,,,,,,,
enterprise,WPS项目管理企业版需求聚类分析.md,enterprise-00538,西湖时代招商部,喔不会吧,无,无,,,,,,,,
enterprise,WPS项目管理企业版需求聚类分析.md,enterprise-00539,临沭传阳甄选农副产品经营部(个体工商户),道法,无,无,,,,,,,,
enterprise,WPS项目管理企业版需求聚类分析.md,enterprise-00540,Kreavm的企业,paypal账号管理,财务、合同与结算,收付款与回款管理,,,,,,,,
enterprise,WPS项目管理企业版需求聚类分析.md,enterprise-00541,"求知若渴,虚心若愚的企业",品牌,研发与产品管理,产品开发管理,,,,,,,,
enterprise,WPS项目管理企业版需求聚类分析.md,enterprise-00542,工作的企业,工程进度计划,工程与施工管理,工程进度管理,,,,,,,,
enterprise,WPS项目管理企业版需求聚类分析.md,enterprise-00543,jqzhang,数据治理项目管理,数据分析与经营看板,数据治理与数据台账,,,,,,,,
enterprise,WPS项目管理企业版需求聚类分析.md,enterprise-00544,风樯阵马的企业,项目进场,项目与任务管理,项目复盘与总结,,,,,,,,
enterprise,WPS项目管理企业版需求聚类分析.md,enterprise-00545,樂在祺中的企业,工程,工程与施工管理,工程进度管理,,,,,,,,
enterprise,WPS项目管理企业版需求聚类分析.md,enterprise-00546,dolemi的企业,项目管理,项目与任务管理,项目台账管理,,,,,,,,
enterprise,WPS项目管理企业版需求聚类分析.md,enterprise-00547,重庆八菱项目开发,项目,无,无,,,,,,,,
enterprise,WPS项目管理企业版需求聚类分析.md,enterprise-00548,重庆八菱汽车配件有限责任公司,1,无,无,,,,,,,,
enterprise,WPS项目管理企业版需求聚类分析.md,enterprise-00549,思鹏生物科技(苏州)有限公司,科技项目申报项目管理,项目与任务管理,项目台账管理,,,,,,,,
enterprise,WPS项目管理企业版需求聚类分析.md,enterprise-00550,沈阳木景域设计咨询有限公司,设计项目进度管理 设计人员时间安排,项目与任务管理,项目进度跟踪,,,,,,,,
enterprise,WPS项目管理企业版需求聚类分析.md,enterprise-00551,周某人的企业,我看看这个系统怎么管理项目,项目与任务管理,项目进度跟踪,,,,,,,,
enterprise,WPS项目管理企业版需求聚类分析.md,enterprise-00552,凯的企业,计划,项目与任务管理,项目计划管理,,,,,,,,
enterprise,WPS项目管理企业版需求聚类分析.md,enterprise-00553,熊猫宝宝的企业,合同管理,财务、合同与结算,合同与招投标管理,,,,,,,,
enterprise,WPS项目管理企业版需求聚类分析.md,enterprise-00554,中国证券投资基金业协会测试,漏洞管理流程,质量、安全与合规,整改闭环管理,,,,,,,,
enterprise,WPS项目管理企业版需求聚类分析.md,enterprise-00555,演示公司,电商大促项目管理,客户、销售与订单,电商与门店运营,,,,,,,,
enterprise,WPS项目管理企业版需求聚类分析.md,enterprise-00556,DOCG,无,无,无,,,,,,,,
enterprise,WPS项目管理企业版需求聚类分析.md,enterprise-00557,xxDistancexx的企业,汽车零部件,无,无,,,,,,,,
enterprise,WPS项目管理企业版需求聚类分析.md,enterprise-00558,中铁特货物流股份有限公司,铁路汽车物流公司如何实现控制成本、驱动增长,供应链与仓储物流,物流运输与配送管理,,,,,,,,
enterprise,WPS项目管理企业版需求聚类分析.md,enterprise-00559,珠海大横琴资本有限公司,1,无,无,,,,,,,,
enterprise,WPS项目管理企业版需求聚类分析.md,enterprise-00560,Awaii的企业,考勤系统,人力与组织管理,考勤管理,,,,,,,,
enterprise,WPS项目管理企业版需求聚类分析.md,enterprise-00561,Rocky的企业,软件开发项目管理,研发与产品管理,研发项目管理,,,,,,,,
enterprise,WPS项目管理企业版需求聚类分析.md,enterprise-00562,林文荣电子商务,我是做跨境电商的,无,无,,,,,,,,
enterprise,WPS项目管理企业版需求聚类分析.md,enterprise-00563,睡呀睡呀 睡不着 的企业,业绩跟进,客户、销售与订单,销售目标管理,,,,,,,,
enterprise,WPS项目管理企业版需求聚类分析.md,enterprise-00564,工程管理组,工程项目管理,工程与施工管理,工程进度管理,,,,,,,,
enterprise,WPS项目管理企业版需求聚类分析.md,enterprise-00565,11111去去去去,计划,项目与任务管理,项目计划管理,,,,,,,,
enterprise,WPS项目管理企业版需求聚类分析.md,enterprise-00566,HOMEDE VN,工作项目,生产与制造管理,车间任务管理,,,,,,,,
enterprise,WPS项目管理企业版需求聚类分析.md,enterprise-00567,jeff的企业,工程应用,工程与施工管理,工程进度管理,,,,,,,,
enterprise,WPS项目管理企业版需求聚类分析.md,enterprise-00568,中云智能科技(广州)有限公司,承接企业科技项目，外委科技研发,研发与产品管理,研发项目管理,,,,,,,,
enterprise,WPS项目管理企业版需求聚类分析.md,enterprise-00569,百度经验粉丝的企业,11,无,无,,,,,,,,
enterprise,WPS项目管理企业版需求聚类分析.md,enterprise-00570,CJTY-OPEN,111,无,无,,,,,,,,
enterprise,WPS项目管理企业版需求聚类分析.md,enterprise-00571,文化和旅游部信息中心,项目进度及款项信息,项目与任务管理,项目进度跟踪,,,,,,,,
enterprise,WPS项目管理企业版需求聚类分析.md,enterprise-00572,客栈里的金毛的企业,作为医院后勤部门负责人，希望做好所辖同事的业务分派和追踪管理,服务、工单与运维,客服工单管理,,,,,,,,
enterprise,WPS项目管理企业版需求聚类分析.md,enterprise-00573,广东君盛建筑装饰工程有限公司,酒店装饰装修,工程与施工管理,装修装饰项目管理,,,,,,,,
enterprise,WPS项目管理企业版需求聚类分析.md,enterprise-00574,晓秋的企业,项目收入、成本、费用归集,财务、合同与结算,成本核算管理,,,,,,,,
enterprise,WPS项目管理企业版需求聚类分析.md,enterprise-00575,YUCI的企业,电动垂直起降场从产品设计到需求分析到实施落地的项目管理计划表,数据分析与经营看板,多维分析,,,,,,,,
enterprise,WPS项目管理企业版需求聚类分析.md,enterprise-00576,在手合同,梳理在手合同进度合同额 已完成合同额 成本 有无外委情况 合同类型是否为框架合同 合同期限 有效产出 合同负责人 合同业务员 合同号情况标注 异常标注 超期提醒等，主要需要合同号、集团合同号、用户单位名称、合同产品型号 业务员 金额 等,财务、合同与结算,合同与招投标管理,,,,,,,,
enterprise,WPS项目管理企业版需求聚类分析.md,enterprise-00577,A-态度致胜源动力的企业,项目进度的计划、任务分解、进度追踪、实时反馈等问题,项目与任务管理,项目进度跟踪,,,,,,,,
enterprise,WPS项目管理企业版需求聚类分析.md,enterprise-00578,景洪勐泰鉴筑室内设计工作室,跟踪项目进度 提醒全部项目待办事项,项目与任务管理,项目进度跟踪,,,,,,,,
enterprise,WPS项目管理企业版需求聚类分析.md,enterprise-00579,美楽的企业,项目进度计划,项目与任务管理,项目进度跟踪,,,,,,,,
enterprise,WPS项目管理企业版需求聚类分析.md,enterprise-00580,成都加贝噜科技有限公司,电商运营内部管理,客户、销售与订单,电商与门店运营,,,,,,,,
enterprise,WPS项目管理企业版需求聚类分析.md,enterprise-00581,史妍妍的工作,各个项目经理只能在总表看到自己的项目,项目与任务管理,项目台账管理,,,,,,,,
enterprise,WPS项目管理企业版需求聚类分析.md,enterprise-00582,河南林茂电气设备有限公司,生产管理细化、流程化和增加团队协同性,生产与制造管理,生产交付协同,,,,,,,,
enterprise,WPS项目管理企业版需求聚类分析.md,enterprise-00583,常州市疾病预防控制中心,大型软件开发,研发与产品管理,研发项目管理,,,,,,,,
enterprise,WPS项目管理企业版需求聚类分析.md,enterprise-00584,李宁的企业,汽车零部件产品设计开发项目管理,研发与产品管理,产品开发管理,,,,,,,,
enterprise,WPS项目管理企业版需求聚类分析.md,enterprise-00585,卓高泰嘉兴的企业,研发项目不是所有的都是全流程,研发与产品管理,研发项目管理,,,,,,,,
enterprise,WPS项目管理企业版需求聚类分析.md,enterprise-00586,木易杨的企业,建设工程管理,工程与施工管理,工程进度管理,,,,,,,,
enterprise,WPS项目管理企业版需求聚类分析.md,enterprise-00587,柳军猛的企业,海外项目矿山、道路、桩基、挖机、装载机、起重机等机械项目管理,工程与施工管理,工程进度管理,,,,,,,,
enterprise,WPS项目管理企业版需求聚类分析.md,enterprise-00588,WorkCloud,数据中台项目管理，包含咨询与实施,项目与任务管理,项目台账管理,,,,,,,,
enterprise,WPS项目管理企业版需求聚类分析.md,enterprise-00589,囍欢的企业,半导体自动化设备研发样机到批量生产，产品从0到1,研发与产品管理,打样与试制管理,,,,,,,,
enterprise,WPS项目管理企业版需求聚类分析.md,enterprise-00590,孤烟无寻的企业,11111111111111111111111111111111111,无,无,,,,,,,,
enterprise,WPS项目管理企业版需求聚类分析.md,enterprise-00591,孤烟无寻的企业,推出,无,无,,,,,,,,
enterprise,WPS项目管理企业版需求聚类分析.md,enterprise-00592,产品监测中心,场景化,项目与任务管理,甘特图与排期可视化,,,,,,,,
enterprise,WPS项目管理企业版需求聚类分析.md,enterprise-00593,北京起重运输机械设计研究院有限公司,项目数据全生命周期管理,数据分析与经营看板,数据治理与数据台账,,,,,,,,
enterprise,WPS项目管理企业版需求聚类分析.md,enterprise-00594,一只特立独行的猫的企业,建筑施工企业,工程与施工管理,工程进度管理,,,,,,,,
enterprise,WPS项目管理企业版需求聚类分析.md,enterprise-00595,湖北恒汇嘉宇人力资源有限公司,我是做保安物业行业,财务、合同与结算,收付款与回款管理,,,,,,,,
enterprise,WPS项目管理企业版需求聚类分析.md,enterprise-00596,,我想解决多维度表格，项目管理，人员信息管理，物资管理，房租水电管理，工资管理，财务预算，财务明细，收款结算，项目定期检查抽查管理，公司内部10人。有财务部，商务部，人事部，行政物资部，下属管理项目的4个项目经理,,,,,,,,,,
enterprise,WPS项目管理企业版需求聚类分析.md,enterprise-00597,东莞市厚街镇宝屯宝塘厦股份经济合作社,帮我管理和跟进零星工程，跟踪项目报价、立项、实施、结算等全流程进度,研发与产品管理,研发项目管理,,,,,,,,
enterprise,WPS项目管理企业版需求聚类分析.md,enterprise-00598,吴梦的企业,跟踪项目进度,项目与任务管理,项目进度跟踪,,,,,,,,
enterprise,WPS项目管理企业版需求聚类分析.md,enterprise-00599,无锡清诺环境工程有限公司,我们是建筑工程，主要进行环保工程施工,工程与施工管理,工程进度管理,,,,,,,,
enterprise,WPS项目管理企业版需求聚类分析.md,enterprise-00600,WPS_1602145895的企业,四川富士,无,无,,,,,,,,
enterprise,WPS项目管理企业版需求聚类分析.md,enterprise-00601,成都东方正火文化传媒有限公司,工程改造项目管理,工程与施工管理,工程进度管理,,,,,,,,
enterprise,WPS项目管理企业版需求聚类分析.md,enterprise-00602,张龙-武汉,销售目标跟进,客户、销售与订单,销售目标管理,,,,,,,,
enterprise,WPS项目管理企业版需求聚类分析.md,enterprise-00603,LNHZ,试用,无,无,,,,,,,,
enterprise,WPS项目管理企业版需求聚类分析.md,enterprise-00604,崧野雪山观景酒店,进度,无,无,,,,,,,,
enterprise,WPS项目管理企业版需求聚类分析.md,enterprise-00605,襄阳东昇机械有限公司,1,无,无,,,,,,,,
enterprise,WPS项目管理企业版需求聚类分析.md,enterprise-00606,心跳70转的企业,工作流程,生产与制造管理,车间任务管理,,,,,,,,
enterprise,WPS项目管理企业版需求聚类分析.md,enterprise-00607,WPS_1479925115的企业,建筑装修项目成本，支付，收入，管理账目,财务、合同与结算,成本核算管理,,,,,,,,
enterprise,WPS项目管理企业版需求聚类分析.md,enterprise-00608,汪总团队,跟催出货,无,无,,,,,,,,
enterprise,WPS项目管理企业版需求聚类分析.md,enterprise-00609,WPS_1773066275的企业,户用光伏管理,生产与制造管理,车间任务管理,,,,,,,,
enterprise,WPS项目管理企业版需求聚类分析.md,enterprise-00610,莆田城厢尚信均贸易有限公司,电商,客户、销售与订单,电商与门店运营,,,,,,,,
enterprise,WPS项目管理企业版需求聚类分析.md,enterprise-00611,南阳金辰建筑工程有限公司,工程施工项目,工程与施工管理,工程进度管理,,,,,,,,
enterprise,WPS项目管理企业版需求聚类分析.md,enterprise-00612,薛成浩的企业,生产计划,生产与制造管理,生产计划管理,,,,,,,,
enterprise,WPS项目管理企业版需求聚类分析.md,enterprise-00613,张旭的企业,生成甘特图,项目与任务管理,甘特图与排期可视化,,,,,,,,
enterprise,WPS项目管理企业版需求聚类分析.md,enterprise-00614,苏州片儿影视传媒有限公司,没有,无,无,,,,,,,,
enterprise,WPS项目管理企业版需求聚类分析.md,enterprise-00615,Rainbow的企业,正常信息化项目。,项目与任务管理,甘特图与排期可视化,,,,,,,,
enterprise,WPS项目管理企业版需求聚类分析.md,enterprise-00616,空山的企业,系统集成项目管理,项目与任务管理,多项目组合管理,,,,,,,,
enterprise,WPS项目管理企业版需求聚类分析.md,enterprise-00617,闫龙的企业,项目管理,项目与任务管理,项目台账管理,,,,,,,,
enterprise,WPS项目管理企业版需求聚类分析.md,enterprise-00618,乌托邦心碎1397123183的企业,外贸订单项目管理，生产货期过程监控，单证过程，货运过程，收汇过程，从时间和内容两个维度，并有奖惩机制,数据分析与经营看板,可视化看板,,,,,,,,
enterprise,WPS项目管理企业版需求聚类分析.md,enterprise-00619,额敏旭峰物业服务有限公司,物业公司客服主管工作,协同办公与流程审批,行政事务管理,,,,,,,,
enterprise,WPS项目管理企业版需求聚类分析.md,enterprise-00620,师庆彪的企业,项目实施计划,项目与任务管理,项目计划管理,,,,,,,,
enterprise,WPS项目管理企业版需求聚类分析.md,enterprise-00621,八年级巡查,我需要一个可以大家在线填写，并自动统计结果的表格，当有某项更新时还可以同过微信提醒对应负责人（不是填写人）,数据分析与经营看板,统计汇总,,,,,,,,
enterprise,WPS项目管理企业版需求聚类分析.md,enterprise-00622,四川国际博览集团有限公司,中国西部国际博览会是国家机制性展会，由四川国际博览集团执行，请帮助生成该会展项目从前期分工、招商组展、协议签订、现场管理、账款收取、以及后期客户回访等一条龙的管理模板。,客户、销售与订单,电商与门店运营,,,,,,,,
enterprise,WPS项目管理企业版需求聚类分析.md,enterprise-00623,上海育享信息科技有限公司,不用了,无,无,,,,,,,,
enterprise,WPS项目管理企业版需求聚类分析.md,enterprise-00624,浏阳掌中勺食品有限公司,销售端与生产端的沟通链接问题，因为我们是产销分离，核算分离,生产与制造管理,生产交付协同,,,,,,,,
enterprise,WPS项目管理企业版需求聚类分析.md,enterprise-00625,四川富士电机有限公司,雨刮器制造企业 技术发展部 研发设计有很多新项目 需要专门的项目管理软件做信息支持,研发与产品管理,研发项目管理,,,,,,,,
enterprise,WPS项目管理企业版需求聚类分析.md,enterprise-00626,曲阜信多达智能科技有限公司,精益管理项目落地,研发与产品管理,研发项目管理,,,,,,,,
enterprise,WPS项目管理企业版需求聚类分析.md,enterprise-00627,用友网络科技股份有限公司鄂西分公司(未认证),1,无,无,,,,,,,,
enterprise,WPS项目管理企业版需求聚类分析.md,enterprise-00628,TL的企业,测试问题清单,质量、安全与合规,质量检查与检验,,,,,,,,
enterprise,WPS项目管理企业版需求聚类分析.md,enterprise-00629,三江网信,系统集成,协同办公与流程审批,流程标准化与SOP,,,,,,,,
enterprise,WPS项目管理企业版需求聚类分析.md,enterprise-00630,薛的企业,项目进度计划,项目与任务管理,项目进度跟踪,,,,,,,,
enterprise,WPS项目管理企业版需求聚类分析.md,enterprise-00631,Chivalry.的企业,考研教培服务,人力与组织管理,培训与人才发展管理,,,,,,,,
enterprise,WPS项目管理企业版需求聚类分析.md,enterprise-00632,石家庄轴设机电设备有限公司,采购  生产,生产与制造管理,生产交付协同,,,,,,,,
enterprise,WPS项目管理企业版需求聚类分析.md,enterprise-00633,WPS_1528027887的企业,装修进度管理,工程与施工管理,装修装饰项目管理,,,,,,,,
enterprise,WPS项目管理企业版需求聚类分析.md,enterprise-00634,雨霏雨殇的企业,水利工程项目管理,工程与施工管理,基建与市政项目管理,,,,,,,,
enterprise,WPS项目管理企业版需求聚类分析.md,enterprise-00635,广东瀛丰建设工程有限公司,本公司主营市政养护以及土建工程,工程与施工管理,基建与市政项目管理,,,,,,,,
enterprise,WPS项目管理企业版需求聚类分析.md,enterprise-00636,李柳村的企业,小团队内部的任务协作，大家可以共享任务清单，通过工具来同步任务进度，降低沟通成本,协同办公与流程审批,协同办公,,,,,,,,
enterprise,WPS项目管理企业版需求聚类分析.md,enterprise-00637,富强的企业,项目台账,项目与任务管理,项目台账管理,,,,,,,,
enterprise,WPS项目管理企业版需求聚类分析.md,enterprise-00638,潮州市潮安区华光鞋业有限公司,规划一个表格自动分类 把每个月份数量细节和一整年的总计,数据分析与经营看板,统计汇总,,,,,,,,
enterprise,WPS项目管理企业版需求聚类分析.md,enterprise-00639,LayZ的企业,公司是有机硅业务，售卖硅油，新一年设定5个山头项目，每个系列都有销售额或量的目标，建立项目进度及推进项目的模板,项目与任务管理,项目进度跟踪,,,,,,,,
enterprise,WPS项目管理企业版需求聚类分析.md,enterprise-00640,明天的企业,整合项目,项目与任务管理,任务分配与协同,,,,,,,,
enterprise,WPS项目管理企业版需求聚类分析.md,enterprise-00641,touchnet,项目管理,项目与任务管理,项目台账管理,,,,,,,,
enterprise,WPS项目管理企业版需求聚类分析.md,enterprise-00642,机械加工的企业,现场问题管理整改,质量、安全与合规,整改闭环管理,,,,,,,,
enterprise,WPS项目管理企业版需求聚类分析.md,enterprise-00643,江苏金思维软件有限公司,智能工厂,生产与制造管理,装配与调试管理,,,,,,,,
enterprise,WPS项目管理企业版需求聚类分析.md,enterprise-00644,项目管理,项目进度执行和落地,项目与任务管理,项目进度跟踪,,,,,,,,
enterprise,WPS项目管理企业版需求聚类分析.md,enterprise-00645,饭盒杜的企业,整个项目执行过程中的各类资料和计划方案等,项目与任务管理,项目计划管理,,,,,,,,
enterprise,WPS项目管理企业版需求聚类分析.md,enterprise-00646,普安县青山镇青山小学,帮我生成一个教学办公模板,协同办公与流程审批,文档与档案管理,,,,,,,,
enterprise,WPS项目管理企业版需求聚类分析.md,enterprise-00647,时锡林 抬头可见的企业,工程进度,工程与施工管理,工程进度管理,,,,,,,,
enterprise,WPS项目管理企业版需求聚类分析.md,enterprise-00648,科路驰&跃东&聚合,项目管理备案,项目与任务管理,项目台账管理,,,,,,,,
enterprise,WPS项目管理企业版需求聚类分析.md,enterprise-00649,常州申度水处理技术有限公司,项目管理涵盖客户信息、发货、开票及跟踪,客户、销售与订单,发货与交付跟踪,,,,,,,,
enterprise,WPS项目管理企业版需求聚类分析.md,enterprise-00650,hui的企业,建一个项目管理进度表、项目跟踪节点表、所有项目管理的表,项目与任务管理,项目计划管理,,,,,,,,
enterprise,WPS项目管理企业版需求聚类分析.md,enterprise-00651,刘宏伟的企业,我是工程行业从业者，想从工程项目管理，项目团队管理方面入手,研发与产品管理,研发项目管理,,,,,,,,
enterprise,WPS项目管理企业版需求聚类分析.md,enterprise-00652,蓝天创新,客户跟进及项目管理,客户、销售与订单,客户跟进管理,,,,,,,,
enterprise,WPS项目管理企业版需求聚类分析.md,enterprise-00653,牛牛婷的企业,家装行业核算全流程,生产与制造管理,车间任务管理,,,,,,,,
enterprise,WPS项目管理企业版需求聚类分析.md,enterprise-00654,。。。。。的企业,记录工作日志，管理项目进度,项目与任务管理,项目进度跟踪,,,,,,,,
enterprise,WPS项目管理企业版需求聚类分析.md,enterprise-00655,安&amp;静的企业,工程项目管理台账,项目与任务管理,项目台账管理,,,,,,,,
enterprise,WPS项目管理企业版需求聚类分析.md,enterprise-00656,秋天的企业,工程项目现场管理,工程与施工管理,施工现场管理,,,,,,,,
enterprise,WPS项目管理企业版需求聚类分析.md,enterprise-00657,杭州奇际科技有限公司,施工日志,工程与施工管理,工程进度管理,,,,,,,,
enterprise,WPS项目管理企业版需求聚类分析.md,enterprise-00658,Armstrong~I&#39;m strong的企业,污水处理厂设备巡检发现异常工单自动统计并分析由运营人员处理还是维修人员处理，随后自动派发处理工单,服务、工单与运维,巡检管理,,,,,,,,
enterprise,WPS项目管理企业版需求聚类分析.md,enterprise-00659,搬砖人的魂,市政工程管理,工程与施工管理,基建与市政项目管理,,,,,,,,
enterprise,WPS项目管理企业版需求聚类分析.md,enterprise-00660,深圳市深汕特别合作区城市综合服务（集团）有限公司,招商引资,财务、合同与结算,利润与经营分析,,,,,,,,
enterprise,WPS项目管理企业版需求聚类分析.md,enterprise-00661,项目交付中心,集成化项目交付管理,服务、工单与运维,安装与实施交付,,,,,,,,
enterprise,WPS项目管理企业版需求聚类分析.md,enterprise-00662,A0.0子熙的企业,1. 入库/出库/调拨单的子表单中，输入物料编码后，自动带出该物料对应的名称、规格型号、单位、默认库位、备注等所有物料信息，无需手动输入,供应链与仓储物流,出入库与调拨管理,,,,,,,,
enterprise,WPS项目管理企业版需求聚类分析.md,enterprise-00663,,2. 入库单子表单输入入库数量后，自动填充当前系统时间为该条物料的入库时间，支持手动修改,,,,,,,,,,
enterprise,WPS项目管理企业版需求聚类分析.md,enterprise-00664,,3. 出库单子表单输入出库数量后，自动填充当前系统时间为该条物料的出库时间，支持手动修改,,,,,,,,,,
enterprise,WPS项目管理企业版需求聚类分析.md,enterprise-00665,,4. 所有列表支持按库位编号/名称精准检索，检索结果展示该库位下所有物料的库存、批次明细,,,,,,,,,,
enterprise,WPS项目管理企业版需求聚类分析.md,enterprise-00666,,5. 物料搜索时，实时汇总该物料的总库存数量，同时展示该物料在各个仓库、库位的库存分布明细,,,,,,,,,,
enterprise,WPS项目管理企业版需求聚类分析.md,enterprise-00667,,6. 所有子表单支持按物料编码自动汇总该物料的当前在库总数量、各库位分布数量，实时更新,,,,,,,,,,
enterprise,WPS项目管理企业版需求聚类分析.md,enterprise-00668,,7. 库存列表中，物料编码对应库位的库存数量为0的记录，自动标红并置顶展示,,,,,,,,,,
enterprise,WPS项目管理企业版需求聚类分析.md,enterprise-00669,,8. 出入库/调拨等单据的子表单中，选中的库位对应物料库存为0时，自动标红提示,,,,,,,,,,
enterprise,WPS项目管理企业版需求聚类分析.md,enterprise-00670,,9. 入库时自动生成全局唯一批次号，固定格式为「RK+8位年月日+3位流水号」，例：RK20260303001，同一天内的入库流水号依次递增,,,,,,,,,,
enterprise,WPS项目管理企业版需求聚类分析.md,enterprise-00671,,10. 出库搜索页面，选中物料后，自动按批次号的入库时间正序排列（先进先出），同时列出每个批次对应的库位、可用库存,,,,,,,,,,
enterprise,WPS项目管理企业版需求聚类分析.md,enterprise-00672,薛锦荣的企业,我是作财税+经营管理+商业咨询的企业，需要作以中高端客户为项目中心的开发+商务+合同+实施+验收+交付的全过程项目管理，汇总+分项+进度+内容+里程碑+分工+时间管理+汇报+分析全链路过程管理,数据分析与经营看板,多维分析,,,,,,,,
enterprise,WPS项目管理企业版需求聚类分析.md,enterprise-00673,南京珀菲特医药科技有限公司,项目管理 进度统计,研发与产品管理,研发项目管理,,,,,,,,
enterprise,WPS项目管理企业版需求聚类分析.md,enterprise-00674,海娇的企业,项目管理,项目与任务管理,项目台账管理,,,,,,,,
enterprise,WPS项目管理企业版需求聚类分析.md,enterprise-00675,即将注销，请备份数据,ICT项目交付,服务、工单与运维,安装与实施交付,,,,,,,,
enterprise,WPS项目管理企业版需求聚类分析.md,enterprise-00676,Wayne的项目管理,联捷锂电池灭火，客户为储能、集中式电动自行车车棚、地库新能源充停场所，现在需要对这些客户做项目跟踪,人力与组织管理,考勤管理,,,,,,,,
enterprise,WPS项目管理企业版需求聚类分析.md,enterprise-00677,LEO的企业,生产订单管理,生产与制造管理,排产管理,,,,,,,,
enterprise,WPS项目管理企业版需求聚类分析.md,enterprise-00678,新密古城项目,从业人员进场系统性安全教育，包含建档、培训、考核、案例警示等,质量、安全与合规,安全管理,,,,,,,,
enterprise,WPS项目管理企业版需求聚类分析.md,enterprise-00679,WPS_1756339000的企业,根据原有工作簿，生成甘特图,项目与任务管理,甘特图与排期可视化,,,,,,,,
enterprise,WPS项目管理企业版需求聚类分析.md,enterprise-00680,饶创信息,服务行业项目进度管理,项目与任务管理,项目进度跟踪,,,,,,,,
enterprise,WPS项目管理企业版需求聚类分析.md,enterprise-00681,集彩社-,无,无,无,,,,,,,,
enterprise,WPS项目管理企业版需求聚类分析.md,enterprise-00682,谢泾源-谢勇,11,无,无,,,,,,,,
enterprise,WPS项目管理企业版需求聚类分析.md,enterprise-00683,生产与项目管理部,项目进度、人力机械资源收集、问题协调事项,项目与任务管理,项目进度跟踪,,,,,,,,
enterprise,WPS项目管理企业版需求聚类分析.md,enterprise-00684,谢勇-细胞,无,无,无,,,,,,,,
enterprise,WPS项目管理企业版需求聚类分析.md,enterprise-00685,厦门联达兴技术有限公司,研发项目管理,研发与产品管理,研发项目管理,,,,,,,,
enterprise,WPS项目管理企业版需求聚类分析.md,enterprise-00686,景涵的企业,工程施工,工程与施工管理,工程进度管理,,,,,,,,
enterprise,WPS项目管理企业版需求聚类分析.md,enterprise-00687,西咸新区融媒体中心,我是西咸新区融媒体中心负责人，我的同事都是项目营销和传播方面的责任人，我心在需要为他们形成一个项目管理模式来管理他们。,项目与任务管理,任务分配与协同,,,,,,,,
enterprise,WPS项目管理企业版需求聚类分析.md,enterprise-00688,陈元钊的企业,我们每月有大几十个工程项目，主要做产品的温度试验、振动试验等，我想要进度每天进度管理,研发与产品管理,打样与试制管理,,,,,,,,
enterprise,WPS项目管理企业版需求聚类分析.md,enterprise-00689,小小箱包(义乌)有限公司,箱包行业30个人工厂,供应链与仓储物流,出入库与调拨管理,,,,,,,,
enterprise,WPS项目管理企业版需求聚类分析.md,enterprise-00690,Kevin的合同管理平台,国际五星级酒店筹开项目 IT部门,项目与任务管理,项目计划管理,,,,,,,,
enterprise,WPS项目管理企业版需求聚类分析.md,enterprise-00691,日照荣光建筑工程有限公司,合同清单变更调价,财务、合同与结算,合同与招投标管理,,,,,,,,
enterprise,WPS项目管理企业版需求聚类分析.md,enterprise-00692,王若程的企业,施工项目管理,工程与施工管理,工程进度管理,,,,,,,,
enterprise,WPS项目管理企业版需求聚类分析.md,enterprise-00693,邵test,测试,无,无,,,,,,,,
enterprise,WPS项目管理企业版需求聚类分析.md,enterprise-00694,张键的企业,问题清单管理,协同办公与流程审批,待办与提醒管理,,,,,,,,
enterprise,WPS项目管理企业版需求聚类分析.md,enterprise-00695,静    心,的企业,工程管理,工程与施工管理,,,,,,,,
enterprise,WPS项目管理企业版需求聚类分析.md,enterprise-00696,上海远创建筑劳务有限公司,让人,无,无,,,,,,,,
enterprise,WPS项目管理企业版需求聚类分析.md,enterprise-00697,1620 Mua~的企业,PCB线路板工厂  生产计划,生产与制造管理,生产交付协同,,,,,,,,
enterprise,WPS项目管理企业版需求聚类分析.md,enterprise-00698,深圳中青华泰科技有限公司,帮忙生成一个客户产品项目开发进度管理模板及开发费用报价得明显,研发与产品管理,研发项目管理,,,,,,,,
enterprise,WPS项目管理企业版需求聚类分析.md,enterprise-00699,北京焱辉电力工程有限公司,西柏坡四期脱硫EPC工程,无,无,,,,,,,,
enterprise,WPS项目管理企业版需求聚类分析.md,enterprise-00700,重庆市沙坪坝区市政工程处,项目流程管理及资金管理,项目与任务管理,项目计划管理,,,,,,,,
enterprise,WPS项目管理企业版需求聚类分析.md,enterprise-00701,工程设计-金山13885763606的企业,光伏风光电方仓工厂一体化红托竹荪种植示范基地,无,无,,,,,,,,
enterprise,WPS项目管理企业版需求聚类分析.md,enterprise-00702,何艳的家,试产业务跟进,客户、销售与订单,客户跟进管理,,,,,,,,
enterprise,WPS项目管理企业版需求聚类分析.md,enterprise-00703,宁波豪美家政服务有限公司,家政公司年度计划,财务、合同与结算,预算管理,,,,,,,,
enterprise,WPS项目管理企业版需求聚类分析.md,enterprise-00704,唯尔睿---,五金汽车零配件项目管理,研发与产品管理,技术文档管理,,,,,,,,
enterprise,WPS项目管理企业版需求聚类分析.md,enterprise-00705,湖南卓能苗木种植专业合作社,项目管理,项目与任务管理,项目台账管理,,,,,,,,
enterprise,WPS项目管理企业版需求聚类分析.md,enterprise-00706,凤城市矿冶齿轮有限责任公司,机械加工工厂,生产与制造管理,工序流转管理,,,,,,,,
enterprise,WPS项目管理企业版需求聚类分析.md,enterprise-00707,,订单台账,,,,,,,,,,
enterprise,WPS项目管理企业版需求聚类分析.md,enterprise-00708,,工艺路线,,,,,,,,,,
enterprise,WPS项目管理企业版需求聚类分析.md,enterprise-00709,,工时定额,,,,,,,,,,
enterprise,WPS项目管理企业版需求聚类分析.md,enterprise-00710,小疯的企业,拆迁办工作人员统计各种手续收取的情况 签约情况 待办事项,人力与组织管理,工时与人员负荷管理,,,,,,,,
enterprise,WPS项目管理企业版需求聚类分析.md,enterprise-00711,流溪风枢,电子竞技产业,客户、销售与订单,电商与门店运营,,,,,,,,
enterprise,WPS项目管理企业版需求聚类分析.md,enterprise-00712,武汉苞谷地文化科技有限公司,制作一个AI短剧的执行模板,项目与任务管理,甘特图与排期可视化,,,,,,,,
enterprise,WPS项目管理企业版需求聚类分析.md,enterprise-00713,陈晓的企业,帮我做一份2026年灯具产品规划，包含室内和户外灯具，并加入智能化的生态场景体验。,项目与任务管理,甘特图与排期可视化,,,,,,,,
enterprise,WPS项目管理企业版需求聚类分析.md,enterprise-00714,御龙名品!的企业,个人各,无,无,,,,,,,,
enterprise,WPS项目管理企业版需求聚类分析.md,enterprise-00715,杨洋的企业,工程项目全过程管理,工程与施工管理,工程进度管理,,,,,,,,
enterprise,WPS项目管理企业版需求聚类分析.md,enterprise-00716,内蒙古创美化工机械有限公司,生产任务工期统计,生产与制造管理,车间任务管理,,,,,,,,
enterprise,WPS项目管理企业版需求聚类分析.md,enterprise-00717,德顺的企业,项目开发,研发与产品管理,研发项目管理,,,,,,,,
enterprise,WPS项目管理企业版需求聚类分析.md,enterprise-00718,风子的企业,项目进度管理,项目与任务管理,项目进度跟踪,,,,,,,,
enterprise,WPS项目管理企业版需求聚类分析.md,enterprise-00719,崔崔的企业,进度管控、风险预警、交期跟进,数据分析与经营看板,异常预警分析,,,,,,,,
enterprise,WPS项目管理企业版需求聚类分析.md,enterprise-00720,雄鹰的企业,绩效考核,人力与组织管理,绩效与提成管理,,,,,,,,
enterprise,WPS项目管理企业版需求聚类分析.md,enterprise-00721,Nick的企业,弱电施工现场管理,工程与施工管理,施工现场管理,,,,,,,,
enterprise,WPS项目管理企业版需求聚类分析.md,enterprise-00722,Mr.阿的企业,光伏支架，组件安装班组,工程与施工管理,分包与班组管理,,,,,,,,
enterprise,WPS项目管理企业版需求聚类分析.md,enterprise-00723,恩施州天盛机电工程有限公司,电梯维保,无,无,,,,,,,,
enterprise,WPS项目管理企业版需求聚类分析.md,enterprise-00724,重庆能特岩土工程有限公司,等等,无,无,,,,,,,,
enterprise,WPS项目管理企业版需求聚类分析.md,enterprise-00725,浙江尚工建设有限公司,工程,工程与施工管理,工程进度管理,,,,,,,,
enterprise,WPS项目管理企业版需求聚类分析.md,enterprise-00726,义乌轩之新服饰有限公司,2,无,无,,,,,,,,
enterprise,WPS项目管理企业版需求聚类分析.md,enterprise-00727,四川畅乐洲网络科技有限公司,·,无,无,,,,,,,,
enterprise,WPS项目管理企业版需求聚类分析.md,enterprise-00728,皮姆科技,APQP产品先期策划,研发与产品管理,研发阶段管理,,,,,,,,
enterprise,WPS项目管理企业版需求聚类分析.md,enterprise-00729,绝路   的企业,项目生产,生产与制造管理,生产交付协同,,,,,,,,
enterprise,WPS项目管理企业版需求聚类分析.md,enterprise-00730,WPS_1743265808的企业,家装过程中的项目管理，包括成本核算等,财务、合同与结算,成本核算管理,,,,,,,,
enterprise,WPS项目管理企业版需求聚类分析.md,enterprise-00731,广州逆行者科技有限公司,流程,协同办公与流程审批,流程标准化与SOP,,,,,,,,
enterprise,WPS项目管理企业版需求聚类分析.md,enterprise-00732,Hi的企业,请把这份文档转换为流程工具，当我输入事项名称时可以自动分析类别并启动后续流程通知相关人员参加会议。,协同办公与流程审批,会议与纪要管理,,,,,,,,
enterprise,WPS项目管理企业版需求聚类分析.md,enterprise-00733,四川清风徐来科技,财务转账,财务、合同与结算,收付款与回款管理,,,,,,,,
enterprise,WPS项目管理企业版需求聚类分析.md,enterprise-00734,黄梓坤的企业,装饰工程，资金，采购，供应商，材料,供应链与仓储物流,物料采购管理,,,,,,,,
enterprise,WPS项目管理企业版需求聚类分析.md,enterprise-00735,花剌子模的信使的企业,按照我的模板生成wps的管理模板,研发与产品管理,研发阶段管理,,,,,,,,
enterprise,WPS项目管理企业版需求聚类分析.md,enterprise-00736,宾欣的企业,项目管理,项目与任务管理,项目台账管理,,,,,,,,
enterprise,WPS项目管理企业版需求聚类分析.md,enterprise-00737,沧州远华线缆有限公司,我是电线厂，需要解决生产排单和原料出入关联,生产与制造管理,排产管理,,,,,,,,
enterprise,WPS项目管理企业版需求聚类分析.md,enterprise-00738,天津友发钢管集团销售有限公司,备品备件管理系统建设计划,工程与施工管理,工程进度管理,,,,,,,,
enterprise,WPS项目管理企业版需求聚类分析.md,enterprise-00739,易琴文化,计划1,项目与任务管理,项目计划管理,,,,,,,,
enterprise,WPS项目管理企业版需求聚类分析.md,enterprise-00740,广东首镭激光科技有限公司,项目管理,项目与任务管理,项目台账管理,,,,,,,,
enterprise,WPS项目管理企业版需求聚类分析.md,enterprise-00741,阜盐商贸,销售,客户、销售与订单,商机与销售过程管理,,,,,,,,
enterprise,WPS项目管理企业版需求聚类分析.md,enterprise-00742,WPS_1509430277的企业,工程项目管理,工程与施工管理,工程进度管理,,,,,,,,
enterprise,WPS项目管理企业版需求聚类分析.md,enterprise-00743,工蜂数字科技,我是一家咨询公司，对接的业务有很多，包括产品贸易销售、公司管理咨询、体系认证、培训以及一些居间项目的对接，我需要能够有一个系统，能帮我做好按项目进行进度全过程跟进以及重要节点事项的跟进，以及任务的安排等。,客户、销售与订单,客户跟进管理,,,,,,,,
enterprise,WPS项目管理企业版需求聚类分析.md,enterprise-00744,ヅ迷恋、迷失-自我的企业,项目管理,项目与任务管理,项目台账管理,,,,,,,,
enterprise,WPS项目管理企业版需求聚类分析.md,enterprise-00745,弹壳的企业,土工工程行业，制作工期,生产与制造管理,车间任务管理,,,,,,,,
enterprise,WPS项目管理企业版需求聚类分析.md,enterprise-00746,陈秦之好~紫气东来的企业,业务推动与追踪,客户、销售与订单,客户跟进管理,,,,,,,,
enterprise,WPS项目管理企业版需求聚类分析.md,enterprise-00747,乌兰察布医学高等专科学校,大学年度考核,无,无,,,,,,,,
enterprise,WPS项目管理企业版需求聚类分析.md,enterprise-00748,"范钱君 15061019797,18061989588的企业",工程项目管理,工程与施工管理,工程进度管理,,,,,,,,
enterprise,WPS项目管理企业版需求聚类分析.md,enterprise-00749,大连广安机电工程有限公司,机电工程项目,工程与施工管理,工程进度管理,,,,,,,,
enterprise,WPS项目管理企业版需求聚类分析.md,enterprise-00750,石昌辉的企业,111,无,无,,,,,,,,
enterprise,WPS项目管理企业版需求聚类分析.md,enterprise-00751,深圳缔元科技有限公司,智能硬件开发项目管理,研发与产品管理,研发项目管理,,,,,,,,
enterprise,WPS项目管理企业版需求聚类分析.md,enterprise-00752,WPS_760857764的企业,CNC加工制造业,生产与制造管理,生产交付协同,,,,,,,,
enterprise,WPS项目管理企业版需求聚类分析.md,enterprise-00753,『BASE  LINE』的企业,出具一份技能评分表,数据分析与经营看板,绩效与工作量分析,,,,,,,,
enterprise,WPS项目管理企业版需求聚类分析.md,enterprise-00754,乔星星的企业,项目成本控制管理,财务、合同与结算,成本核算管理,,,,,,,,
enterprise,WPS项目管理企业版需求聚类分析.md,enterprise-00755,小柴总的企业,一人AI公司,生产与制造管理,非标制造管理,,,,,,,,
enterprise,WPS项目管理企业版需求聚类分析.md,enterprise-00756,WPS_1666589491的企业,入库出库统计,数据分析与经营看板,绩效与工作量分析,,,,,,,,
enterprise,WPS项目管理企业版需求聚类分析.md,enterprise-00757,敷衍的企业,我有1000平方环氧自流平需要从新作加超耐磨层,无,无,,,,,,,,
enterprise,WPS项目管理企业版需求聚类分析.md,enterprise-00758,Dudo的企业,减速机成本成报价,财务、合同与结算,成本核算管理,,,,,,,,
enterprise,WPS项目管理企业版需求聚类分析.md,enterprise-00759,磐守集团技术服务中心,项目信息、负责人、项目进度、绩效发放情况等，全要素表,项目与任务管理,项目进度跟踪,,,,,,,,
enterprise,WPS项目管理企业版需求聚类分析.md,enterprise-00760,河南省地球物理空间信息研究院有限公司,信息化项目管理,项目与任务管理,项目台账管理,,,,,,,,
enterprise,WPS项目管理企业版需求聚类分析.md,enterprise-00761,Hsu13628684158的企业,工程项目成本分析,财务、合同与结算,成本核算管理,,,,,,,,
enterprise,WPS项目管理企业版需求聚类分析.md,enterprise-00762,我想吃小孩的企业,共享考勤表,协同办公与流程审批,协同办公,,,,,,,,
enterprise,WPS项目管理企业版需求聚类分析.md,enterprise-00763,杜学昌的企业,装修公司成本控制,财务、合同与结算,成本核算管理,,,,,,,,
enterprise,WPS项目管理企业版需求聚类分析.md,enterprise-00764,山东卓皓商务服务有限公司,代理记账行业业务流程,客户、销售与订单,商机与销售过程管理,,,,,,,,
enterprise,WPS项目管理企业版需求聚类分析.md,enterprise-00765,shisg,编制项目开发计划,研发与产品管理,研发项目管理,,,,,,,,
enterprise,WPS项目管理企业版需求聚类分析.md,enterprise-00766,黑龙江安捷物流有限公司,物流运输记账,供应链与仓储物流,物流运输与配送管理,,,,,,,,
enterprise,WPS项目管理企业版需求聚类分析.md,enterprise-00767,Empty city °的企业,成本核算,财务、合同与结算,成本核算管理,,,,,,,,
enterprise,WPS项目管理企业版需求聚类分析.md,enterprise-00768,郭瑞的企业,科研项目经费管理,财务、合同与结算,成本核算管理,,,,,,,,
enterprise,WPS项目管理企业版需求聚类分析.md,enterprise-00769,广州睿铂管理咨询有限公司,项目进度、项目资源统计，项目结算进度,项目与任务管理,项目进度跟踪,,,,,,,,
enterprise,WPS项目管理企业版需求聚类分析.md,enterprise-00770,屯级大魔王的企业,1,无,无,,,,,,,,
enterprise,WPS项目管理企业版需求聚类分析.md,enterprise-00771,模拟测试,123,无,无,,,,,,,,
enterprise,WPS项目管理企业版需求聚类分析.md,enterprise-00772,大保健小保健,计划任务,项目与任务管理,项目计划管理,,,,,,,,
enterprise,WPS项目管理企业版需求聚类分析.md,enterprise-00773,七米蔚蓝的企业,工作统计,人力与组织管理,工时与人员负荷管理,,,,,,,,
enterprise,WPS项目管理企业版需求聚类分析.md,enterprise-00774,河南旭高,项目进度计划,项目与任务管理,项目进度跟踪,,,,,,,,
enterprise,WPS项目管理企业版需求聚类分析.md,enterprise-00775,WPS_1766630197的企业,项目计划,项目与任务管理,项目计划管理,,,,,,,,
enterprise,WPS项目管理企业版需求聚类分析.md,enterprise-00776,smart office,复杂巨系统的项目管理,项目与任务管理,多项目组合管理,,,,,,,,
enterprise,WPS项目管理企业版需求聚类分析.md,enterprise-00777,曹远涛的企业,工程项目管理,工程与施工管理,工程进度管理,,,,,,,,
enterprise,WPS项目管理企业版需求聚类分析.md,enterprise-00778,ZY的企业,信息系统建设,人力与组织管理,员工信息管理,,,,,,,,
enterprise,WPS项目管理企业版需求聚类分析.md,enterprise-00779,代的企业,电子项目管理,项目与任务管理,项目台账管理,,,,,,,,
enterprise,WPS项目管理企业版需求聚类分析.md,enterprise-00780,江苏艾兰服饰有限公司,每月水电数据录入后生成异常的分析提醒,数据分析与经营看板,异常预警分析,,,,,,,,
enterprise,WPS项目管理企业版需求聚类分析.md,enterprise-00781,武汉凯德基诺生物技术有限公司,生物制药项目管理,研发与产品管理,打样与试制管理,,,,,,,,
enterprise,WPS项目管理企业版需求聚类分析.md,enterprise-00782,辽宁西北供水有限责任公司,岁维修项目与预算管理,财务、合同与结算,预算管理,,,,,,,,
enterprise,WPS项目管理企业版需求聚类分析.md,enterprise-00783,Yan_2的企业,财务负责人，需要基于项目管理方案推动财务经营计划落地,项目与任务管理,项目计划管理,,,,,,,,
enterprise,WPS项目管理企业版需求聚类分析.md,enterprise-00784,阳光灿烂 动物凶猛的企业,部门各项业务分解，跟踪执行情况，要对一个大项目进行逐条分解，每一条对应的完成情况要进行统计，同时要有责任人，任务节点时间，每一项的当前进展，以及一个大项目所有子项目完成后自动标注完成并跳顶,项目与任务管理,项目计划管理,,,,,,,,
enterprise,WPS项目管理企业版需求聚类分析.md,enterprise-00785,Flyun的企业,项目管理,项目与任务管理,项目台账管理,,,,,,,,
enterprise,WPS项目管理企业版需求聚类分析.md,enterprise-00786,郑周15272203170的企业,建筑专业分包合同管理、施工过程跟踪管理、工人管理、收付款管理、发票管理、控制材料管理,财务、合同与结算,发票与结算管理,,,,,,,,
enterprise,WPS项目管理企业版需求聚类分析.md,enterprise-00787,吴建庆的企业,全过程咨询项目管理,项目与任务管理,项目复盘与总结,,,,,,,,
enterprise,WPS项目管理企业版需求聚类分析.md,enterprise-00788,FANCY的企业,货代项目货跟进,供应链与仓储物流,到货与交期管理,,,,,,,,
enterprise,WPS项目管理企业版需求聚类分析.md,enterprise-00789,嘻嘻哈哈的企业,IT项目管理,项目与任务管理,项目台账管理,,,,,,,,
enterprise,WPS项目管理企业版需求聚类分析.md,enterprise-00790,macu gy,项目工艺开发,研发与产品管理,研发项目管理,,,,,,,,
enterprise,WPS项目管理企业版需求聚类分析.md,enterprise-00791,苏州拾捌山商贸有限公司,女士服装产品从设计开发到上架售卖,研发与产品管理,产品开发管理,,,,,,,,
enterprise,WPS项目管理企业版需求聚类分析.md,enterprise-00792,Leo的企业,管理和跟进招商引资项目,研发与产品管理,研发项目管理,,,,,,,,
enterprise,WPS项目管理企业版需求聚类分析.md,enterprise-00793,viclee的企业,工程管理,工程与施工管理,工程进度管理,,,,,,,,
enterprise,WPS项目管理企业版需求聚类分析.md,enterprise-00794,Peter的企业,项目管理,项目与任务管理,项目台账管理,,,,,,,,
enterprise,WPS项目管理企业版需求聚类分析.md,enterprise-00795,绩效改进研究所,计划管理,项目与任务管理,项目计划管理,,,,,,,,
enterprise,WPS项目管理企业版需求聚类分析.md,enterprise-00796,WPS_1665799663的企业,外贸客户跟进表,客户、销售与订单,客户跟进管理,,,,,,,,
enterprise,WPS项目管理企业版需求聚类分析.md,enterprise-00797,攀藤工程部,自动化部门的项目管控,项目与任务管理,项目台账管理,,,,,,,,
enterprise,WPS项目管理企业版需求聚类分析.md,enterprise-00798,团队协助,工程项目管理,工程与施工管理,工程进度管理,,,,,,,,
enterprise,WPS项目管理企业版需求聚类分析.md,enterprise-00799,王星的企业,信创迁移实施项目,项目与任务管理,项目复盘与总结,,,,,,,,
enterprise,WPS项目管理企业版需求聚类分析.md,enterprise-00800,樵渔项目管理(云南)有限公司,招投标代理,人力与组织管理,招聘与入职管理,,,,,,,,
enterprise,WPS项目管理企业版需求聚类分析.md,enterprise-00801,剪辑办公,每人每日任务,生产与制造管理,车间任务管理,,,,,,,,
enterprise,WPS项目管理企业版需求聚类分析.md,enterprise-00802,幸福的路上的企业,风机制造企业，从销售排产单到研发出图及物资采购需求到生产车间制作及采购到货，最后到装配安装具备发货条件,生产与制造管理,生产交付协同,,,,,,,,
enterprise,WPS项目管理企业版需求聚类分析.md,enterprise-00803,陈彤的企业,项目执行管理,项目与任务管理,项目台账管理,,,,,,,,
enterprise,WPS项目管理企业版需求聚类分析.md,enterprise-00804,宁夏铭盛建设工程有限公司,工程文档处理,研发与产品管理,技术文档管理,,,,,,,,
enterprise,WPS项目管理企业版需求聚类分析.md,enterprise-00805,碧碧碧碧子的企业,高校保卫部年度工作规划，三合一管理模式 年度规划 季度计划 双周执行跟踪,生产与制造管理,生产计划管理,,,,,,,,
enterprise,WPS项目管理企业版需求聚类分析.md,enterprise-00806,凤倩to the胡的企业,保温杯产品项目管理,研发与产品管理,研发阶段管理,,,,,,,,
enterprise,WPS项目管理企业版需求聚类分析.md,enterprise-00807,聚能科技,公司分两大业务模块，目前需要总结一份时间进度表，主要是要明确个时间节点所需要确定的各事项。,数据分析与经营看板,多维分析,,,,,,,,
enterprise,WPS项目管理企业版需求聚类分析.md,enterprise-00808,kingkong的企业,我是项目负责人，需要输出所有TO DO LIST 代办清单分配给不同的岗位及责任人，从尽调，到印尼代表处注册，办公租赁，到当地招聘，offer下发（薪酬福利），日常费用报销，从“管业务，管人，管钱”输出一个完整的项目清单，并按照4月底前完成输出项目里程碑各时间节点。,协同办公与流程审批,台账与登记管理,,,,,,,,
enterprise,WPS项目管理企业版需求聚类分析.md,enterprise-00809,云慧敏的企业,管理文档,协同办公与流程审批,文档与档案管理,,,,,,,,
enterprise,WPS项目管理企业版需求聚类分析.md,enterprise-00810,@时光永恒的企业,办公,协同办公与流程审批,行政事务管理,,,,,,,,
enterprise,WPS项目管理企业版需求聚类分析.md,enterprise-00811,Aria的企业,论文进度,无,无,,,,,,,,
enterprise,WPS项目管理企业版需求聚类分析.md,enterprise-00812,蓝图设计院,我司是化工设计院，因公司扩大规模需要将项目管理转移至线上管理，帮我生成一份全流程管理模板,研发与产品管理,研发项目管理,,,,,,,,
enterprise,WPS项目管理企业版需求聚类分析.md,enterprise-00813,杭州菲屿服装设计有限公司,帮我生成冬装样衣计划模板,项目与任务管理,甘特图与排期可视化,,,,,,,,
enterprise,WPS项目管理企业版需求聚类分析.md,enterprise-00814,CTL_实验室电气设计,项目管理,项目与任务管理,项目台账管理,,,,,,,,
enterprise,WPS项目管理企业版需求聚类分析.md,enterprise-00815,韬生略世的企业,表格有多页每页自动添加一个四方签字栏,无,无,,,,,,,,
enterprise,WPS项目管理企业版需求聚类分析.md,enterprise-00816,沈通的试用,测试,无,无,,,,,,,,
enterprise,WPS项目管理企业版需求聚类分析.md,enterprise-00817,包没馅儿的企业,需要关注各个审计项目的实时进度，未提供的资料,数据分析与经营看板,多维分析,,,,,,,,
enterprise,WPS项目管理企业版需求聚类分析.md,enterprise-00818,徐州汇百利商贸有限公司,按项目进度统计回款、成本、利润,项目与任务管理,项目进度跟踪,,,,,,,,
enterprise,WPS项目管理企业版需求聚类分析.md,enterprise-00819,淮安中民慧博建设项目管理有限公司,管理建筑工程总承包项目,工程与施工管理,工程进度管理,,,,,,,,
enterprise,WPS项目管理企业版需求聚类分析.md,enterprise-00820,OL888,记录项目工作内容，并且跟踪管理,项目与任务管理,项目台账管理,,,,,,,,
enterprise,WPS项目管理企业版需求聚类分析.md,enterprise-00821,固执的鱼的企业,新的公司基建已完成，现在需要生成设备进厂以后的水电气及相应的各个项目的时间节点,工程与施工管理,工程进度管理,,,,,,,,
enterprise,WPS项目管理企业版需求聚类分析.md,enterprise-00822,zhoushu xiao,行业是气体分离行业；主要内容包含研发、设计、采购、施工项目管理；,生产与制造管理,生产交付协同,,,,,,,,
enterprise,WPS项目管理企业版需求聚类分析.md,enterprise-00823,台州恒锐智能科技有限公司,想要记录非标项目从客户需求方案开始到项目设计，投产，装配，调试，发货验收一整个流程记录，同时也能反馈每个岗位在这个项目里用了多少时间，有出现什么的问题，也能填写项目负责人每天做了什么,客户、销售与订单,发货与交付跟踪,,,,,,,,
enterprise,WPS项目管理企业版需求聚类分析.md,enterprise-00824,SNPAS,SNPAS,无,无,,,,,,,,
enterprise,WPS项目管理企业版需求聚类分析.md,enterprise-00825,胡望泽工作室,案件处理流程,客户、销售与订单,商机与销售过程管理,,,,,,,,
enterprise,WPS项目管理企业版需求聚类分析.md,enterprise-00826,江西萨瑞微电子技术有限公司,销售的客户开发进度的项目管理,客户、销售与订单,销售目标管理,,,,,,,,
enterprise,WPS项目管理企业版需求聚类分析.md,enterprise-00827,汉威科技设备部,公司计划建设一个新的生产基地，租的厂房涉及装修改造，新公司注册，设备购买，新产品导入等相关管理,生产与制造管理,非标制造管理,,,,,,,,
enterprise,WPS项目管理企业版需求聚类分析.md,enterprise-00828,prism,解决项目管理难题,项目与任务管理,项目台账管理,,,,,,,,
enterprise,WPS项目管理企业版需求聚类分析.md,enterprise-00829,LZK康的企业,项目登记表格数据,项目与任务管理,项目台账管理,,,,,,,,
enterprise,WPS项目管理企业版需求聚类分析.md,enterprise-00830,WPS_1662199153的企业,111,无,无,,,,,,,,
enterprise,WPS项目管理企业版需求聚类分析.md,enterprise-00831,Sss的企业,设计进程管理,研发与产品管理,研发阶段管理,,,,,,,,
enterprise,WPS项目管理企业版需求聚类分析.md,enterprise-00832,浙江奇好文具用品有限公司,文创产品开发及生产的全流程管理,研发与产品管理,产品开发管理,,,,,,,,
enterprise,WPS项目管理企业版需求聚类分析.md,enterprise-00833,领世资产管理有限公司,不良资产运营管理公司,财务、合同与结算,利润与经营分析,,,,,,,,
enterprise,WPS项目管理企业版需求聚类分析.md,enterprise-00834,Andy zhw的企业,日常办公,协同办公与流程审批,行政事务管理,,,,,,,,
enterprise,WPS项目管理企业版需求聚类分析.md,enterprise-00835,JQ的企业,合同的利润、成本分析、履约情况,财务、合同与结算,利润与经营分析,,,,,,,,
enterprise,WPS项目管理企业版需求聚类分析.md,enterprise-00836,死亡剪刀手的企业,管理工人进场的信息,人力与组织管理,员工信息管理,,,,,,,,
enterprise,WPS项目管理企业版需求聚类分析.md,enterprise-00837,王世洪的企业,aaa,无,无,,,,,,,,
enterprise,WPS项目管理企业版需求聚类分析.md,enterprise-00838,义乌市亿雄国际物流有限公司,小熊在跳舞,无,无,,,,,,,,
enterprise,WPS项目管理企业版需求聚类分析.md,enterprise-00839,小拳的企业,进度计划,工程与施工管理,工程进度管理,,,,,,,,
enterprise,WPS项目管理企业版需求聚类分析.md,enterprise-00840,biubiu~的企业,任务拆分及多人信息同时汇总，项目组多人间信息共享保存,项目与任务管理,多项目组合管理,,,,,,,,
enterprise,WPS项目管理企业版需求聚类分析.md,enterprise-00841,云南智捷环保科技有限公司,环境评价,质量、安全与合规,质量检查与检验,,,,,,,,
enterprise,WPS项目管理企业版需求聚类分析.md,enterprise-00842,白色粉末的企业,会议督办 自动提醒责任人  责任人自行跟进进度,协同办公与流程审批,会议与纪要管理,,,,,,,,
enterprise,WPS项目管理企业版需求聚类分析.md,enterprise-00843,广西经纬达机电设备有限公司,折腰升斗,无,无,,,,,,,,
enterprise,WPS项目管理企业版需求聚类分析.md,enterprise-00844,周海萍【芷祯】的企业,项目管理及公司运营管理,研发与产品管理,研发项目管理,,,,,,,,
enterprise,WPS项目管理企业版需求聚类分析.md,enterprise-00845,AAAA₩的企业,工程项目造价进度跟踪,工程与施工管理,工程进度管理,,,,,,,,
enterprise,WPS项目管理企业版需求聚类分析.md,enterprise-00846,罗智波的企业,项目进度管理,项目与任务管理,项目进度跟踪,,,,,,,,
enterprise,WPS项目管理企业版需求聚类分析.md,enterprise-00847,宋孝祥的企业,1111111111111111,无,无,,,,,,,,
enterprise,WPS项目管理企业版需求聚类分析.md,enterprise-00848,东小口项目技术部,施工项目技术管理的任务分解与进度追踪,工程与施工管理,工程进度管理,,,,,,,,
enterprise,WPS项目管理企业版需求聚类分析.md,enterprise-00849,云计算服务三组,需要根据制定的OKR，制定月度工作计划，定位到责任人；看护整体工作进度,项目与任务管理,项目计划管理,,,,,,,,
enterprise,WPS项目管理企业版需求聚类分析.md,enterprise-00850,Stone的企业,订单跟踪,客户、销售与订单,订单管理,,,,,,,,
enterprise,WPS项目管理企业版需求聚类分析.md,enterprise-00851,苏州质高质量技术服务有限公司,统计项目数据,数据分析与经营看板,统计汇总,,,,,,,,
enterprise,WPS项目管理企业版需求聚类分析.md,enterprise-00852,qianchang,生产派单,生产与制造管理,生产计划管理,,,,,,,,
enterprise,WPS项目管理企业版需求聚类分析.md,enterprise-00853,ZCP12加弹分级,包装线保养,供应链与仓储物流,出入库与调拨管理,,,,,,,,
enterprise,WPS项目管理企业版需求聚类分析.md,enterprise-00854,江苏茂能电力工程有限公司,1,无,无,,,,,,,,
enterprise,WPS项目管理企业版需求聚类分析.md,enterprise-00855,隆回县人民政府督查室,工作任务的跟踪，自动提醒，实时统计，快速记录，自动提醒未完成工作任务，自动提醒超时限任务，统计任务完成进度,数据分析与经营看板,统计汇总,,,,,,,,
enterprise,WPS项目管理企业版需求聚类分析.md,enterprise-00856,逍遥的心的企业,施工工程项目的成本清单转换成财务要用的费用汇总表,财务、合同与结算,成本核算管理,,,,,,,,
enterprise,WPS项目管理企业版需求聚类分析.md,enterprise-00857,之为传媒,部门协同和项目进度,项目与任务管理,项目进度跟踪,,,,,,,,
enterprise,WPS项目管理企业版需求聚类分析.md,enterprise-00858,云南省公路局农村公路处,云南省国道项目建设管理，涉及项目前期报件，项目合同，施工进度，质量、安全等方面的综合管理,工程与施工管理,工程进度管理,,,,,,,,
enterprise,WPS项目管理企业版需求聚类分析.md,enterprise-00859,bbbedsf,项目进度、施工日志,工程与施工管理,工程进度管理,,,,,,,,
enterprise,WPS项目管理企业版需求聚类分析.md,enterprise-00860,上饶新投电厂安健环部,日常工作记录、行动项落实、数据统计、人员、机械设备等台账、隐患问题分类分析等,数据分析与经营看板,统计汇总,,,,,,,,
enterprise,WPS项目管理企业版需求聚类分析.md,enterprise-00861,WPS_1762599708的企业,举办一场大会,协同办公与流程审批,会议与纪要管理,,,,,,,,
enterprise,WPS项目管理企业版需求聚类分析.md,enterprise-00862,小邱的企业,导入项目流程的模版，含子项目的标准时长，每个项目到这个子项目就可以自动生成标准时间，对照实际发生时间，进行提醒,项目与任务管理,项目计划管理,,,,,,,,
enterprise,WPS项目管理企业版需求聚类分析.md,enterprise-00863,RAN的企业,新品认证,质量、安全与合规,资质证照与合规资料,,,,,,,,
enterprise,WPS项目管理企业版需求聚类分析.md,enterprise-00864,山东鲁辰泵业有限公司,信息协同,协同办公与流程审批,协同办公,,,,,,,,
enterprise,WPS项目管理企业版需求聚类分析.md,enterprise-00865,生产技术部,多个部门协作，需盯任务目标，盯过程执行,项目与任务管理,任务分配与协同,,,,,,,,
enterprise,WPS项目管理企业版需求聚类分析.md,enterprise-00866,成都中科西瑞智能技术有限公司,项目全流程管理，范围，进度，成本，质量，沟通，资源，风险，采购，整合，干系人,质量、安全与合规,风险管理,,,,,,,,
enterprise,WPS项目管理企业版需求聚类分析.md,enterprise-00867,华华的企业,项目流程管理,项目与任务管理,项目台账管理,,,,,,,,
enterprise,WPS项目管理企业版需求聚类分析.md,enterprise-00868,echo的企业,科研管理,研发与产品管理,技术文档管理,,,,,,,,
enterprise,WPS项目管理企业版需求聚类分析.md,enterprise-00869,中煤重庆销售有限公司,生成一份督办清单,协同办公与流程审批,待办与提醒管理,,,,,,,,
enterprise,WPS项目管理企业版需求聚类分析.md,enterprise-00870,Tramoly的企业,123,无,无,,,,,,,,
enterprise,WPS项目管理企业版需求聚类分析.md,enterprise-00871,冰咖啡的项目模板,主要想随时更新项目进度  掌握项目阶段,项目与任务管理,项目进度跟踪,,,,,,,,
enterprise,WPS项目管理企业版需求聚类分析.md,enterprise-00872,Meilan的企业,项目管理,项目与任务管理,项目台账管理,,,,,,,,
enterprise,WPS项目管理企业版需求聚类分析.md,enterprise-00873,曾翠莲的企业,通过项目管理模块，实现从项目立项-执行-结果-考核目标全流程数据管理。,项目与任务管理,项目台账管理,,,,,,,,
enterprise,WPS项目管理企业版需求聚类分析.md,enterprise-00874,ALD group,1,无,无,,,,,,,,
enterprise,WPS项目管理企业版需求聚类分析.md,enterprise-00875,유일的企业,项目台账,项目与任务管理,项目台账管理,,,,,,,,
enterprise,WPS项目管理企业版需求聚类分析.md,enterprise-00876,贵州凯盾企业管理有限公司,财务流程,财务、合同与结算,收付款与回款管理,,,,,,,,
enterprise,WPS项目管理企业版需求聚类分析.md,enterprise-00877,曼珠沙华051的企业,工程,工程与施工管理,工程进度管理,,,,,,,,
enterprise,WPS项目管理企业版需求聚类分析.md,enterprise-00878,点的企业,跟踪落实,项目与任务管理,项目进度跟踪,,,,,,,,
enterprise,WPS项目管理企业版需求聚类分析.md,enterprise-00879,易勇的企业,项目管理和流程管理,项目与任务管理,项目台账管理,,,,,,,,
enterprise,WPS项目管理企业版需求聚类分析.md,enterprise-00880,黎的企业,产能和良率爬坡,财务、合同与结算,利润与经营分析,,,,,,,,
enterprise,WPS项目管理企业版需求聚类分析.md,enterprise-00881,上海佳春汽配有限公司,项目管理,项目与任务管理,项目台账管理,,,,,,,,
enterprise,WPS项目管理企业版需求聚类分析.md,enterprise-00882,东莞市益能自动化设备有限公司,生产任务管理,生产与制造管理,车间任务管理,,,,,,,,
enterprise,WPS项目管理企业版需求聚类分析.md,enterprise-00883,胡海经的企业,项目进度横道图,项目与任务管理,甘特图与排期可视化,,,,,,,,
enterprise,WPS项目管理企业版需求聚类分析.md,enterprise-00884,炫灬枫桦的企业,统计岗位二维码扫码统计，统计内容有填报人，填报时间，填报表单,数据分析与经营看板,统计汇总,,,,,,,,
enterprise,WPS项目管理企业版需求聚类分析.md,enterprise-00885,陌年的企业,11,无,无,,,,,,,,
enterprise,WPS项目管理企业版需求聚类分析.md,enterprise-00886,柠檬的企业,123456,无,无,,,,,,,,
enterprise,WPS项目管理企业版需求聚类分析.md,enterprise-00887,WPS_1739944578的企业,公司不同产线 模具、物料、计划进度与实际进度节点追踪，目前卡点对应问题、责任人补充,生产与制造管理,制造进度跟踪,,,,,,,,
enterprise,WPS项目管理企业版需求聚类分析.md,enterprise-00888,筱瑄的企业,编制项目计划,项目与任务管理,项目计划管理,,,,,,,,
enterprise,WPS项目管理企业版需求聚类分析.md,enterprise-00889,Emma的企业,暂无,无,无,,,,,,,,
enterprise,WPS项目管理企业版需求聚类分析.md,enterprise-00890,HECLE 禾晟设计,设计项目管理,研发与产品管理,设计评审管理,,,,,,,,
enterprise,WPS项目管理企业版需求聚类分析.md,enterprise-00891,king的企业(分部)(分中心)123,学校信息中心工作，包含学生资助、信息化设备管理维护、信息化设备采购、智慧课堂应用统计推进等。,数据分析与经营看板,统计汇总,,,,,,,,
enterprise,WPS项目管理企业版需求聚类分析.md,enterprise-00892,尕娇子的企业,帮我画思维导图,项目与任务管理,甘特图与排期可视化,,,,,,,,
enterprise,WPS项目管理企业版需求聚类分析.md,enterprise-00893,深圳市特发工程建设监理有限公司,项目核算表,项目与任务管理,项目复盘与总结,,,,,,,,
enterprise,WPS项目管理企业版需求聚类分析.md,enterprise-00894,aa小白猪的企业,合同台账管理,财务、合同与结算,合同与招投标管理,,,,,,,,
enterprise,WPS项目管理企业版需求聚类分析.md,enterprise-00895,众联(唐山)新能源发展有限公司,多项目推进,项目与任务管理,多项目组合管理,,,,,,,,
enterprise,WPS项目管理企业版需求聚类分析.md,enterprise-00896,佛山市国星光电股份有限公司,输出模版,项目与任务管理,甘特图与排期可视化,,,,,,,,
enterprise,WPS项目管理企业版需求聚类分析.md,enterprise-00897,Ivan的企业,工程项目,工程与施工管理,工程进度管理,,,,,,,,
enterprise,WPS项目管理企业版需求聚类分析.md,enterprise-00898,优谏优品,项目的全过程管理,项目与任务管理,项目计划管理,,,,,,,,
enterprise,WPS项目管理企业版需求聚类分析.md,enterprise-00899,集团市场拓展部,用于集团监督各权属单位对工程项目前期跟踪情况,工程与施工管理,分包与班组管理,,,,,,,,
enterprise,WPS项目管理企业版需求聚类分析.md,enterprise-00900,大丸子的企业,1,无,无,,,,,,,,
enterprise,WPS项目管理企业版需求聚类分析.md,enterprise-00901,测绘地理信息所,项目备案	技术管理						质量管理			项目验收	档案管理	项目结算,研发与产品管理,技术文档管理,,,,,,,,
enterprise,WPS项目管理企业版需求聚类分析.md,enterprise-00902,,技术合同登记	技术设计书/实施方案	技术交底	技术培训	技术总结/工作总结	技术文档审核记录表	项目部自检	一级检查	二级检查,,,,,,,,,,
enterprise,WPS项目管理企业版需求聚类分析.md,enterprise-00903,0Losma1,网络安全等级保护测评项目管理场景,质量、安全与合规,风险管理,,,,,,,,
enterprise,WPS项目管理企业版需求聚类分析.md,enterprise-00904,广州微观智能科技有限公司,产品需求、功能、任务、bug管理,研发与产品管理,需求分析管理,,,,,,,,
enterprise,WPS项目管理企业版需求聚类分析.md,enterprise-00905,柒柒的企业,生成打卡进行执行、方便统计，,数据分析与经营看板,统计汇总,,,,,,,,
enterprise,WPS项目管理企业版需求聚类分析.md,enterprise-00906,陈boss的企业,自动化设备厂家设计到生产（机加工，钣金件，外购件，外协件）,生产与制造管理,非标制造管理,,,,,,,,
enterprise,WPS项目管理企业版需求聚类分析.md,enterprise-00907,"山不向我走来,我便向山走去的企业",检测报告生成,数据分析与经营看板,报表管理,,,,,,,,
enterprise,WPS项目管理企业版需求聚类分析.md,enterprise-00908,国创伽马影像机电技术组,人体医疗器械研发团队组织管理,人力与组织管理,组织与岗位管理,,,,,,,,
enterprise,WPS项目管理企业版需求聚类分析.md,enterprise-00909,李岩的企业,项目进度计划编制、管理,项目与任务管理,项目进度跟踪,,,,,,,,
enterprise,WPS项目管理企业版需求聚类分析.md,enterprise-00910,KTT,生成企业招投标管理系统,客户、销售与订单,商机与销售过程管理,,,,,,,,
enterprise,WPS项目管理企业版需求聚类分析.md,enterprise-00911,中国移动通信集团山东有限公司蓬莱分公司,运营商政企团队，有10个客户经理，10个产品经理，解决项目进度，绩效考核等问题,人力与组织管理,绩效与提成管理,,,,,,,,
enterprise,WPS项目管理企业版需求聚类分析.md,enterprise-00912,여자 신경的企业,销售型公司,客户、销售与订单,商机与销售过程管理,,,,,,,,
enterprise,WPS项目管理企业版需求聚类分析.md,enterprise-00913,中城华建,工程项目管理,工程与施工管理,工程进度管理,,,,,,,,
enterprise,WPS项目管理企业版需求聚类分析.md,enterprise-00914,上海康定医疗器械有限公司,生产,生产与制造管理,生产交付协同,,,,,,,,
enterprise,WPS项目管理企业版需求聚类分析.md,enterprise-00915,广东骏珲通信工程有限公司,得点围绕运营商（中国移动），通信工程建设项目管理。比如，无线主设备安装；管道开挖；我缆敷设。,服务、工单与运维,安装与实施交付,,,,,,,,
enterprise,WPS项目管理企业版需求聚类分析.md,enterprise-00916,雪域王朝有限公司,过道 村级加油站,无,无,,,,,,,,
enterprise,WPS项目管理企业版需求聚类分析.md,enterprise-00917,揭阳前詹风电有限公司,年度计划包括固定动作、重点工作及具体任务分解落实,项目与任务管理,项目进度跟踪,,,,,,,,
enterprise,WPS项目管理企业版需求聚类分析.md,enterprise-00918,Z的企业,建筑行业及市政工程,工程与施工管理,基建与市政项目管理,,,,,,,,
enterprise,WPS项目管理企业版需求聚类分析.md,enterprise-00919,海宝的企业,指定开发project,研发与产品管理,研发项目管理,,,,,,,,
enterprise,WPS项目管理企业版需求聚类分析.md,enterprise-00920,上海睿昇半导体科技有限公司-前工段,生产计划,生产与制造管理,生产计划管理,,,,,,,,
enterprise,WPS项目管理企业版需求聚类分析.md,enterprise-00921,Strategic Technology,test,无,无,,,,,,,,
enterprise,WPS项目管理企业版需求聚类分析.md,enterprise-00922,木目木目的企业,我要做一个月底工作安排表，每个月有一些特定工作，此外还有一些是年度或者阶段性的持续工作,生产与制造管理,生产计划管理,,,,,,,,
enterprise,WPS项目管理企业版需求聚类分析.md,enterprise-00923,Pretty的企业,是,无,无,,,,,,,,
enterprise,WPS项目管理企业版需求聚类分析.md,enterprise-00924,云南古宁建筑工程有限公司,简单的项目管理，包含成本核算,财务、合同与结算,成本核算管理,,,,,,,,
enterprise,WPS项目管理企业版需求聚类分析.md,enterprise-00925,Sharp memories@@的企业,肥料销售,无,无,,,,,,,,
enterprise,WPS项目管理企业版需求聚类分析.md,enterprise-00926,H(^3^)的企业,记录12345工单具体内容、接收时间、完成时间，以及处理的结果还有后续情况,服务、工单与运维,报修管理,,,,,,,,
enterprise,WPS项目管理企业版需求聚类分析.md,enterprise-00927,规划院工会,编制横道图,项目与任务管理,甘特图与排期可视化,,,,,,,,
enterprise,WPS项目管理企业版需求聚类分析.md,enterprise-00928,17的企业,第三方检测公司，客户管理，,客户、销售与订单,客户跟进管理,,,,,,,,
enterprise,WPS项目管理企业版需求聚类分析.md,enterprise-00929,命运不凡的企业,横道图,项目与任务管理,甘特图与排期可视化,,,,,,,,
enterprise,WPS项目管理企业版需求聚类分析.md,enterprise-00930,宁波简性科技有限公司,工厂型外贸企业的接单到收款流程,供应链与仓储物流,出入库与调拨管理,,,,,,,,
enterprise,WPS项目管理企业版需求聚类分析.md,enterprise-00931,小小白的企业,1,无,无,,,,,,,,
enterprise,WPS项目管理企业版需求聚类分析.md,enterprise-00932,常熟市兆佳针纺织有限公司,试一下运用场景,项目与任务管理,甘特图与排期可视化,,,,,,,,
enterprise,WPS项目管理企业版需求聚类分析.md,enterprise-00933,芜通有财,信息化维护服务,服务、工单与运维,报修管理,,,,,,,,
enterprise,WPS项目管理企业版需求聚类分析.md,enterprise-00934,四川创研空间装饰工程有限公司,工地管理,生产与制造管理,车间任务管理,,,,,,,,
enterprise,WPS项目管理企业版需求聚类分析.md,enterprise-00935,丁辛激光-13316431571的企业,项目团队人员管理，分别以：效率、质量、技术评估、成本、生产进度、主动加班出差、供应商管理、客户反馈、项目复盘、项目演讲，参与人员分别：机械设计、项目人员、生产人员、工艺人员、商务助理、采购、售后人员,供应链与仓储物流,物料采购管理,,,,,,,,
enterprise,WPS项目管理企业版需求聚类分析.md,enterprise-00936,民政通养老,养老行业基本情况,人力与组织管理,薪酬与社保管理,,,,,,,,
enterprise,WPS项目管理企业版需求聚类分析.md,enterprise-00937,谭漫拉的企业,asdf,无,无,,,,,,,,
enterprise,WPS项目管理企业版需求聚类分析.md,enterprise-00938,恒泰设计,项目管理，绩效计算,项目与任务管理,项目台账管理,,,,,,,,
enterprise,WPS项目管理企业版需求聚类分析.md,enterprise-00939,慢慢来的企业,1,无,无,,,,,,,,
enterprise,WPS项目管理企业版需求聚类分析.md,enterprise-00940,新疆申光,111,无,无,,,,,,,,
enterprise,WPS项目管理企业版需求聚类分析.md,enterprise-00941,江苏碳氢元清洁能源技术研究院,工厂建设及设备加工,生产与制造管理,排产管理,,,,,,,,
enterprise,WPS项目管理企业版需求聚类分析.md,enterprise-00942,测试企业,MES项目进度管理,项目与任务管理,项目进度跟踪,,,,,,,,
enterprise,WPS项目管理企业版需求聚类分析.md,enterprise-00943,WPS_2666677115的企业,工程类项目管理流程,工程与施工管理,工程进度管理,,,,,,,,
enterprise,WPS项目管理企业版需求聚类分析.md,enterprise-00944,泽钦的企业,1,无,无,,,,,,,,
enterprise,WPS项目管理企业版需求聚类分析.md,enterprise-00945,kk的企业,公司同时开展多个建设项目，同时我是负责成本合约的分管副总，结合我的岗位关注的重点,项目与任务管理,多项目组合管理,,,,,,,,
enterprise,WPS项目管理企业版需求聚类分析.md,enterprise-00946,,请建立项目管理模版,,,,,,,,,,
enterprise,WPS项目管理企业版需求聚类分析.md,enterprise-00947,正能量的企业,我公司是一家生产型企业，物流费用是我企业的重要费用项，我想把合理控制物流费用作为我公司发货岗员工的绩效考核核心指标。需要对应的模版。,供应链与仓储物流,供应商管理,,,,,,,,
enterprise,WPS项目管理企业版需求聚类分析.md,enterprise-00948,感受的企业,项目排期安排,项目与任务管理,项目计划管理,,,,,,,,
enterprise,WPS项目管理企业版需求聚类分析.md,enterprise-00949,宁夏光达合汇科技有限公司,多项目开发，多场景，同一组项目班组人员,项目与任务管理,多项目组合管理,,,,,,,,
enterprise,WPS项目管理企业版需求聚类分析.md,enterprise-00950,恋~的企业,软件开发项目进度管理,项目与任务管理,项目进度跟踪,,,,,,,,
enterprise,WPS项目管理企业版需求聚类分析.md,enterprise-00951,数据洞察系统,管理日常个人工作,协同办公与流程审批,行政事务管理,,,,,,,,
enterprise,WPS项目管理企业版需求聚类分析.md,enterprise-00952,中山市亨邦照明有限公司,协同工作，提高效率,协同办公与流程审批,协同办公,,,,,,,,
enterprise,WPS项目管理企业版需求聚类分析.md,enterprise-00953,广州不凡信息技术有限公司,1,无,无,,,,,,,,
enterprise,WPS项目管理企业版需求聚类分析.md,enterprise-00954,Primcera,用户为生产型企业，应用场景包括但是不限于生产型企业全价值链条，包括设备和原材料采购、生产计划、质量管控、物流、市场销售、售后服务等。希望能借助工具进行项目式管理。,供应链与仓储物流,物料采购管理,,,,,,,,
enterprise,WPS项目管理企业版需求聚类分析.md,enterprise-00955,分众传媒,帮我做一个项目管理系统，我是分众传媒的客户经理，每个品牌是一个项目,研发与产品管理,研发项目管理,,,,,,,,
enterprise,WPS项目管理企业版需求聚类分析.md,enterprise-00956,。的企业,多人协作表格，每个人只有查看和编辑自己部分的内容，可以增加或删除自己那部分的内容，表格里有序号、项目名称、产品名称、产品数量、合同金额、已收款金额、未收款 金额等,协同办公与流程审批,协同办公,,,,,,,,
enterprise,WPS项目管理企业版需求聚类分析.md,enterprise-00957,,主要进行科预研项目年度目标管理及过程节点、里程碑节点、计划、责任人、预警处理等工作,数据分析与经营看板,异常预警分析,,,,,,,,
enterprise,WPS项目管理企业版需求聚类分析.md,enterprise-00958,朗聿(海南)投资有限公司,项目建设节点及进度图掌握,工程与施工管理,工程进度管理,,,,,,,,
enterprise,WPS项目管理企业版需求聚类分析.md,enterprise-00959,广州蓝品实业有限公司,从生产到采购到入库出库,供应链与仓储物流,出入库与调拨管理,,,,,,,,
enterprise,WPS项目管理企业版需求聚类分析.md,enterprise-00960,496715426qqcom的企业,团队合作,协同办公与流程审批,协同办公,,,,,,,,
enterprise,WPS项目管理企业版需求聚类分析.md,enterprise-00961,Koll的企业,项目管理,项目与任务管理,项目台账管理,,,,,,,,
enterprise,WPS项目管理企业版需求聚类分析.md,enterprise-00962,杭州慕艺智能家居有限公司,需要部门之间相互协同跟进完成项目，,项目与任务管理,任务分配与协同,,,,,,,,
enterprise,WPS项目管理企业版需求聚类分析.md,enterprise-00963,常州市联化对外贸易有限公司,业务流程进展,客户、销售与订单,商机与销售过程管理,,,,,,,,
enterprise,WPS项目管理企业版需求聚类分析.md,enterprise-00964,北京力天大成装饰工程有限公司,装饰工程企业项目管理,工程与施工管理,装修装饰项目管理,,,,,,,,
enterprise,WPS项目管理企业版需求聚类分析.md,enterprise-00965,董士龙的企业,方便,无,无,,,,,,,,
enterprise,WPS项目管理企业版需求聚类分析.md,enterprise-00966,莫小宝的企业,2026年3月初的一场雨，让东莞市石马河流域的河道污水问题暴露无遗，情况频发，其中石潭埔旧桥就发生了黑色污水排入石马河情况，尚不知流域其他地方是否有类似情况，为摸清流域类似情况，并分析原因，制定处理方案。,无,无,,,,,,,,
enterprise,WPS项目管理企业版需求聚类分析.md,enterprise-00967,长石天燃气管道项目,隧道施工,工程与施工管理,工程验收管理,,,,,,,,
enterprise,WPS项目管理企业版需求聚类分析.md,enterprise-00968,MKK6392,施工项目,工程与施工管理,工程进度管理,,,,,,,,
enterprise,WPS项目管理企业版需求聚类分析.md,enterprise-00969,越青社(浙江)传媒有限公司,企业管理,客户、销售与订单,商机与销售过程管理,,,,,,,,
enterprise,WPS项目管理企业版需求聚类分析.md,enterprise-00970,WPS_1772546063的企业,苦口,无,无,,,,,,,,
enterprise,WPS项目管理企业版需求聚类分析.md,enterprise-00971,宜兴市荣耀纺织有限公司,面料,无,无,,,,,,,,
enterprise,WPS项目管理企业版需求聚类分析.md,enterprise-00972,金角大王的企业,管理几百个基建、技改、生产、业扩项目的物资出入库和跟踪,生产与制造管理,制造进度跟踪,,,,,,,,
enterprise,WPS项目管理企业版需求聚类分析.md,enterprise-00973,中信事业部,123,无,无,,,,,,,,
enterprise,WPS项目管理企业版需求聚类分析.md,enterprise-00974,郭强的企业,工程项目配合,工程与施工管理,工程进度管理,,,,,,,,
enterprise,WPS项目管理企业版需求聚类分析.md,enterprise-00975,自创品牌,做一个L0-L4的任务表，我来搭建一个新的创业公司，新的创业项目，分步骤和时间来完成每一步规划,项目与任务管理,项目计划管理,,,,,,,,
enterprise,WPS项目管理企业版需求聚类分析.md,enterprise-00976,深圳名龙堂数字有限公司,w'da's'd,无,无,,,,,,,,
enterprise,WPS项目管理企业版需求聚类分析.md,enterprise-00977,萧品的企业,国家人工智能应用中试基地基本已经申报下来，总金额4亿，承载地福州市，申报主体福建数联人力资源有限公司，现在时间紧、任务重，福建数联公司去年刚完成公司注册，由三家股东单位（福州市人才集团、福建省大数据集团、福州数据集团），注册资本金也没进来，公司三定方案也没有，公司目前只有董事长、总经理、副总经理和财务总监。现在要正式开始建设，,研发与产品管理,研发阶段管理,,,,,,,,
enterprise,WPS项目管理企业版需求聚类分析.md,enterprise-00978,贵州绿建科技发展有限责任公司,项目管理,项目与任务管理,项目台账管理,,,,,,,,
enterprise,WPS项目管理企业版需求聚类分析.md,enterprise-00979,东犇文化科技(深圳)有限责任公司,影视项目进度,项目与任务管理,项目进度跟踪,,,,,,,,
enterprise,WPS项目管理企业版需求聚类分析.md,enterprise-00980,江苏省人民医院（南京医科大学第一附属医院）,日常办公,协同办公与流程审批,行政事务管理,,,,,,,,
enterprise,WPS项目管理企业版需求聚类分析.md,enterprise-00981,中国共产党沧州市委员会宣传部,将监测方案生成智能表,数据分析与经营看板,可视化看板,,,,,,,,
enterprise,WPS项目管理企业版需求聚类分析.md,enterprise-00982,榆林检察新媒体工作组,1,无,无,,,,,,,,
enterprise,WPS项目管理企业版需求聚类分析.md,enterprise-00983,WPS_1654596817的企业,订单数据管理、计划管理,客户、销售与订单,订单管理,,,,,,,,
enterprise,WPS项目管理企业版需求聚类分析.md,enterprise-00984,广西建通工程咨询有限责任公司,项目管理模板，涵盖项目回款，项目成本明细，项目成员等,项目与任务管理,项目台账管理,,,,,,,,
enterprise,WPS项目管理企业版需求聚类分析.md,enterprise-00985,大太阳的企业,做好年计划、月计划、周计划的执行、落实,生产与制造管理,生产计划管理,,,,,,,,
enterprise,WPS项目管理企业版需求聚类分析.md,enterprise-00986,北京黑皮钛科技有限公司_测试部,11,无,无,,,,,,,,
enterprise,WPS项目管理企业版需求聚类分析.md,enterprise-00987,岱的企业,项目管理,项目与任务管理,项目台账管理,,,,,,,,
enterprise,WPS项目管理企业版需求聚类分析.md,enterprise-00988,七月的企业,工单,生产与制造管理,车间任务管理,,,,,,,,
enterprise,WPS项目管理企业版需求聚类分析.md,enterprise-00989,雪的企业,对不同表进行筛查,质量、安全与合规,质量检查与检验,,,,,,,,
enterprise,WPS项目管理企业版需求聚类分析.md,enterprise-00990,细雨纷飞的企业,项目全流程管理,项目与任务管理,项目计划管理,,,,,,,,
enterprise,WPS项目管理企业版需求聚类分析.md,enterprise-00991,My happiness is you 的企业,电气类产品项目管理,研发与产品管理,技术文档管理,,,,,,,,
enterprise,WPS项目管理企业版需求聚类分析.md,enterprise-00992,顶级牛马,管理一个软件集成项目,项目与任务管理,项目台账管理,,,,,,,,
enterprise,WPS项目管理企业版需求聚类分析.md,enterprise-00993,Apollo的企业,信息化,人力与组织管理,员工信息管理,,,,,,,,
enterprise,WPS项目管理企业版需求聚类分析.md,enterprise-00994,WPS_1609305030的企业,建设项目,工程与施工管理,工程进度管理,,,,,,,,
enterprise,WPS项目管理企业版需求聚类分析.md,enterprise-00995,上海国唐船务有限公司,项目成本管控,财务、合同与结算,成本核算管理,,,,,,,,
enterprise,WPS项目管理企业版需求聚类分析.md,enterprise-00996,CANDY的企业,人力资源管理系统，包含招聘、员工关系,人力与组织管理,招聘与入职管理,,,,,,,,
enterprise,WPS项目管理企业版需求聚类分析.md,enterprise-00997,+1的企业,项目管理,项目与任务管理,项目台账管理,,,,,,,,
enterprise,WPS项目管理企业版需求聚类分析.md,enterprise-00998,羊1369377163的企业,项目管理,项目与任务管理,项目台账管理,,,,,,,,
enterprise,WPS项目管理企业版需求聚类分析.md,enterprise-00999,z的企业,帮我制定项目日程安排规划表,项目与任务管理,项目计划管理,,,,,,,,
enterprise,WPS项目管理企业版需求聚类分析.md,enterprise-01000,杭州亿米诺生物科技有限公司,欧盟 体外诊断试剂产品从立项  输入 输出  到转生产  各个阶段的工作安排,研发与产品管理,打样与试制管理,,,,,,,,
enterprise,WPS项目管理企业版需求聚类分析.md,enterprise-01001,驶泰隆汽车底盘方案,办公,协同办公与流程审批,行政事务管理,,,,,,,,
enterprise,WPS项目管理企业版需求聚类分析.md,enterprise-01002,哇哦的企业,我是亚马逊运营，平时主要是管理项目、记录操作数据等,数据分析与经营看板,数据治理与数据台账,,,,,,,,
enterprise,WPS项目管理企业版需求聚类分析.md,enterprise-01003,四川像家装饰设计工程有限公司,装饰公司,工程与施工管理,装修装饰项目管理,,,,,,,,
enterprise,WPS项目管理企业版需求聚类分析.md,enterprise-01004,中乾资本,私募股权投资基金的项目,财务、合同与结算,利润与经营分析,,,,,,,,
enterprise,WPS项目管理企业版需求聚类分析.md,enterprise-01005,宜宾发展控股集团有限公司,人力资源外包项目管理,项目与任务管理,项目台账管理,,,,,,,,
enterprise,WPS项目管理企业版需求聚类分析.md,enterprise-01006,直聘通(山东)信息科技,人力资源公司 员工报名表 企业招聘需求等,人力与组织管理,招聘与入职管理,,,,,,,,
enterprise,WPS项目管理企业版需求聚类分析.md,enterprise-01007,都江堰市灌州小学校,学校工作管理,协同办公与流程审批,行政事务管理,,,,,,,,
enterprise,WPS项目管理企业版需求聚类分析.md,enterprise-01008,广州交通集团物流有限公司,1,无,无,,,,,,,,
enterprise,WPS项目管理企业版需求聚类分析.md,enterprise-01009,杭州汉阖科技有限公司（项目部）,项目时间表,项目与任务管理,项目计划管理,,,,,,,,
enterprise,WPS项目管理企业版需求聚类分析.md,enterprise-01010,夕颜项目管理,综合事务管理涉及办文、办会、办事，形成日常工作提醒及进度管控等,协同办公与流程审批,行政事务管理,,,,,,,,
enterprise,WPS项目管理企业版需求聚类分析.md,enterprise-01011,视频内容,视频制作流程,项目与任务管理,甘特图与排期可视化,,,,,,,,
enterprise,WPS项目管理企业版需求聚类分析.md,enterprise-01012,ASA.秦浩的企业,材料工程项目,工程与施工管理,装修装饰项目管理,,,,,,,,
enterprise,WPS项目管理企业版需求聚类分析.md,enterprise-01013,上海政龙运输有限公司,上车,无,无,,,,,,,,
enterprise,WPS项目管理企业版需求聚类分析.md,enterprise-01014,我的女人我宠着的企业,①部门之间协同配合问题,协同办公与流程审批,会议与纪要管理,,,,,,,,
enterprise,WPS项目管理企业版需求聚类分析.md,enterprise-01015,,②员工执行效率问题，更落地的会议任务管理,,,,,,,,,,
enterprise,WPS项目管理企业版需求聚类分析.md,enterprise-01016,,③减轻领导工作，更方便的日周月报,,,,,,,,,,
enterprise,WPS项目管理企业版需求聚类分析.md,enterprise-01017,,④项目管理，更直观把握工作进度和质量,,,,,,,,,,
enterprise,WPS项目管理企业版需求聚类分析.md,enterprise-01018,,⑤流程管理，更自动化的提醒和连接,,,,,,,,,,
enterprise,WPS项目管理企业版需求聚类分析.md,enterprise-01019,,⑥绩效考核管理，更自动化考核,,,,,,,,,,
enterprise,WPS项目管理企业版需求聚类分析.md,enterprise-01020,,⑦企业各类数据统计，更客观的过程和结果统计,,,,,,,,,,
enterprise,WPS项目管理企业版需求聚类分析.md,enterprise-01021,会飞的猫 的企业,项目采购出入库管理,项目与任务管理,项目台账管理,,,,,,,,
enterprise,WPS项目管理企业版需求聚类分析.md,enterprise-01022,WPS_1758459557的企业,进度,无,无,,,,,,,,
enterprise,WPS项目管理企业版需求聚类分析.md,enterprise-01023,个人使用者,计划制定、进度跟进、问题风险跟进、项目看板、干系人管理,数据分析与经营看板,可视化看板,,,,,,,,
enterprise,WPS项目管理企业版需求聚类分析.md,enterprise-01024,陈正威的企业,任务进度管理,项目与任务管理,任务分配与协同,,,,,,,,
enterprise,WPS项目管理企业版需求聚类分析.md,enterprise-01025,JL的企业,w'w,无,无,,,,,,,,
enterprise,WPS项目管理企业版需求聚类分析.md,enterprise-01026,zyx的企业,test,无,无,,,,,,,,
enterprise,WPS项目管理企业版需求聚类分析.md,enterprise-01027,个人行为,EPC工程项目全流程管理,工程与施工管理,工程结算管理,,,,,,,,
enterprise,WPS项目管理企业版需求聚类分析.md,enterprise-01028,重庆川仪自动化股份有限公司工程检维修分公司,独山子项目部阀门检修维护,质量、安全与合规,整改闭环管理,,,,,,,,
enterprise,WPS项目管理企业版需求聚类分析.md,enterprise-01029,墨墨墨墨墨天yi,制作沙雕动画,项目与任务管理,甘特图与排期可视化,,,,,,,,
enterprise,WPS项目管理企业版需求聚类分析.md,enterprise-01030,田芷宁的企业,项目跟进以及事项跟进人，跟进进度、结果，时间节点,项目与任务管理,项目计划管理,,,,,,,,
enterprise,WPS项目管理企业版需求聚类分析.md,enterprise-01031,YuGTsama的企业,项目进度跟踪,项目与任务管理,项目进度跟踪,,,,,,,,
enterprise,WPS项目管理企业版需求聚类分析.md,enterprise-01032,可乐熬姜汤,个人工作管理,协同办公与流程审批,行政事务管理,,,,,,,,
enterprise,WPS项目管理企业版需求聚类分析.md,enterprise-01033,玉溪项目投融资管理部,信息化项目管理,项目与任务管理,项目台账管理,,,,,,,,
enterprise,WPS项目管理企业版需求聚类分析.md,enterprise-01034,刘宇恒的企业,我是发展规划处希望能够根据大的项目计划拆分任务，然后责任到人，可以实时查看每天自己要做什么,项目与任务管理,项目计划管理,,,,,,,,
enterprise,WPS项目管理企业版需求聚类分析.md,enterprise-01035,正禾建设（昆明）发展有限公司,装饰工程项目管理,工程与施工管理,装修装饰项目管理,,,,,,,,
enterprise,WPS项目管理企业版需求聚类分析.md,enterprise-01036,河北水网数智科技有限公司,全员营销  项目管理,客户、销售与订单,电商与门店运营,,,,,,,,
enterprise,WPS项目管理企业版需求聚类分析.md,enterprise-01037,aaaaa的企业,工程施工网络计划图,工程与施工管理,工程进度管理,,,,,,,,
enterprise,WPS项目管理企业版需求聚类分析.md,enterprise-01038,车身厂2026年揭牌项目,生产制造业，车间生产质量效率提升类,生产与制造管理,车间任务管理,,,,,,,,
enterprise,WPS项目管理企业版需求聚类分析.md,enterprise-01039,原味的企业,项目工程 进度 合同 回款 材料,工程与施工管理,工程结算管理,,,,,,,,
enterprise,WPS项目管理企业版需求聚类分析.md,enterprise-01040,中化商务有限公司工业集成,招标代理公司采购项目管理,供应链与仓储物流,采购流程管理,,,,,,,,
enterprise,WPS项目管理企业版需求聚类分析.md,enterprise-01041,WPS_1771901318的企业,管理 年度计划和预算,财务、合同与结算,预算管理,,,,,,,,
enterprise,WPS项目管理企业版需求聚类分析.md,enterprise-01042,钢研工程,工程项目管理,工程与施工管理,工程进度管理,,,,,,,,
enterprise,WPS项目管理企业版需求聚类分析.md,enterprise-01043,罗茨真空,生产排产,生产与制造管理,排产管理,,,,,,,,
enterprise,WPS项目管理企业版需求聚类分析.md,enterprise-01044,北京建工养护集团科技检测处,项目管理,项目与任务管理,项目台账管理,,,,,,,,
enterprise,WPS项目管理企业版需求聚类分析.md,enterprise-01045,CHEN的企业,IATF16949 APQP项目开发管理,项目与任务管理,项目台账管理,,,,,,,,
enterprise,WPS项目管理企业版需求聚类分析.md,enterprise-01046,湛江市尚蓝环保科技有限公司,环保咨询项目,质量、安全与合规,安全管理,,,,,,,,
enterprise,WPS项目管理企业版需求聚类分析.md,enterprise-01047,北京启迪注安技术服务有限公司,主要用于日常OA和项目管理，将现在的表单系统化管理，实现项目预立项、立项、项目汇总看板、合同审批、项目立项、项目预算、项目进度、项目表更、用印申请、项目成果提交申请、专家库、专家动态看板、采购申请审批、采购入库验收、物品领用出库、资产台账等信息化,项目与任务管理,项目进度跟踪,,,,,,,,
enterprise,WPS项目管理企业版需求聚类分析.md,enterprise-01048,鄂尔多斯市振业工程建设有限公司,合同台账，应付，应收，报销审批,财务、合同与结算,收付款与回款管理,,,,,,,,
enterprise,WPS项目管理企业版需求聚类分析.md,enterprise-01049,净水器梅先生的企业,工程项目管理,工程与施工管理,工程进度管理,,,,,,,,
enterprise,WPS项目管理企业版需求聚类分析.md,enterprise-01050,甘肃电气装备集团工业工程有限公司,工程,工程与施工管理,工程进度管理,,,,,,,,
enterprise,WPS项目管理企业版需求聚类分析.md,enterprise-01051,新思考电机股份有限公司,1,无,无,,,,,,,,
enterprise,WPS项目管理企业版需求聚类分析.md,enterprise-01052,遂宁市遂安工程审核有限公司,项目进度跟进,项目与任务管理,项目进度跟踪,,,,,,,,
enterprise,WPS项目管理企业版需求聚类分析.md,enterprise-01053,测试企业001,项目分工与排期,项目与任务管理,项目计划管理,,,,,,,,
enterprise,WPS项目管理企业版需求聚类分析.md,enterprise-01054,生活实践教育秘书处的企业,1243,无,无,,,,,,,,
enterprise,WPS项目管理企业版需求聚类分析.md,enterprise-01055,广东昂为环保产业有限公司,项目周报,数据分析与经营看板,报表管理,,,,,,,,
enterprise,WPS项目管理企业版需求聚类分析.md,enterprise-01056,平凉新福渣土运输有限公司,帮我生成不同工地运输费用收入的模板,财务、合同与结算,费用与报销管理,,,,,,,,
enterprise,WPS项目管理企业版需求聚类分析.md,enterprise-01057,袁琨的企业,项目管理,项目与任务管理,项目台账管理,,,,,,,,
enterprise,WPS项目管理企业版需求聚类分析.md,enterprise-01058,湖南全恒信息技术咨询有限公司,项目管理及企业管理,研发与产品管理,研发项目管理,,,,,,,,
enterprise,WPS项目管理企业版需求聚类分析.md,enterprise-01059,不可执迷、的企业,优化项目管理流程，让表格更美化,研发与产品管理,研发项目管理,,,,,,,,
enterprise,WPS项目管理企业版需求聚类分析.md,enterprise-01060,木一的企业,我是园林景观设计与工程公司，现在需要一个项目商务台账，记录关键节点、状态、合同信息、资金到款进度、客户维护日志等,项目与任务管理,项目台账管理,,,,,,,,
enterprise,WPS项目管理企业版需求聚类分析.md,enterprise-01061,江西工商职业技术学院,办公室用品管理,协同办公与流程审批,行政事务管理,,,,,,,,
enterprise,WPS项目管理企业版需求聚类分析.md,enterprise-01062,中铁二院科研院智能所,项目任务、进度管理,项目与任务管理,任务分配与协同,,,,,,,,
enterprise,WPS项目管理企业版需求聚类分析.md,enterprise-01063,苏州现代货箱码头有限公司,123,无,无,,,,,,,,
enterprise,WPS项目管理企业版需求聚类分析.md,enterprise-01064,闹闹不闹的企业,统计,数据分析与经营看板,统计汇总,,,,,,,,
enterprise,WPS项目管理企业版需求聚类分析.md,enterprise-01065,钱多多的企业,物业公司项目维修,服务、工单与运维,报修管理,,,,,,,,
enterprise,WPS项目管理企业版需求聚类分析.md,enterprise-01066,小U的企业,课件PPT制作,项目与任务管理,甘特图与排期可视化,,,,,,,,
enterprise,WPS项目管理企业版需求聚类分析.md,enterprise-01067,内蒙古千巡翼科技有限公司,项目日志,项目与任务管理,项目复盘与总结,,,,,,,,
enterprise,WPS项目管理企业版需求聚类分析.md,enterprise-01068,刘的企业2,制作业使用，可以管理仓库物料，管理合同和项目，管理采购,供应链与仓储物流,物料采购管理,,,,,,,,
enterprise,WPS项目管理企业版需求聚类分析.md,enterprise-01069,王宇的企业,1,无,无,,,,,,,,
enterprise,WPS项目管理企业版需求聚类分析.md,enterprise-01070,鹏程的企业,汽车零部件开发多个项目进度及代办事项跟踪,项目与任务管理,项目进度跟踪,,,,,,,,
enterprise,WPS项目管理企业版需求聚类分析.md,enterprise-01071,潘飞个人,试用 了解,无,无,,,,,,,,
enterprise,WPS项目管理企业版需求聚类分析.md,enterprise-01072,WPS_1485246473的企业,周、月、季，各分公司汇报模板，内容关于周目标、重点工作等,生产与制造管理,生产计划管理,,,,,,,,
enterprise,WPS项目管理企业版需求聚类分析.md,enterprise-01073,山东凯晨城建有限公司,工程项目管理,工程与施工管理,工程进度管理,,,,,,,,
enterprise,WPS项目管理企业版需求聚类分析.md,enterprise-01074,unsigned的企业,项目进度管理,项目与任务管理,项目进度跟踪,,,,,,,,
enterprise,WPS项目管理企业版需求聚类分析.md,enterprise-01075,骐骥杯-神码队,生成软件开发计划模板,研发与产品管理,研发项目管理,,,,,,,,
enterprise,WPS项目管理企业版需求聚类分析.md,enterprise-01076,刘晓敏的企业,项目开发流程,研发与产品管理,研发项目管理,,,,,,,,
enterprise,WPS项目管理企业版需求聚类分析.md,enterprise-01077,Lyaron的企业,不需要,无,无,,,,,,,,
enterprise,WPS项目管理企业版需求聚类分析.md,enterprise-01078,华东理工大学(分店),个人todolist,无,无,,,,,,,,
enterprise,WPS项目管理企业版需求聚类分析.md,enterprise-01079,凉凉的企业,根据项目交期完成各项目节点时限,项目与任务管理,项目计划管理,,,,,,,,
enterprise,WPS项目管理企业版需求聚类分析.md,enterprise-01080,星聚宇黑料开发团队,模具制作流程,生产与制造管理,装配与调试管理,,,,,,,,
enterprise,WPS项目管理企业版需求聚类分析.md,enterprise-01081,上海承飞2,项目管理,项目与任务管理,项目台账管理,,,,,,,,
enterprise,WPS项目管理企业版需求聚类分析.md,enterprise-01082,鹰潭盛景工程检测有限公司,职场商务,生产与制造管理,车间任务管理,,,,,,,,
enterprise,WPS项目管理企业版需求聚类分析.md,enterprise-01083,帕亚尼订单部,111111,无,无,,,,,,,,
enterprise,WPS项目管理企业版需求聚类分析.md,enterprise-01084,安逗的企业,项目工作流,项目与任务管理,项目复盘与总结,,,,,,,,
enterprise,WPS项目管理企业版需求聚类分析.md,enterprise-01085,just like this的企业,请假审批系统,协同办公与流程审批,审批流程管理,,,,,,,,
enterprise,WPS项目管理企业版需求聚类分析.md,enterprise-01086,李龙的企业,对对对,无,无,,,,,,,,
enterprise,WPS项目管理企业版需求聚类分析.md,enterprise-01087,LLL的企业,周报,数据分析与经营看板,报表管理,,,,,,,,
enterprise,WPS项目管理企业版需求聚类分析.md,enterprise-01088,镇江亚思科,建材批发零售,供应链与仓储物流,物料采购管理,,,,,,,,
enterprise,WPS项目管理企业版需求聚类分析.md,enterprise-01089,福建有德致远工程项目管理有限公司,安排任务给员工,生产与制造管理,车间任务管理,,,,,,,,
enterprise,WPS项目管理企业版需求聚类分析.md,enterprise-01090,苏州驰灵环控技术服务有限公司,工程项目管理,工程与施工管理,工程进度管理,,,,,,,,
enterprise,WPS项目管理企业版需求聚类分析.md,enterprise-01091,一叶知秋的企业,你好，我想要一个项目从预算开始，到实际成本采购，形成销售，最后得出利润 的系统,财务、合同与结算,成本核算管理,,,,,,,,
enterprise,WPS项目管理企业版需求聚类分析.md,enterprise-01092,莫工的企业,项目管理,项目与任务管理,项目台账管理,,,,,,,,
enterprise,WPS项目管理企业版需求聚类分析.md,enterprise-01093,(^^)JJ&amp;XM的企业,收到,无,无,,,,,,,,
enterprise,WPS项目管理企业版需求聚类分析.md,enterprise-01094,机电工程学院团学,、,无,无,,,,,,,,
enterprise,WPS项目管理企业版需求聚类分析.md,enterprise-01095,山西启炜科技有限公司,工程管理及材料统计,工程与施工管理,工程结算管理,,,,,,,,
enterprise,WPS项目管理企业版需求聚类分析.md,enterprise-01096,靖江盛豪建筑工程咨询有限公司,我们是做光伏储能充电桩项目的，想做计划进度表。,工程与施工管理,工程进度管理,,,,,,,,
enterprise,WPS项目管理企业版需求聚类分析.md,enterprise-01097,黑暗幽灵,产品开发,研发与产品管理,产品开发管理,,,,,,,,
enterprise,WPS项目管理企业版需求聚类分析.md,enterprise-01098,吉林省时间之友建设工程有限公司,土建工程管理,工程与施工管理,工程进度管理,,,,,,,,
enterprise,WPS项目管理企业版需求聚类分析.md,enterprise-01099,浅微忆的企业,需要撰写部门的年度任务，分解成月度任务及周计划,项目与任务管理,项目计划管理,,,,,,,,
enterprise,WPS项目管理企业版需求聚类分析.md,enterprise-01100,柳深时见鹿的企业,物流管理专业小组作业管理,供应链与仓储物流,供应商管理,,,,,,,,
enterprise,WPS项目管理企业版需求聚类分析.md,enterprise-01101,厦门创神奇网络科技有限公司,项目开发,研发与产品管理,研发项目管理,,,,,,,,
enterprise,WPS项目管理企业版需求聚类分析.md,enterprise-01102,肖贵晶的企业,1,无,无,,,,,,,,
enterprise,WPS项目管理企业版需求聚类分析.md,enterprise-01103,傲雪餐饮店有限公司,帮我设置一下第一个改成扫码点单,无,无,,,,,,,,
enterprise,WPS项目管理企业版需求聚类分析.md,enterprise-01104,ultrone NZ Ltd,如何建立一个保温棉安装每天每周 每月的任务安排,生产与制造管理,生产计划管理,,,,,,,,
enterprise,WPS项目管理企业版需求聚类分析.md,enterprise-01105,V的企业,记工，发工资,财务、合同与结算,收付款与回款管理,,,,,,,,
enterprise,WPS项目管理企业版需求聚类分析.md,enterprise-01106,淡然☞浅笑☜的企业,进度,无,无,,,,,,,,
enterprise,WPS项目管理企业版需求聚类分析.md,enterprise-01107,TheValues,test,无,无,,,,,,,,
enterprise,WPS项目管理企业版需求聚类分析.md,enterprise-01108,吴建的企业,活动公司项目管理,项目与任务管理,项目台账管理,,,,,,,,
enterprise,WPS项目管理企业版需求聚类分析.md,enterprise-01109,风雨雪的企业,"模具项目,",生产与制造管理,装配与调试管理,,,,,,,,
enterprise,WPS项目管理企业版需求聚类分析.md,enterprise-01110,方寸、星河的企业,制造业生产数据自动化,数据分析与经营看板,统计汇总,,,,,,,,
enterprise,WPS项目管理企业版需求聚类分析.md,enterprise-01111,易中易公司,采购项目,供应链与仓储物流,采购流程管理,,,,,,,,
enterprise,WPS项目管理企业版需求聚类分析.md,enterprise-01112,董良的企业,汽车出风口,无,无,,,,,,,,
enterprise,WPS项目管理企业版需求聚类分析.md,enterprise-01113,三亦的企业,养猪场建设工程甘特图,项目与任务管理,甘特图与排期可视化,,,,,,,,
enterprise,WPS项目管理企业版需求聚类分析.md,enterprise-01114,十四的企业,项目监督及进度，问题等级处理闭环,质量、安全与合规,整改闭环管理,,,,,,,,
enterprise,WPS项目管理企业版需求聚类分析.md,enterprise-01115,云南精图科技有限公司祥云分公司,项目编号	委托日期	项目名称	委托单位及电话	所属乡镇	所属村委会	坐落	项目类型	外业测绘技术负责人	报规技术负责人	草图及其他资料收集情况	鉴定报告已完成情况	宗地图完成人员	宗地图完成情况	二层设计图完成情况	三层报规图完成情况	项目总体完成情况	是否提交业主	费用支付	备注,项目与任务管理,项目台账管理,,,,,,,,
enterprise,WPS项目管理企业版需求聚类分析.md,enterprise-01116,西安方方包装材料有限公司,生产管理,生产与制造管理,排产管理,,,,,,,,
enterprise,WPS项目管理企业版需求聚类分析.md,enterprise-01117,逗逗的老逗的企业,项目追踪,项目与任务管理,项目进度跟踪,,,,,,,,
enterprise,WPS项目管理企业版需求聚类分析.md,enterprise-01118,中国万岁,如何和客户沟通,客户、销售与订单,客户跟进管理,,,,,,,,
enterprise,WPS项目管理企业版需求聚类分析.md,enterprise-01119,良乡污水处理厂三期工程,我们是一家建筑施工企业的总承包管理项目部，需要进行项目的技术质量管理工作。,研发与产品管理,设计评审管理,,,,,,,,
enterprise,WPS项目管理企业版需求聚类分析.md,enterprise-01120,王国峰的企业,冲击式掘进机施工工效,工程与施工管理,工程进度管理,,,,,,,,
enterprise,WPS项目管理企业版需求聚类分析.md,enterprise-01121,A~微罗田(俏房产13636095277)的企业,石油化工安装 钢构制作安装 设备制作,生产与制造管理,生产交付协同,,,,,,,,
enterprise,WPS项目管理企业版需求聚类分析.md,enterprise-01122,北京博笛智家科技有限公司,A,无,无,,,,,,,,
enterprise,WPS项目管理企业版需求聚类分析.md,enterprise-01123,甘肃陇宸广盛新能源有限公司,没有,无,无,,,,,,,,
enterprise,WPS项目管理企业版需求聚类分析.md,enterprise-01124,中山市意栢建材商行,全屋定制项目管理,工程与施工管理,装修装饰项目管理,,,,,,,,
enterprise,WPS项目管理企业版需求聚类分析.md,enterprise-01125,炬财电商咨询(广州)有限公司,1,无,无,,,,,,,,
enterprise,WPS项目管理企业版需求聚类分析.md,enterprise-01126,蛙妹妹牛蛙,我需要一个销售日常业务跟进的模板,客户、销售与订单,商机与销售过程管理,,,,,,,,
enterprise,WPS项目管理企业版需求聚类分析.md,enterprise-01127,哇喔~的企业,解决项目进度监督管理,项目与任务管理,项目进度跟踪,,,,,,,,
enterprise,WPS项目管理企业版需求聚类分析.md,enterprise-01128,的企业,存储c,协同办公与流程审批,文档与档案管理,,,,,,,,
enterprise,WPS项目管理企业版需求聚类分析.md,enterprise-01129,正兴企划,视频拍摄,无,无,,,,,,,,
enterprise,WPS项目管理企业版需求聚类分析.md,enterprise-01130,樂遊的企业,奥德赛阿萨德,无,无,,,,,,,,
enterprise,WPS项目管理企业版需求聚类分析.md,enterprise-01131,逻辑链剧本,想做一下管理工作初期的OKR管理,协同办公与流程审批,行政事务管理,,,,,,,,
enterprise,WPS项目管理企业版需求聚类分析.md,enterprise-01132,恒正塑料制品有限公司,多人协作办公,协同办公与流程审批,协同办公,,,,,,,,
enterprise,WPS项目管理企业版需求聚类分析.md,enterprise-01133,知足知止的企业,制作一个财务费用与营收流水清单并能汇总费用或营收，最好用图表方式体现,财务、合同与结算,费用与报销管理,,,,,,,,
enterprise,WPS项目管理企业版需求聚类分析.md,enterprise-01134,裴涛项目跟踪情况汇总表,作为项目经理，对公司所有项目的关键时间节点、项目进度以及项目完成情况进行汇总，以便公司高层可以快速了解项目具体情况,项目与任务管理,项目进度跟踪,,,,,,,,
enterprise,WPS项目管理企业版需求聚类分析.md,enterprise-01135,广东中天粤会计师事务所(特殊普通合伙)惠州分所,能通过考勤算出补贴和项目成本，从而生成提成表和工资占比,人力与组织管理,薪酬与社保管理,,,,,,,,
enterprise,WPS项目管理企业版需求聚类分析.md,enterprise-01136,JkST,换电站产品项目管理,研发与产品管理,研发项目管理,,,,,,,,
enterprise,WPS项目管理企业版需求聚类分析.md,enterprise-01137,Strive...的企业,施工企业,工程与施工管理,工程进度管理,,,,,,,,
enterprise,WPS项目管理企业版需求聚类分析.md,enterprise-01138,嘉兴赛涛办公用品股份有限公司,了解一下,无,无,,,,,,,,
enterprise,WPS项目管理企业版需求聚类分析.md,enterprise-01139,洪城感知,跨部门工作流转,项目与任务管理,任务分配与协同,,,,,,,,
enterprise,WPS项目管理企业版需求聚类分析.md,enterprise-01140,jing的企业,每个项目信息包括合同信息单独建项，最后生成一张信息表,协同办公与流程审批,文档与档案管理,,,,,,,,
enterprise,WPS项目管理企业版需求聚类分析.md,enterprise-01141,华夏盛世,vgfrrg,无,无,,,,,,,,
enterprise,WPS项目管理企业版需求聚类分析.md,enterprise-01142,安徽中安创谷科技园有限公司,我手头工作很杂，每日做工作计划老师忘掉最近手头有几个事项，以及每个事项进展，我需要一个模板，能方便我做每日计划，同时又能直观看到我手头几个项目进度，帮我编排日计划,项目与任务管理,项目进度跟踪,,,,,,,,
enterprise,WPS项目管理企业版需求聚类分析.md,enterprise-01143,北京筑邦众联装饰材料有限公司,销售,客户、销售与订单,商机与销售过程管理,,,,,,,,
enterprise,WPS项目管理企业版需求聚类分析.md,enterprise-01144,海目星激光科技集团股份有限公司,1,无,无,,,,,,,,
enterprise,WPS项目管理企业版需求聚类分析.md,enterprise-01145,广州铭鹰广告服务有限公司,需要项目流程节点管理，对应的负责人有代办提醒，最后这个项目结束需要资料归档，便于查看,项目与任务管理,里程碑管理,,,,,,,,
enterprise,WPS项目管理企业版需求聚类分析.md,enterprise-01146,七喜的企业,1,无,无,,,,,,,,
enterprise,WPS项目管理企业版需求聚类分析.md,enterprise-01147,涂层部件技术开发部,we,无,无,,,,,,,,
enterprise,WPS项目管理企业版需求聚类分析.md,enterprise-01148,悦享精工(天津)科技有限公司,我是注塑模具，注塑塑料件，医疗器械行业塑料件的生产、销售、售后；在业务开过过程中，我需要登记客户详细资料，询价产品，关键决策人信息；不管客户合作还是没合作，都放在客户公海。新的项目一般分为：项目询盘、项目信息沟通、项目报价，项目跟踪，项目成交，成交原因分析，项目失败，失败原因分析；还要设定年度销售计划，预计有四个品类，模具和机加工、注塑、挤出、OEM组装，这四个品类都分解有计划。最终根据月目标计划形成集中展示板。,客户、销售与订单,商机与销售过程管理,,,,,,,,
enterprise,WPS项目管理企业版需求聚类分析.md,enterprise-01149,Yang,主要用于生物制药一次性耗材产品的管理，包括研发进度跟进、产品改进、客户项目、产品宣传,研发与产品管理,产品开发管理,,,,,,,,
enterprise,WPS项目管理企业版需求聚类分析.md,enterprise-01150,上海久加久装饰工程有限公司,建筑装饰工程楼,工程与施工管理,装修装饰项目管理,,,,,,,,
enterprise,WPS项目管理企业版需求聚类分析.md,enterprise-01151,南平实业集团有限公司,公司各部门任务分配与下发,人力与组织管理,组织与岗位管理,,,,,,,,
enterprise,WPS项目管理企业版需求聚类分析.md,enterprise-01152,舒娜的企业,进行项目分解,项目与任务管理,项目复盘与总结,,,,,,,,
enterprise,WPS项目管理企业版需求聚类分析.md,enterprise-01153,国网信通亿力科技有限责任公司,帮我制定网络计划图模板,项目与任务管理,甘特图与排期可视化,,,,,,,,
enterprise,WPS项目管理企业版需求聚类分析.md,enterprise-01154,马的管理,1234,无,无,,,,,,,,
enterprise,WPS项目管理企业版需求聚类分析.md,enterprise-01155,河南省矿山起重机有限公司海盐分公司,制造行业项目,生产与制造管理,生产交付协同,,,,,,,,
enterprise,WPS项目管理企业版需求聚类分析.md,enterprise-01156,把酒言欢,项目施工计划、进度、发货、质量、安全管理,工程与施工管理,工程进度管理,,,,,,,,
enterprise,WPS项目管理企业版需求聚类分析.md,enterprise-01157,广州广铁招标代理有限公司,招标流程进度管理,客户、销售与订单,商机与销售过程管理,,,,,,,,
enterprise,WPS项目管理企业版需求聚类分析.md,enterprise-01158,四川省豫鑫防火材料有限责任公司,建筑业预算与成本管理,财务、合同与结算,成本核算管理,,,,,,,,
enterprise,WPS项目管理企业版需求聚类分析.md,enterprise-01159,DEAR. JESSIE的企业,政府课题项目,工程与施工管理,基建与市政项目管理,,,,,,,,
enterprise,WPS项目管理企业版需求聚类分析.md,enterprise-01160,北京神州泰岳软件股份有限公司,l,无,无,,,,,,,,
enterprise,WPS项目管理企业版需求聚类分析.md,enterprise-01161,东风汽车股份有限公司,车型项目管理,研发与产品管理,研发阶段管理,,,,,,,,
enterprise,WPS项目管理企业版需求聚类分析.md,enterprise-01162,四川君安物流集团有限公司,项目管理,项目与任务管理,项目台账管理,,,,,,,,
enterprise,WPS项目管理企业版需求聚类分析.md,enterprise-01163,东河2025级,教务管理,人力与组织管理,培训与人才发展管理,,,,,,,,
enterprise,WPS项目管理企业版需求聚类分析.md,enterprise-01164,太原市政务服务中心信息化运维项目,项目团队共享,项目与任务管理,任务分配与协同,,,,,,,,
enterprise,WPS项目管理企业版需求聚类分析.md,enterprise-01165,北京青春你好文化传媒有限公司,影视项目管理,项目与任务管理,甘特图与排期可视化,,,,,,,,
enterprise,WPS项目管理企业版需求聚类分析.md,enterprise-01166,@Xy的企业,项目管理,项目与任务管理,项目台账管理,,,,,,,,
enterprise,WPS项目管理企业版需求聚类分析.md,enterprise-01167,七号旗舰店,弱电智能化工程项目管理,生产与制造管理,非标制造管理,,,,,,,,
enterprise,WPS项目管理企业版需求聚类分析.md,enterprise-01168,常州盛翔智能科技有限公司,项目管理,项目与任务管理,项目台账管理,,,,,,,,
enterprise,WPS项目管理企业版需求聚类分析.md,enterprise-01169,WPS_1689212874的企业,客户管理,客户、销售与订单,客户信息管理,,,,,,,,
enterprise,WPS项目管理企业版需求聚类分析.md,enterprise-01170,REELA6868,工作进度跟踪,生产与制造管理,车间任务管理,,,,,,,,
enterprise,WPS项目管理企业版需求聚类分析.md,enterprise-01171,中铁十七局集团有限公司中心医院,不同项目的信息共享、进度跟踪、问题呈现等,项目与任务管理,项目复盘与总结,,,,,,,,
enterprise,WPS项目管理企业版需求聚类分析.md,enterprise-01172,啦啦啦啦啦1406636191的企业,11,无,无,,,,,,,,
enterprise,WPS项目管理企业版需求聚类分析.md,enterprise-01173,闲庭看花的企业,孩子学习,人力与组织管理,培训与人才发展管理,,,,,,,,
enterprise,WPS项目管理企业版需求聚类分析.md,enterprise-01174,,生活计划,,,,,,,,,,
enterprise,WPS项目管理企业版需求聚类分析.md,enterprise-01175,钱 卫丰的企业,产品研发项目管理,研发与产品管理,产品开发管理,,,,,,,,
enterprise,WPS项目管理企业版需求聚类分析.md,enterprise-01176,康康的企业,1,无,无,,,,,,,,
enterprise,WPS项目管理企业版需求聚类分析.md,enterprise-01177,七夜的企业,节拍提升,无,无,,,,,,,,
enterprise,WPS项目管理企业版需求聚类分析.md,enterprise-01178,水火的企业,业务场景  沟通4S店 达成合作 油卡对接 消耗 销售以及回收 返佣 库存和记账等模式,客户、销售与订单,客户跟进管理,,,,,,,,
enterprise,WPS项目管理企业版需求聚类分析.md,enterprise-01179,工程技术,流程进度,协同办公与流程审批,流程标准化与SOP,,,,,,,,
enterprise,WPS项目管理企业版需求聚类分析.md,enterprise-01180,Love 洹 宝 贝的企业,信息化建设项目备案,项目与任务管理,项目台账管理,,,,,,,,
enterprise,WPS项目管理企业版需求聚类分析.md,enterprise-01181,時光┈━═☆流年的企业,贸易公司流程规范以及公司清晰帐本,协同办公与流程审批,台账与登记管理,,,,,,,,
enterprise,WPS项目管理企业版需求聚类分析.md,enterprise-01182,山东闪洋网络科技有限公司,跨境电商独立站,客户、销售与订单,电商与门店运营,,,,,,,,
enterprise,WPS项目管理企业版需求聚类分析.md,enterprise-01183,中化工程集团财务有限公司,试用,无,无,,,,,,,,
enterprise,WPS项目管理企业版需求聚类分析.md,enterprise-01184, 无关善良的企业,项目节点记录，合同归档记录，回款情况记录，验收及回款情况记录，供应商对应费用结算记录,财务、合同与结算,收付款与回款管理,,,,,,,,
enterprise,WPS项目管理企业版需求聚类分析.md,enterprise-01185,任洪斌的企业,电子数码产品开发进度管理,研发与产品管理,技术文档管理,,,,,,,,
enterprise,WPS项目管理企业版需求聚类分析.md,enterprise-01186,F的企业,收集工作内容,协同办公与流程审批,行政事务管理,,,,,,,,
enterprise,WPS项目管理企业版需求聚类分析.md,enterprise-01187,海纳百川的企业,项目管理,项目与任务管理,项目台账管理,,,,,,,,
enterprise,WPS项目管理企业版需求聚类分析.md,enterprise-01188,武汉普岚设计有限公司,装饰工程项目,工程与施工管理,装修装饰项目管理,,,,,,,,
enterprise,WPS项目管理企业版需求聚类分析.md,enterprise-01189,333333,目标计划,客户、销售与订单,销售目标管理,,,,,,,,
enterprise,WPS项目管理企业版需求聚类分析.md,enterprise-01190,WPS_469141190的企业,咨询顾问公司,人力与组织管理,招聘与入职管理,,,,,,,,
enterprise,WPS项目管理企业版需求聚类分析.md,enterprise-01191,Legendary的企业,项目管理标准模板,项目与任务管理,项目台账管理,,,,,,,,
enterprise,WPS项目管理企业版需求聚类分析.md,enterprise-01192,L的企业,运营方案,生产与制造管理,车间任务管理,,,,,,,,
enterprise,WPS项目管理企业版需求聚类分析.md,enterprise-01193,杭州奕昂旅行社有限公司,项目管理甘特图,项目与任务管理,甘特图与排期可视化,,,,,,,,
enterprise,WPS项目管理企业版需求聚类分析.md,enterprise-01194,浙江长龙航空有限公司,多人领导分配多人任务小组，任务查看和共享，看板,数据分析与经营看板,可视化看板,,,,,,,,
enterprise,WPS项目管理企业版需求聚类分析.md,enterprise-01195,广东德锦装饰工程有限公司,装饰工程项目,工程与施工管理,装修装饰项目管理,,,,,,,,
enterprise,WPS项目管理企业版需求聚类分析.md,enterprise-01196,WPS_1623757226的企业,效率提升,数据分析与经营看板,绩效与工作量分析,,,,,,,,
enterprise,WPS项目管理企业版需求聚类分析.md,enterprise-01197,天天的企业,项目管理,项目与任务管理,项目台账管理,,,,,,,,
enterprise,WPS项目管理企业版需求聚类分析.md,enterprise-01198,河南碧海云天园林工程有限公司,多个园林景观施工项目同时在施，需多部门协同配合,项目与任务管理,多项目组合管理,,,,,,,,
enterprise,WPS项目管理企业版需求聚类分析.md,enterprise-01199,协合运维-龙哥,宽带薪酬，自动测算工具,财务、合同与结算,收付款与回款管理,,,,,,,,
enterprise,WPS项目管理企业版需求聚类分析.md,enterprise-01200,劲森电力,试试,无,无,,,,,,,,
enterprise,WPS项目管理企业版需求聚类分析.md,enterprise-01201,启宸采购管理部,群共享台账及资料备份,协同办公与流程审批,文档与档案管理,,,,,,,,
enterprise,WPS项目管理企业版需求聚类分析.md,enterprise-01202,秋实项目管理,查看甘特图,项目与任务管理,甘特图与排期可视化,,,,,,,,
enterprise,WPS项目管理企业版需求聚类分析.md,enterprise-01203,金定华的企业,我想设置一个银行金融市场部资金业务的投资情况，包括信用风险，利率风险，以及风险监控的模版,数据分析与经营看板,可视化看板,,,,,,,,
enterprise,WPS项目管理企业版需求聚类分析.md,enterprise-01204,河北安满生物科技有限公司,地图,项目与任务管理,甘特图与排期可视化,,,,,,,,
enterprise,WPS项目管理企业版需求聚类分析.md,enterprise-01205,六月十五的企业,萧山一始,无,无,,,,,,,,
enterprise,WPS项目管理企业版需求聚类分析.md,enterprise-01206,昝博文的企业,我司为新能源电站投资公司，需要对旗下各个新能源电站项目进行开发落地进度跟踪，需跟踪各电站各环节完成情况，并能显示各环节待办事项、已完成事项。最好能有项目展开收缩功能，保持跟踪表整体的简洁的同时，展开后又能看到具体单个项目的进度及具体问题、待办事项等信息,项目与任务管理,项目进度跟踪,,,,,,,,
enterprise,WPS项目管理企业版需求聚类分析.md,enterprise-01207,小萝卜的企业,我们正在参与一个AI模拟面试与能力提升软件的开发竞赛。用户已经完成了语音情感识别的初步测试（基于emotion2vec），现在需要整体架构设计。用户的核心问题：,生产与制造管理,装配与调试管理,,,,,,,,
enterprise,WPS项目管理企业版需求聚类分析.md,enterprise-01208,,技术栈选择：全Python（Flask/FastAPI） vs. Python（AI部分）+ Java SpringBoot（基础功能）。哪个好？,,,,,,,,,,
enterprise,WPS项目管理企业版需求聚类分析.md,enterprise-01209,,AI大模型集成：如何整合Coze/豆包模型？如何构建面试题库和知识库（RAG）？,,,,,,,,,,
enterprise,WPS项目管理企业版需求聚类分析.md,enterprise-01210,,多模态交互：语音输入（使用现有情感识别）、文字输入，以及可能的数字人（科大讯飞）输出。,,,,,,,,,,
enterprise,WPS项目管理企业版需求聚类分析.md,enterprise-01211,,功能模块：用户端（模拟面试、能力提升）、管理员端（管理题库、模型、查看用户数据）。,,,,,,,,,,
enterprise,WPS项目管理企业版需求聚类分析.md,enterprise-01212,,数据整合：简历、职业信息、题库、面试记录、评分报告等。,,,,,,,,,,
enterprise,WPS项目管理企业版需求聚类分析.md,enterprise-01213,,附加功能：岗位推荐（爬虫？）、视频面试（暂缓）、图表展示。,,,,,,,,,,
enterprise,WPS项目管理企业版需求聚类分析.md,enterprise-01214,狐狸痞子的企业,系统集成,协同办公与流程审批,流程标准化与SOP,,,,,,,,
enterprise,WPS项目管理企业版需求聚类分析.md,enterprise-01215,WPS_1680513511的企业,1,无,无,,,,,,,,
enterprise,WPS项目管理企业版需求聚类分析.md,enterprise-01216,赵云的企业,我要做每个人的档案表格word版本，包括姓名、身份证号、党风廉政建设年度考核情况、个人受表彰情况、上交礼品礼金情况、婚丧喜庆事宜报备、党风廉政建设意见回复、检举情况、廉政谈话、受纪律处分情况，录入信息我想弄一个数据库批量维护信息，自动生成每个人的档案表,协同办公与流程审批,文档与档案管理,,,,,,,,
enterprise,WPS项目管理企业版需求聚类分析.md,enterprise-01217,季大师的企业,甘特图,项目与任务管理,甘特图与排期可视化,,,,,,,,
enterprise,WPS项目管理企业版需求聚类分析.md,enterprise-01218,考的都会的企业,材料购买 工人工资  收支明细表,人力与组织管理,工时与人员负荷管理,,,,,,,,
enterprise,WPS项目管理企业版需求聚类分析.md,enterprise-01219,Cindy的企业,工程项目执行信息模板，从销售，采购，生产，工厂验货，运输，安装，故障处理，调试，整改，验收，收款等信息,生产与制造管理,装配与调试管理,,,,,,,,
enterprise,WPS项目管理企业版需求聚类分析.md,enterprise-01220,河北睿嘉轩新材料科技有限公司,我不需要,无,无,,,,,,,,
enterprise,WPS项目管理企业版需求聚类分析.md,enterprise-01221,南方有泽、的企业,采购管理和生产管理,生产与制造管理,生产交付协同,,,,,,,,
enterprise,WPS项目管理企业版需求聚类分析.md,enterprise-01222,S.時時的企业,公司计划上线一款ERP软件，打算利用wps项目管理对软件实施过程进行系统的规划和管理，从项目开始到结束，跟进所有过程，对软件落地实施的全过程进行管控，有实施计划汇总甘特图，有甘特图细分到每天的任务日历页面，日历页面有每日待办事项提醒，有存储项目文件的地方，有各部门管理的思维导图更好，有各部门组织流程架构,项目与任务管理,甘特图与排期可视化,,,,,,,,
enterprise,WPS项目管理企业版需求聚类分析.md,enterprise-01223,lizhijian的企业,制造业模具零件产品周期进度，配套BOM，,研发与产品管理,图纸与BOM管理,,,,,,,,
enterprise,WPS项目管理企业版需求聚类分析.md,enterprise-01224,梧桐智能城投管控公司,信息系统项目管理,项目与任务管理,项目台账管理,,,,,,,,
enterprise,WPS项目管理企业版需求聚类分析.md,enterprise-01225,武汉市政环境工程建设有限公司,写工程项目投标技术标书,研发与产品管理,技术文档管理,,,,,,,,
enterprise,WPS项目管理企业版需求聚类分析.md,enterprise-01226,天津市宏源水处理工程有限公司,设备制作和工程项目,生产与制造管理,非标制造管理,,,,,,,,
enterprise,WPS项目管理企业版需求聚类分析.md,enterprise-01227,释怀的企业,工程项目全过程管控,工程与施工管理,工程进度管理,,,,,,,,
enterprise,WPS项目管理企业版需求聚类分析.md,enterprise-01228,逐鹿Martins的企业,采购日常工作,生产与制造管理,车间任务管理,,,,,,,,
enterprise,WPS项目管理企业版需求聚类分析.md,enterprise-01229,火华工作,文件共享,协同办公与流程审批,文档与档案管理,,,,,,,,
enterprise,WPS项目管理企业版需求聚类分析.md,enterprise-01230,Prince.的企业,BUYAO,无,无,,,,,,,,
enterprise,WPS项目管理企业版需求聚类分析.md,enterprise-01231,苏州莱测检测的企业,沟通会和他共患难,无,无,,,,,,,,
enterprise,WPS项目管理企业版需求聚类分析.md,enterprise-01232,柠塰企业,建筑工程项目成本管理,财务、合同与结算,成本核算管理,,,,,,,,
enterprise,WPS项目管理企业版需求聚类分析.md,enterprise-01233,余富业的企业,项目计划,项目与任务管理,项目计划管理,,,,,,,,
enterprise,WPS项目管理企业版需求聚类分析.md,enterprise-01234,方案设计中心,项目跟踪,项目与任务管理,项目进度跟踪,,,,,,,,
enterprise,WPS项目管理企业版需求聚类分析.md,enterprise-01235,佟昊芯的企业,建筑工程项目日常管理,工程与施工管理,工程进度管理,,,,,,,,
enterprise,WPS项目管理企业版需求聚类分析.md,enterprise-01236,KPN项目管理团队,施工项目管理,工程与施工管理,工程进度管理,,,,,,,,
enterprise,WPS项目管理企业版需求聚类分析.md,enterprise-01237,义乌乐营箱包有限公司,客户管理 财务管理 业务管理,客户、销售与订单,商机与销售过程管理,,,,,,,,
enterprise,WPS项目管理企业版需求聚类分析.md,enterprise-01238,hjk的企业,同事可以共享cad文件，并协同完成工作,协同办公与流程审批,协同办公,,,,,,,,
enterprise,WPS项目管理企业版需求聚类分析.md,enterprise-01239,华智工程,弱电,无,无,,,,,,,,
enterprise,WPS项目管理企业版需求聚类分析.md,enterprise-01240,广州市城垦园林建设有限公司,财务记表,财务、合同与结算,收付款与回款管理,,,,,,,,
enterprise,WPS项目管理企业版需求聚类分析.md,enterprise-01241,陆的企业,车间生产管理,生产与制造管理,车间任务管理,,,,,,,,
enterprise,WPS项目管理企业版需求聚类分析.md,enterprise-01242,朱家乐的企业,项目管理,项目与任务管理,项目台账管理,,,,,,,,
enterprise,WPS项目管理企业版需求聚类分析.md,enterprise-01243,乐谷科技,团队年度目标的拆解和制定，项目跟踪到细分到每一天,项目与任务管理,项目进度跟踪,,,,,,,,
enterprise,WPS项目管理企业版需求聚类分析.md,enterprise-01244,浙江聚衣堂服饰有限公司,服装排产、裁剪、入库登记、出库登记,供应链与仓储物流,出入库与调拨管理,,,,,,,,
enterprise,WPS项目管理企业版需求聚类分析.md,enterprise-01245,陕西明威中科环保科技有限公司,咨询项目合同、进度相关内容,财务、合同与结算,合同与招投标管理,,,,,,,,
enterprise,WPS项目管理企业版需求聚类分析.md,enterprise-01246,鄂尔多斯资源股份有限公司,项目管理,项目与任务管理,项目台账管理,,,,,,,,
enterprise,WPS项目管理企业版需求聚类分析.md,enterprise-01247,滚烫的古木子的企业,电子产品项目管理,研发与产品管理,技术文档管理,,,,,,,,
enterprise,WPS项目管理企业版需求聚类分析.md,enterprise-01248,阔途项目,项目管理,项目与任务管理,项目台账管理,,,,,,,,
enterprise,WPS项目管理企业版需求聚类分析.md,enterprise-01249,深圳地铁运营集团有限公司,1,无,无,,,,,,,,
enterprise,WPS项目管理企业版需求聚类分析.md,enterprise-01250,四川佳华湖北分公司,无,无,无,,,,,,,,
enterprise,WPS项目管理企业版需求聚类分析.md,enterprise-01251,WPS_1772160167的企业,办公室,协同办公与流程审批,行政事务管理,,,,,,,,
enterprise,WPS项目管理企业版需求聚类分析.md,enterprise-01252,wlh的企业,项目管理提醒,项目与任务管理,项目台账管理,,,,,,,,
enterprise,WPS项目管理企业版需求聚类分析.md,enterprise-01253,黄思凯的企业,项目整体,项目与任务管理,项目复盘与总结,,,,,,,,
enterprise,WPS项目管理企业版需求聚类分析.md,enterprise-01254,欧陆之星®-优配思 ®的企业,问题的流程处理跟踪,生产与制造管理,装配与调试管理,,,,,,,,
enterprise,WPS项目管理企业版需求聚类分析.md,enterprise-01255,大捷的企业,已完工程结算收款,财务、合同与结算,收付款与回款管理,,,,,,,,
enterprise,WPS项目管理企业版需求聚类分析.md,enterprise-01256,gzzbcbb2816193的企业,辖区42家基层医疗机构云HIS及前置软件部署项目相关流程方案,服务、工单与运维,安装与实施交付,,,,,,,,
enterprise,WPS项目管理企业版需求聚类分析.md,enterprise-01257,Sky的企业,项目进度和回款,项目与任务管理,项目进度跟踪,,,,,,,,
enterprise,WPS项目管理企业版需求聚类分析.md,enterprise-01258,林忻的企业,建设工程项目管理,工程与施工管理,工程进度管理,,,,,,,,
enterprise,WPS项目管理企业版需求聚类分析.md,enterprise-01259,Cherish的企业,合同、项目管理、劳务分包,财务、合同与结算,合同与招投标管理,,,,,,,,
enterprise,WPS项目管理企业版需求聚类分析.md,enterprise-01260,张波的企业,机电安装行业,服务、工单与运维,安装与实施交付,,,,,,,,
enterprise,WPS项目管理企业版需求聚类分析.md,enterprise-01261,fenghuayivipqqcom的企业,项目全过程管理,项目与任务管理,项目计划管理,,,,,,,,
enterprise,WPS项目管理企业版需求聚类分析.md,enterprise-01262,邯供宣传,宣传工作,数据分析与经营看板,报表管理,,,,,,,,
enterprise,WPS项目管理企业版需求聚类分析.md,enterprise-01263,邓3133的企业,项目管理,项目与任务管理,项目台账管理,,,,,,,,
enterprise,WPS项目管理企业版需求聚类分析.md,enterprise-01264,%E6%96%87的企业,进度,无,无,,,,,,,,
enterprise,WPS项目管理企业版需求聚类分析.md,enterprise-01265,佛山市南海新力金属制品有限公司,镁合金生产项目,无,无,,,,,,,,
enterprise,WPS项目管理企业版需求聚类分析.md,enterprise-01266,君古_15387861190的企业,办公,协同办公与流程审批,行政事务管理,,,,,,,,
enterprise,WPS项目管理企业版需求聚类分析.md,enterprise-01267,昕的企业,机械设备双币销售成本利润,财务、合同与结算,成本核算管理,,,,,,,,
enterprise,WPS项目管理企业版需求聚类分析.md,enterprise-01268,TyZhang的企业,商业航天项目管理,项目与任务管理,项目计划管理,,,,,,,,
enterprise,WPS项目管理企业版需求聚类分析.md,enterprise-01269,perfect的企业,人事薪酬,人力与组织管理,薪酬与社保管理,,,,,,,,
enterprise,WPS项目管理企业版需求聚类分析.md,enterprise-01270,成都君河矿业有限公司,矿石业务贸易交付,供应链与仓储物流,物流运输与配送管理,,,,,,,,
enterprise,WPS项目管理企业版需求聚类分析.md,enterprise-01271,Los的企业,任务跟进,项目与任务管理,任务分配与协同,,,,,,,,
enterprise,WPS项目管理企业版需求聚类分析.md,enterprise-01272,DZ2005-HY的企业,建筑公司成本管理,财务、合同与结算,成本核算管理,,,,,,,,
enterprise,WPS项目管理企业版需求聚类分析.md,enterprise-01273,ABC的企业,生产计划,生产与制造管理,生产计划管理,,,,,,,,
enterprise,WPS项目管理企业版需求聚类分析.md,enterprise-01274,一微尘的企业,项目进度跟踪,项目与任务管理,项目进度跟踪,,,,,,,,
enterprise,WPS项目管理企业版需求聚类分析.md,enterprise-01275,青岛微科机器人有限公司,AGV项目,项目与任务管理,甘特图与排期可视化,,,,,,,,
enterprise,WPS项目管理企业版需求聚类分析.md,enterprise-01276,风之魅影的企业,项目名称，项目内容，项目甲方信息，项目施工方信息,项目与任务管理,项目台账管理,,,,,,,,
enterprise,WPS项目管理企业版需求聚类分析.md,enterprise-01277,汤米麻麻的企业,项目管理,项目与任务管理,项目台账管理,,,,,,,,
enterprise,WPS项目管理企业版需求聚类分析.md,enterprise-01278,北京市太极华青信息系统有限公司,信息化项目管理,项目与任务管理,项目台账管理,,,,,,,,
enterprise,WPS项目管理企业版需求聚类分析.md,enterprise-01279,王秀权的企业,根治土地征收相关节点,工程与施工管理,基建与市政项目管理,,,,,,,,
enterprise,WPS项目管理企业版需求聚类分析.md,enterprise-01280,蒋泉的企业,帮我制作一份多个项目工作计划表，要求可视化,项目与任务管理,甘特图与排期可视化,,,,,,,,
enterprise,WPS项目管理企业版需求聚类分析.md,enterprise-01281,昆山市恒德瑞物业管理有限公司,试用,无,无,,,,,,,,
enterprise,WPS项目管理企业版需求聚类分析.md,enterprise-01282,江苏徵韵文化传媒有限公司,整机设备产品开发,生产与制造管理,非标制造管理,,,,,,,,
enterprise,WPS项目管理企业版需求聚类分析.md,enterprise-01283,南通市广益机电有限责任公司,111,无,无,,,,,,,,
enterprise,WPS项目管理企业版需求聚类分析.md,enterprise-01284,可道公司,对已签约项目的推进进度进行管理,研发与产品管理,研发项目管理,,,,,,,,
enterprise,WPS项目管理企业版需求聚类分析.md,enterprise-01285,biliangzu,任务,项目与任务管理,任务分配与协同,,,,,,,,
enterprise,WPS项目管理企业版需求聚类分析.md,enterprise-01286,系统内部测试公司293,想解决 五金产品开发 进度跟踪，流程记录等,研发与产品管理,技术文档管理,,,,,,,,
enterprise,WPS项目管理企业版需求聚类分析.md,enterprise-01287,LF企业,项目计划,项目与任务管理,项目计划管理,,,,,,,,
enterprise,WPS项目管理企业版需求聚类分析.md,enterprise-01288,锦绣的企业,多人报备需要的货品，后续是否落实到位,财务、合同与结算,收付款与回款管理,,,,,,,,
enterprise,WPS项目管理企业版需求聚类分析.md,enterprise-01289,春暖花开,仓库管理，员工管理,供应链与仓储物流,仓库与库位管理,,,,,,,,
enterprise,WPS项目管理企业版需求聚类分析.md,enterprise-01290,武汉华咨同惠科技有限公司,项目进度管理,项目与任务管理,项目进度跟踪,,,,,,,,
enterprise,WPS项目管理企业版需求聚类分析.md,enterprise-01291,1234123,我想了解下，我涉及到的业务能不能使用咱们的模板，我的业务是关于人力资源的业务,数据分析与经营看板,多维分析,,,,,,,,
enterprise,WPS项目管理企业版需求聚类分析.md,enterprise-01292,易的企业,根据项目核算对应的收入和成本,财务、合同与结算,成本核算管理,,,,,,,,
enterprise,WPS项目管理企业版需求聚类分析.md,enterprise-01293,上海信息技术学校,针对“上海信息技术学校内控管理风险评估报告” 落实相关培训和整改,质量、安全与合规,风险管理,,,,,,,,
enterprise,WPS项目管理企业版需求聚类分析.md,enterprise-01294,海天一线的企业,项目管理,项目与任务管理,项目台账管理,,,,,,,,
enterprise,WPS项目管理企业版需求聚类分析.md,enterprise-01295,企业20220406,EPC成套空分项目管理,项目与任务管理,项目台账管理,,,,,,,,
enterprise,WPS项目管理企业版需求聚类分析.md,enterprise-01296,Overlacp的企业,招投标管理台账,财务、合同与结算,合同与招投标管理,,,,,,,,
enterprise,WPS项目管理企业版需求聚类分析.md,enterprise-01297,工程企业,工程公司,工程与施工管理,工程进度管理,,,,,,,,
enterprise,WPS项目管理企业版需求聚类分析.md,enterprise-01298,陕西现代职业卫生研究所有限公司,项目全流程时间节点监控,数据分析与经营看板,可视化看板,,,,,,,,
enterprise,WPS项目管理企业版需求聚类分析.md,enterprise-01299,永盛鸿星,团队工作日报，每个订单任务派发及跟踪,客户、销售与订单,发货与交付跟踪,,,,,,,,
enterprise,WPS项目管理企业版需求聚类分析.md,enterprise-01300,汪平  99年12的企业,绿化养护,无,无,,,,,,,,
enterprise,WPS项目管理企业版需求聚类分析.md,enterprise-01301,天津嘉尚嘉科技有限公司,财务,财务、合同与结算,收付款与回款管理,,,,,,,,
enterprise,WPS项目管理企业版需求聚类分析.md,enterprise-01302,拾忆丶uTェTu的企业,创建横道图,项目与任务管理,甘特图与排期可视化,,,,,,,,
enterprise,WPS项目管理企业版需求聚类分析.md,enterprise-01303,偲的企业,激光打印机项目管理,研发与产品管理,图纸与BOM管理,,,,,,,,
enterprise,WPS项目管理企业版需求聚类分析.md,enterprise-01304,吉林吉视光电科技的企业,日常工作,生产与制造管理,车间任务管理,,,,,,,,
enterprise,WPS项目管理企业版需求聚类分析.md,enterprise-01305,Roc的企业(分部)(分中心)(分部),跟踪项目开展进度,项目与任务管理,项目进度跟踪,,,,,,,,
enterprise,WPS项目管理企业版需求聚类分析.md,enterprise-01306,重庆八菱项目开发,项目开发,研发与产品管理,研发项目管理,,,,,,,,
enterprise,WPS项目管理企业版需求聚类分析.md,enterprise-01307,成都桴霄科技有限公司,请假,无,无,,,,,,,,
enterprise,WPS项目管理企业版需求聚类分析.md,enterprise-01308,ssec,工程施工工期计算,工程与施工管理,工程进度管理,,,,,,,,
enterprise,WPS项目管理企业版需求聚类分析.md,enterprise-01309,项目团队,简易项目管理,项目与任务管理,项目台账管理,,,,,,,,
enterprise,WPS项目管理企业版需求聚类分析.md,enterprise-01310,广东戎建建筑工程技术有限公司,我们是广东戎建，专业承接工程项目灯具，量化，我想跟踪每个业务组的项目跟进情况，从开始立项，到报价，面谈，签约，履约，项目结束和售后服务回访等情况,数据分析与经营看板,多维分析,,,,,,,,
enterprise,WPS项目管理企业版需求聚类分析.md,enterprise-01311,LMM的企业,盯着部门的每项任务的完成进度与完成情况,项目与任务管理,项目进度跟踪,,,,,,,,
enterprise,WPS项目管理企业版需求聚类分析.md,enterprise-01312,江南大学附属实验中学,制作一个打卡计划，按照2026年日历,生产与制造管理,生产计划管理,,,,,,,,
enterprise,WPS项目管理企业版需求聚类分析.md,enterprise-01313,邵志@Cong jason的企业,项目管理,项目与任务管理,项目台账管理,,,,,,,,
enterprise,WPS项目管理企业版需求聚类分析.md,enterprise-01314,lulu的企业,研发和运营的项目管理,研发与产品管理,研发项目管理,,,,,,,,
enterprise,WPS项目管理企业版需求聚类分析.md,enterprise-01315,蓝色天的企业,园区运营管理,工程与施工管理,基建与市政项目管理,,,,,,,,
enterprise,WPS项目管理企业版需求聚类分析.md,enterprise-01316,南宁市良庆区善行文化创意中心,zan,无,无,,,,,,,,
enterprise,WPS项目管理企业版需求聚类分析.md,enterprise-01317,A小余-人事招聘的企业,扫描条码出库数据统计,数据分析与经营看板,统计汇总,,,,,,,,
enterprise,WPS项目管理企业版需求聚类分析.md,enterprise-01318,GZKD,1111,无,无,,,,,,,,
enterprise,WPS项目管理企业版需求聚类分析.md,enterprise-01319,金梭装饰设计工程有限公司,。。,无,无,,,,,,,,
enterprise,WPS项目管理企业版需求聚类分析.md,enterprise-01320,马云荣的企业,科研项目管理,研发与产品管理,研发项目管理,,,,,,,,
enterprise,WPS项目管理企业版需求聚类分析.md,enterprise-01321,Jarvan的企业,陪聊小程序开发、运维、推广及过程中的问题和方案,项目与任务管理,项目复盘与总结,,,,,,,,
enterprise,WPS项目管理企业版需求聚类分析.md,enterprise-01322,杭州呈形机械科技有限公司,111,无,无,,,,,,,,
enterprise,WPS项目管理企业版需求聚类分析.md,enterprise-01323,成都富维延锋彼欧汽车外饰有限公司,我想要对比项目管理与office project 的区别,项目与任务管理,项目台账管理,,,,,,,,
enterprise,WPS项目管理企业版需求聚类分析.md,enterprise-01324,成都富维延锋彼欧汽车外饰有限公司,解决项目计划中，各节点不清晰的问题。,项目与任务管理,项目计划管理,,,,,,,,
enterprise,WPS项目管理企业版需求聚类分析.md,enterprise-01325,仙人球测试技术股份有限公司,11,无,无,,,,,,,,
enterprise,WPS项目管理企业版需求聚类分析.md,enterprise-01326,万舜的企业,薪资,人力与组织管理,薪酬与社保管理,,,,,,,,
enterprise,WPS项目管理企业版需求聚类分析.md,enterprise-01327,众联科技,多个项目的管理，数据填写和统计,项目与任务管理,多项目组合管理,,,,,,,,
enterprise,WPS项目管理企业版需求聚类分析.md,enterprise-01328,西安密吉集健康科技有限公司,okr和任务计划,项目与任务管理,甘特图与排期可视化,,,,,,,,
enterprise,WPS项目管理企业版需求聚类分析.md,enterprise-01329,硕果猫糖水铺,产品定位,研发与产品管理,产品开发管理,,,,,,,,
enterprise,WPS项目管理企业版需求聚类分析.md,enterprise-01330,yiyuxiaoyuzhou,嘻嘻嘻,无,无,,,,,,,,
enterprise,WPS项目管理企业版需求聚类分析.md,enterprise-01331,设计师王庭栋的企业,项目管理,项目与任务管理,项目台账管理,,,,,,,,
enterprise,WPS项目管理企业版需求聚类分析.md,enterprise-01332,云南新意科技有限公司,项目管理,项目与任务管理,项目台账管理,,,,,,,,
enterprise,WPS项目管理企业版需求聚类分析.md,enterprise-01333,虚空的企业,装饰装修行业,工程与施工管理,装修装饰项目管理,,,,,,,,
enterprise,WPS项目管理企业版需求聚类分析.md,enterprise-01334,、的企业,项目成本归集和分析，应收账款跟进,财务、合同与结算,成本核算管理,,,,,,,,
enterprise,WPS项目管理企业版需求聚类分析.md,enterprise-01335,吴~的企业,装饰企业负责公司生产经营管理工作,工程与施工管理,装修装饰项目管理,,,,,,,,
enterprise,WPS项目管理企业版需求聚类分析.md,enterprise-01336,三亚市妇幼保健院,妇幼公卫项目筹备、执行过程中多部门的分工和进度管理,工程与施工管理,分包与班组管理,,,,,,,,
enterprise,WPS项目管理企业版需求聚类分析.md,enterprise-01337,残念的企业,50万吨600kA绿电铝迭代升级项目,无,无,,,,,,,,
enterprise,WPS项目管理企业版需求聚类分析.md,enterprise-01338,Vision的企业,1,无,无,,,,,,,,
enterprise,WPS项目管理企业版需求聚类分析.md,enterprise-01339,王睿涛的企业,项目情况和问题记录,项目与任务管理,项目复盘与总结,,,,,,,,
enterprise,WPS项目管理企业版需求聚类分析.md,enterprise-01340,李凤霞的企业,人事工作管理,人力与组织管理,组织与岗位管理,,,,,,,,
enterprise,WPS项目管理企业版需求聚类分析.md,enterprise-01341,漩涡的企业,项目跟踪,项目与任务管理,项目进度跟踪,,,,,,,,
enterprise,WPS项目管理企业版需求聚类分析.md,enterprise-01342,项目管理,环卫行业，物业服务,服务、工单与运维,维保管理,,,,,,,,
enterprise,WPS项目管理企业版需求聚类分析.md,enterprise-01343,JCOC,用于项目费用台账,财务、合同与结算,成本核算管理,,,,,,,,
enterprise,WPS项目管理企业版需求聚类分析.md,enterprise-01344,踏着七彩祥云的盖世英雄的企业,项目排期,项目与任务管理,项目计划管理,,,,,,,,
enterprise,WPS项目管理企业版需求聚类分析.md,enterprise-01345,志宇5178,销售的客户管理，跟进，客户维护，定期提示联系客户等CRM管理功能,客户、销售与订单,客户跟进管理,,,,,,,,
enterprise,WPS项目管理企业版需求聚类分析.md,enterprise-01346,张显智的企业,销售客户管理，订单跟踪验收全流程，进销一体化,客户、销售与订单,发货与交付跟踪,,,,,,,,
enterprise,WPS项目管理企业版需求聚类分析.md,enterprise-01347,X. 的企业,以思维导图的方式生成10个横向项目树，我来做相应内容填充,项目与任务管理,甘特图与排期可视化,,,,,,,,
enterprise,WPS项目管理企业版需求聚类分析.md,enterprise-01348,1kr-e的企业,甘特图,项目与任务管理,甘特图与排期可视化,,,,,,,,
enterprise,WPS项目管理企业版需求聚类分析.md,enterprise-01349,Leysen&amp;ORANGE CUBE品牌营销部,需要一个品牌画册，从品牌端生产画册内容，到设计端设计，到纸张工艺确认，到打样，到大货，到终端落地应用，到连动营销教练制定画册作为销售工具的应用标准，加入到SOP，到神访稽核形成整个品牌画册项目的闭环，请给到整项项目管理表,研发与产品管理,设计评审管理,,,,,,,,
enterprise,WPS项目管理企业版需求聚类分析.md,enterprise-01350,帅帅的阿杜的企业,业务跟进记录,客户、销售与订单,客户跟进管理,,,,,,,,
enterprise,WPS项目管理企业版需求聚类分析.md,enterprise-01351,安徽博盾的企业,项目管理一套系统,项目与任务管理,项目台账管理,,,,,,,,
enterprise,WPS项目管理企业版需求聚类分析.md,enterprise-01352,YTBG,家具工程项目管理,工程与施工管理,装修装饰项目管理,,,,,,,,
enterprise,WPS项目管理企业版需求聚类分析.md,enterprise-01353,图迩斯(上海)工程技术有限公司,生产制造,生产与制造管理,生产交付协同,,,,,,,,
enterprise,WPS项目管理企业版需求聚类分析.md,enterprise-01354,十方间设计,装修公司项目管理,工程与施工管理,装修装饰项目管理,,,,,,,,
enterprise,WPS项目管理企业版需求聚类分析.md,enterprise-01355,我爱宝宝的企业,我是美团外卖代理城市商的配送总监，我要针对我的团队安排事项。,服务、工单与运维,售后服务管理,,,,,,,,
enterprise,WPS项目管理企业版需求聚类分析.md,enterprise-01356,袁文兴的企业,帮我搭建储能电站调试项目管理,服务、工单与运维,安装与实施交付,,,,,,,,
enterprise,WPS项目管理企业版需求聚类分析.md,enterprise-01357,北京市政路桥管理养护集团有限公司科技检测处,项目管理中的合同、结算、收付款,财务、合同与结算,收付款与回款管理,,,,,,,,
enterprise,WPS项目管理企业版需求聚类分析.md,enterprise-01358,spark的企业,工程项目管理,工程与施工管理,工程进度管理,,,,,,,,
enterprise,WPS项目管理企业版需求聚类分析.md,enterprise-01359,彭艳的企业,项目情况跟踪与完成情况,项目与任务管理,项目进度跟踪,,,,,,,,
enterprise,WPS项目管理企业版需求聚类分析.md,enterprise-01360,上海国际广告节SHIAF,管理一个政府相关赛事,协同办公与流程审批,会议与纪要管理,,,,,,,,
enterprise,WPS项目管理企业版需求聚类分析.md,enterprise-01361,Five的企业,项目进度,项目与任务管理,项目进度跟踪,,,,,,,,
enterprise,WPS项目管理企业版需求聚类分析.md,enterprise-01362,果然设计,客户跟进表,客户、销售与订单,客户跟进管理,,,,,,,,
enterprise,WPS项目管理企业版需求聚类分析.md,enterprise-01363,湖北鼎源建设工程有限公司,建筑工程施工管理，包含项目立项、项目预算、项目结算、施工合同管理、结算进度、开票管理、收款管理等,财务、合同与结算,发票与结算管理,,,,,,,,
enterprise,WPS项目管理企业版需求聚类分析.md,enterprise-01364,Michael.yao的企业,我们想按照项目做全面预算管理，所以软件最好能按照项目号将预算、进销存、人力关联起来,财务、合同与结算,预算管理,,,,,,,,
enterprise,WPS项目管理企业版需求聚类分析.md,enterprise-01365,嘉和的企业,项目类别管理,项目与任务管理,项目台账管理,,,,,,,,
enterprise,WPS项目管理企业版需求聚类分析.md,enterprise-01366,心蓝T透的企业,能够清楚的知道项目的进度,项目与任务管理,项目进度跟踪,,,,,,,,
enterprise,WPS项目管理企业版需求聚类分析.md,enterprise-01367,Cliff Dong的企业,仓储物流,供应链与仓储物流,出入库与调拨管理,,,,,,,,
enterprise,WPS项目管理企业版需求聚类分析.md,enterprise-01368,海阔天空的企业,建筑施工,工程与施工管理,工程进度管理,,,,,,,,
enterprise,WPS项目管理企业版需求聚类分析.md,enterprise-01369,投资管理,甘特图,项目与任务管理,甘特图与排期可视化,,,,,,,,
enterprise,WPS项目管理企业版需求聚类分析.md,enterprise-01370,上海南洋万邦软件技术有限公司,12,无,无,,,,,,,,
enterprise,WPS项目管理企业版需求聚类分析.md,enterprise-01371,重庆沛含装饰设计工程有限公司,工程项目,工程与施工管理,工程进度管理,,,,,,,,
enterprise,WPS项目管理企业版需求聚类分析.md,enterprise-01372,甬金改扩建1标,工程进度管理,工程与施工管理,工程进度管理,,,,,,,,
enterprise,WPS项目管理企业版需求聚类分析.md,enterprise-01373,张泽强的企业,化工厂大检修管理,生产与制造管理,工序流转管理,,,,,,,,
enterprise,WPS项目管理企业版需求聚类分析.md,enterprise-01374,xu的企业,城癌筛查项目的医院管理,服务、工单与运维,巡检管理,,,,,,,,
enterprise,WPS项目管理企业版需求聚类分析.md,enterprise-01375,小牟的企业,项目合同管理及收款表格,财务、合同与结算,收付款与回款管理,,,,,,,,
enterprise,WPS项目管理企业版需求聚类分析.md,enterprise-01376,RapidDirect,项目管理,项目与任务管理,项目台账管理,,,,,,,,
enterprise,WPS项目管理企业版需求聚类分析.md,enterprise-01377,赵Y的企业,设计院,工程与施工管理,装修装饰项目管理,,,,,,,,
enterprise,WPS项目管理企业版需求聚类分析.md,enterprise-01378,PAAA,我是个人用户，专注自我成长。我有4块内容。我有2样在自学的内容，中医和编程。中医学习，学习基础知识，备考，实践。还有编程技能，编程，想要零基础学习开始做出些小项目，为中医学习服务，做些笔记整理，做些方便初学者的思路整理，方剂比较。还有繁杂的实验工作，是比较零碎、又注重时间点的项目。最后一块，是其他事务的待办，时间点提醒。,协同办公与流程审批,待办与提醒管理,,,,,,,,
enterprise,WPS项目管理企业版需求聚类分析.md,enterprise-01379,湖北招采网项目管理有限公司,我公司是标书代写公司,研发与产品管理,图纸与BOM管理,,,,,,,,
enterprise,WPS项目管理企业版需求聚类分析.md,enterprise-01380,韵达徐国志的企业,快递公司管理模板,供应链与仓储物流,物流运输与配送管理,,,,,,,,
enterprise,WPS项目管理企业版需求聚类分析.md,enterprise-01381,东莞市诺尔佳电子有限公司,生产过程管理,生产与制造管理,制造进度跟踪,,,,,,,,
enterprise,WPS项目管理企业版需求聚类分析.md,enterprise-01382,秋与红枫的企业,制造业,生产与制造管理,生产交付协同,,,,,,,,
enterprise,WPS项目管理企业版需求聚类分析.md,enterprise-01383,淄博中力机电有限公司(项目部),招标文件，前期项目沟通，响应文件，中标通知书，合同，技术协议，物品采购，生产，合格证，说明书，质量证明，装箱清单，发货单，产品照片，铭牌照片，装车照片,研发与产品管理,技术文档管理,,,,,,,,
enterprise,WPS项目管理企业版需求聚类分析.md,enterprise-01384,清泽机电,机电设备工程公司，主营电气设备的安装维修试验等，项目经理的岗位管理，技术支持岗位管理,服务、工单与运维,报修管理,,,,,,,,
enterprise,WPS项目管理企业版需求聚类分析.md,enterprise-01385,不忘初心的企业,项目管理,项目与任务管理,项目台账管理,,,,,,,,
enterprise,WPS项目管理企业版需求聚类分析.md,enterprise-01386,王道祥的企业,建筑工程项目管理,工程与施工管理,工程进度管理,,,,,,,,
enterprise,WPS项目管理企业版需求聚类分析.md,enterprise-01387,投资基金组,安排每日任务，追踪任务负责人与情况,项目与任务管理,任务分配与协同,,,,,,,,
enterprise,WPS项目管理企业版需求聚类分析.md,enterprise-01388,楠水牧科,主要针对智慧化牧场建设项目，针对售前阶段，进行相应的前期跟踪管理,研发与产品管理,研发阶段管理,,,,,,,,
enterprise,WPS项目管理企业版需求聚类分析.md,enterprise-01389,斯科夫SKOVE,生产型。部门组织    销售、设计、采购、生产跟单流程依次,生产与制造管理,生产交付协同,,,,,,,,
enterprise,WPS项目管理企业版需求聚类分析.md,enterprise-01390,丽丽er,```,无,无,,,,,,,,
enterprise,WPS项目管理企业版需求聚类分析.md,enterprise-01391,Jason心自有海的企业,KOC达人账号项目,无,无,,,,,,,,
enterprise,WPS项目管理企业版需求聚类分析.md,enterprise-01392,赌书泼茶的企业,豪华型全服务酒店筹备开业,无,无,,,,,,,,
enterprise,WPS项目管理企业版需求聚类分析.md,enterprise-01393,陕西铭辉教育科技有限公司,每一个业务的进度、，补充的人员，社保缴纳月份记录，成本记录，预计上报时间，急需处理的难点，实际上报时间，申报过程跟进注意事项，跟进记录，审核结果，审核完成交接内容,协同办公与流程审批,台账与登记管理,,,,,,,,
enterprise,WPS项目管理企业版需求聚类分析.md,enterprise-01394,Susu的企业,1,无,无,,,,,,,,
enterprise,WPS项目管理企业版需求聚类分析.md,enterprise-01395,Amy jiang的企业,帮忙生产项目管理内容项目目标、目标分解、关键里程碑确定、计划完成时间、实际完成时间、进度说明、滞后原因说明、风险提示，并能实现汇总板块一目了然看到项目整体情况,项目与任务管理,里程碑管理,,,,,,,,
enterprise,WPS项目管理企业版需求聚类分析.md,enterprise-01396,咴太狼、的企业,工程量核对,工程与施工管理,工程进度管理,,,,,,,,
enterprise,WPS项目管理企业版需求聚类分析.md,enterprise-01397,。的企业,产品产线建立及注册项目的周期规划,研发与产品管理,研发阶段管理,,,,,,,,
enterprise,WPS项目管理企业版需求聚类分析.md,enterprise-01398,刘鹏的企业,制作项目管理的一些工具,研发与产品管理,研发项目管理,,,,,,,,
enterprise,WPS项目管理企业版需求聚类分析.md,enterprise-01399,夜舞精灵的企业,建设项目管理,工程与施工管理,工程进度管理,,,,,,,,
enterprise,WPS项目管理企业版需求聚类分析.md,enterprise-01400,bryant的项目,储能项目,工程与施工管理,工程结算管理,,,,,,,,
enterprise,WPS项目管理企业版需求聚类分析.md,enterprise-01401,泓钧智造(深圳)有限公司,"项目管理:包含进度,要求变更,状态等",项目与任务管理,项目进度跟踪,,,,,,,,
enterprise,WPS项目管理企业版需求聚类分析.md,enterprise-01402,北京彼维文化传媒有限公司,会议会展项目,协同办公与流程审批,会议与纪要管理,,,,,,,,
enterprise,WPS项目管理企业版需求聚类分析.md,enterprise-01403,吼吼哈嘿的企业,整理项目的，项目的相关文件、项目时间线，在某个时间遇到的问题，进度,项目与任务管理,项目计划管理,,,,,,,,
enterprise,WPS项目管理企业版需求聚类分析.md,enterprise-01404,金文苏的企业,工程项目管理,工程与施工管理,工程进度管理,,,,,,,,
enterprise,WPS项目管理企业版需求聚类分析.md,enterprise-01405,添宇的企业,设定项目任务并跟踪,项目与任务管理,项目进度跟踪,,,,,,,,
enterprise,WPS项目管理企业版需求聚类分析.md,enterprise-01406,Frank Sun - 孙 龙的企业,超级工厂项目,项目与任务管理,甘特图与排期可视化,,,,,,,,
enterprise,WPS项目管理企业版需求聚类分析.md,enterprise-01407,安静的企业,业务流程梳理,客户、销售与订单,商机与销售过程管理,,,,,,,,
enterprise,WPS项目管理企业版需求聚类分析.md,enterprise-01408,广州聚合演艺有限公司,公司运营项目管理,项目与任务管理,项目台账管理,,,,,,,,
enterprise,WPS项目管理企业版需求聚类分析.md,enterprise-01409,广西有点梦想网络科技有限公司,工作项目,生产与制造管理,车间任务管理,,,,,,,,
enterprise,WPS项目管理企业版需求聚类分析.md,enterprise-01410,模具加工,模具制作,生产与制造管理,生产交付协同,,,,,,,,
enterprise,WPS项目管理企业版需求聚类分析.md,enterprise-01411,蓝色天际的企业,无人机测量业务,项目与任务管理,甘特图与排期可视化,,,,,,,,
enterprise,WPS项目管理企业版需求聚类分析.md,enterprise-01412,金三团队,电气设计与电气安装调试工程管理,生产与制造管理,装配与调试管理,,,,,,,,
enterprise,WPS项目管理企业版需求聚类分析.md,enterprise-01413,广西钰博建筑服务有限公司,南方电网施工资料模板,工程与施工管理,施工现场管理,,,,,,,,
enterprise,WPS项目管理企业版需求聚类分析.md,enterprise-01414,石家庄龙寅易正企业管理有限公司,123123,无,无,,,,,,,,
enterprise,WPS项目管理企业版需求聚类分析.md,enterprise-01415,§刹那‰的企业,管理客户订单以及特殊测试需求，管理项目进展，异常点，对客户的报价以及最终价格,客户、销售与订单,询价与报价管理,,,,,,,,
enterprise,WPS项目管理企业版需求聚类分析.md,enterprise-01416,冇小鱼的企业,社会团体项目管理,项目与任务管理,多项目组合管理,,,,,,,,
enterprise,WPS项目管理企业版需求聚类分析.md,enterprise-01417,苏麽郡的企业,甘特图,项目与任务管理,甘特图与排期可视化,,,,,,,,
enterprise,WPS项目管理企业版需求聚类分析.md,enterprise-01418,北京德威,1,无,无,,,,,,,,
enterprise,WPS项目管理企业版需求聚类分析.md,enterprise-01419,许朝奎Sevens的企业,新能源汽车零部件产品开发项目管理,研发与产品管理,产品开发管理,,,,,,,,
enterprise,WPS项目管理企业版需求聚类分析.md,enterprise-01420,中芈财瑞(上海)实业发展有限公司,每月任务更新完成统计,项目与任务管理,项目进度跟踪,,,,,,,,
enterprise,WPS项目管理企业版需求聚类分析.md,enterprise-01421,普实业务三部,项目进度管理,项目与任务管理,项目进度跟踪,,,,,,,,
enterprise,WPS项目管理企业版需求聚类分析.md,enterprise-01422,言成的企业,数据处理,数据分析与经营看板,数据治理与数据台账,,,,,,,,
enterprise,WPS项目管理企业版需求聚类分析.md,enterprise-01423,IVD产品,日常项目管理和跟踪提醒,项目与任务管理,项目进度跟踪,,,,,,,,
enterprise,WPS项目管理企业版需求聚类分析.md,enterprise-01424,商品中心,互联网项目管理,项目与任务管理,项目台账管理,,,,,,,,
enterprise,WPS项目管理企业版需求聚类分析.md,enterprise-01425,Tu-Sir的企业,软件研发、需求调研项目进度管理,研发与产品管理,研发项目管理,,,,,,,,
enterprise,WPS项目管理企业版需求聚类分析.md,enterprise-01426,试用测试0337,设计单位项目进度管理,项目与任务管理,项目进度跟踪,,,,,,,,
enterprise,WPS项目管理企业版需求聚类分析.md,enterprise-01427,成都桦妆职业技能培训学校,布置下个月的计划,生产与制造管理,生产计划管理,,,,,,,,
enterprise,WPS项目管理企业版需求聚类分析.md,enterprise-01428,崔言勇的企业,1,无,无,,,,,,,,
enterprise,WPS项目管理企业版需求聚类分析.md,enterprise-01429,济南大数据有限公司,项目笔记,项目与任务管理,项目复盘与总结,,,,,,,,
enterprise,WPS项目管理企业版需求聚类分析.md,enterprise-01430,济南大数据有限公司,笔记,协同办公与流程审批,待办与提醒管理,,,,,,,,
enterprise,WPS项目管理企业版需求聚类分析.md,enterprise-01431,晨曦的企业,数据统计,数据分析与经营看板,统计汇总,,,,,,,,
enterprise,WPS项目管理企业版需求聚类分析.md,enterprise-01432,一个公司,研发项目进度管理,研发与产品管理,研发项目管理,,,,,,,,
enterprise,WPS项目管理企业版需求聚类分析.md,enterprise-01433,余嘉烨的企业,工程类项目管理,工程与施工管理,工程进度管理,,,,,,,,
enterprise,WPS项目管理企业版需求聚类分析.md,enterprise-01434,马冬冬的企业,个人参与的任务包含任务名称、任务描述、负责人、完成时间等,项目与任务管理,项目计划管理,,,,,,,,
enterprise,WPS项目管理企业版需求聚类分析.md,enterprise-01435,1371126012的企业,xiex,无,无,,,,,,,,
enterprise,WPS项目管理企业版需求聚类分析.md,enterprise-01436,童心圆的企业,帮我跟踪项目开工到结束的人工费及机械费用的使用情况,财务、合同与结算,成本核算管理,,,,,,,,
enterprise,WPS项目管理企业版需求聚类分析.md,enterprise-01437,王的企业,统计客户电话地址，当天沟通的内容，是否发送样品，并能够定期提醒我去回访,客户、销售与订单,客户跟进管理,,,,,,,,
enterprise,WPS项目管理企业版需求聚类分析.md,enterprise-01438,湖北汇麟科技发展有限责任公司,对项目进行全流程管理跟踪，包括开题报告、小试结题成果、放大实验、市场调研报告等。,研发与产品管理,打样与试制管理,,,,,,,,
enterprise,WPS项目管理企业版需求聚类分析.md,enterprise-01439,柒秦新能源,光伏代理商，光伏电站进度管理,生产与制造管理,车间任务管理,,,,,,,,
enterprise,WPS项目管理企业版需求聚类分析.md,enterprise-01440,tingzhang的企业,工程项目管理,工程与施工管理,工程进度管理,,,,,,,,
enterprise,WPS项目管理企业版需求聚类分析.md,enterprise-01441,珠海深烨钣金机械有限公司,钣金行业的项目进度及生产管理,生产与制造管理,生产交付协同,,,,,,,,
enterprise,WPS项目管理企业版需求聚类分析.md,enterprise-01442,秦的企业,部门信息共享，如原辅包库存、成品库存、生产计划及进度、成品检验数据,供应链与仓储物流,供应商管理,,,,,,,,
enterprise,WPS项目管理企业版需求聚类分析.md,enterprise-01443,李云龙的企业,自动化设备制造,生产与制造管理,非标制造管理,,,,,,,,
enterprise,WPS项目管理企业版需求聚类分析.md,enterprise-01444,唐僧不姓唐的企业,无,无,无,,,,,,,,
enterprise,WPS项目管理企业版需求聚类分析.md,enterprise-01445,上海惟金建筑劳务有限公司,施工项目,工程与施工管理,工程进度管理,,,,,,,,
enterprise,WPS项目管理企业版需求聚类分析.md,enterprise-01446,GAJzs,装饰公司多项目时间 收付款节点 应收应付  供应商 工人管理  及提成管理,财务、合同与结算,收付款与回款管理,,,,,,,,
enterprise,WPS项目管理企业版需求聚类分析.md,enterprise-01447,WPS_1766672104的企业,项目进度，月度考核，季度考核、年度考核、竣工考核,项目与任务管理,项目进度跟踪,,,,,,,,
enterprise,WPS项目管理企业版需求聚类分析.md,enterprise-01448,WPS_1558073878的企业,机组的研发调试发货等流程,生产与制造管理,装配与调试管理,,,,,,,,
enterprise,WPS项目管理企业版需求聚类分析.md,enterprise-01449,湖南全意舒适家居设备有限公司,客户收款明细，项目进度,项目与任务管理,项目进度跟踪,,,,,,,,
enterprise,WPS项目管理企业版需求聚类分析.md,enterprise-01450,鞠凤霞的企业,制造企业汽车冲压焊接零部件企业项目管理,生产与制造管理,非标制造管理,,,,,,,,
enterprise,WPS项目管理企业版需求聚类分析.md,enterprise-01451,后山来客的企业,我想建立企业融资业务管理台帐,协同办公与流程审批,文档与档案管理,,,,,,,,
enterprise,WPS项目管理企业版需求聚类分析.md,enterprise-01452,,建立房产档案管理台帐,,,,,,,,,,
enterprise,WPS项目管理企业版需求聚类分析.md,enterprise-01453,HPAA,项目管理,项目与任务管理,项目台账管理,,,,,,,,
enterprise,WPS项目管理企业版需求聚类分析.md,enterprise-01454,DWELL的企业,提高外贸工作效率,供应链与仓储物流,到货与交期管理,,,,,,,,
enterprise,WPS项目管理企业版需求聚类分析.md,enterprise-01455,岁月静好的企业,供应链开发,供应链与仓储物流,出入库与调拨管理,,,,,,,,
enterprise,WPS项目管理企业版需求聚类分析.md,enterprise-01456,悦湘的企业,0123,无,无,,,,,,,,
enterprise,WPS项目管理企业版需求聚类分析.md,enterprise-01457,合肥有礼美学商务有限公司,伴手礼一年的规划思维导图,项目与任务管理,项目复盘与总结,,,,,,,,
enterprise,WPS项目管理企业版需求聚类分析.md,enterprise-01458,项目负责,人力资源项目管理，包含部项目和员工信息等,人力与组织管理,员工信息管理,,,,,,,,
enterprise,WPS项目管理企业版需求聚类分析.md,enterprise-01459,南枫的企业,帮我建立一个新品的上市项目的管理模板,研发与产品管理,产品开发管理,,,,,,,,
enterprise,WPS项目管理企业版需求聚类分析.md,enterprise-01460,中华立领的企业,建设工程项目,工程与施工管理,工程进度管理,,,,,,,,
enterprise,WPS项目管理企业版需求聚类分析.md,enterprise-01461,中山市一诺软件有限公司,ERP行业的项目管理,项目与任务管理,项目台账管理,,,,,,,,
enterprise,WPS项目管理企业版需求聚类分析.md,enterprise-01462,林青的企业,无,无,无,,,,,,,,
enterprise,WPS项目管理企业版需求聚类分析.md,enterprise-01463,重庆迪马工业有限责任公司,做项目管理和项目进度管理,项目与任务管理,项目进度跟踪,,,,,,,,
enterprise,WPS项目管理企业版需求聚类分析.md,enterprise-01464,江西意创实业有限公司的企业,我是一家建筑公司，主营业务是建筑、装饰、市政项目，需要对所有施工的项目成本及进度进行精细化管理,工程与施工管理,基建与市政项目管理,,,,,,,,
enterprise,WPS项目管理企业版需求聚类分析.md,enterprise-01465,邢台北圣超市有限公司,零售行业内部管理及绩效任务派发和反馈，,人力与组织管理,绩效与提成管理,,,,,,,,
enterprise,WPS项目管理企业版需求聚类分析.md,enterprise-01466,湖北勇培新电力工程有限公司,工程项目合同全过程管理,工程与施工管理,工程结算管理,,,,,,,,
enterprise,WPS项目管理企业版需求聚类分析.md,enterprise-01467,WPS_1568208723的企业,零食出购货单,无,无,,,,,,,,
enterprise,WPS项目管理企业版需求聚类分析.md,enterprise-01468,上海电气风电集团股份有限公司,旧有的进口防火墙更新替换为国产防火墙。需要先对网络负载做综合评价后再出替换解决方案，从选型到采购。,质量、安全与合规,整改闭环管理,,,,,,,,
enterprise,WPS项目管理企业版需求聚类分析.md,enterprise-01469,南天门计划云储,高效完成交办事项，以及便于储存、查找、复盘,协同办公与流程审批,台账与登记管理,,,,,,,,
enterprise,WPS项目管理企业版需求聚类分析.md,enterprise-01470,个人文集,项目全过程管理，包括工程、财务支付、程序等,财务、合同与结算,成本核算管理,,,,,,,,
enterprise,WPS项目管理企业版需求聚类分析.md,enterprise-01471,河北占营农业科技有限公司,解决日常上班工作事项跟进和提醒,协同办公与流程审批,待办与提醒管理,,,,,,,,
enterprise,WPS项目管理企业版需求聚类分析.md,enterprise-01472,邯郸市丛台区军广贸易商行,合同管理,财务、合同与结算,合同与招投标管理,,,,,,,,
enterprise,WPS项目管理企业版需求聚类分析.md,enterprise-01473,aA大漠苍狼TEL的企业,弱电,无,无,,,,,,,,
enterprise,WPS项目管理企业版需求聚类分析.md,enterprise-01474,遥远.的企业,项目生产计划,生产与制造管理,生产计划管理,,,,,,,,
enterprise,WPS项目管理企业版需求聚类分析.md,enterprise-01475,浙江轻机离心机制造有限公司,新产品开发,研发与产品管理,产品开发管理,,,,,,,,
enterprise,WPS项目管理企业版需求聚类分析.md,enterprise-01476,NCRC,各部门工作推进,生产与制造管理,车间任务管理,,,,,,,,
enterprise,WPS项目管理企业版需求聚类分析.md,enterprise-01477,cszshp的企业,建设工程,工程与施工管理,工程进度管理,,,,,,,,
enterprise,WPS项目管理企业版需求聚类分析.md,enterprise-01478,安徽斌惠建筑材料有限公司,我这里是一家建材公司，主要业务是对工地销售石材，有账期。,客户、销售与订单,商机与销售过程管理,,,,,,,,
enterprise,WPS项目管理企业版需求聚类分析.md,enterprise-01479,赖超翼的企业,电站运营,人力与组织管理,考勤管理,,,,,,,,
enterprise,WPS项目管理企业版需求聚类分析.md,enterprise-01480,广西起步信息技术有限公司,建立企业工作计划,工程与施工管理,工程进度管理,,,,,,,,
enterprise,WPS项目管理企业版需求聚类分析.md,enterprise-01481,海星的企业,多模块无人集群,项目与任务管理,多项目组合管理,,,,,,,,
enterprise,WPS项目管理企业版需求聚类分析.md,enterprise-01482,江苏智维自动化设备有限公司,项目,无,无,,,,,,,,
enterprise,WPS项目管理企业版需求聚类分析.md,enterprise-01483,陈俊宇。的企业,别墅项目管理,工程与施工管理,装修装饰项目管理,,,,,,,,
enterprise,WPS项目管理企业版需求聚类分析.md,enterprise-01484,北京大成,每天的项目工作记录和待办事项等工作台帐,人力与组织管理,工时与人员负荷管理,,,,,,,,
enterprise,WPS项目管理企业版需求聚类分析.md,enterprise-01485,程兴国的企业,算力中心绿电示范工程管理,项目与任务管理,甘特图与排期可视化,,,,,,,,
enterprise,WPS项目管理企业版需求聚类分析.md,enterprise-01486,趣言的企业,销售和客户,客户、销售与订单,商机与销售过程管理,,,,,,,,
enterprise,WPS项目管理企业版需求聚类分析.md,enterprise-01487,SoC周报,ll,无,无,,,,,,,,
enterprise,WPS项目管理企业版需求聚类分析.md,enterprise-01488,丁余杰的企业应用,横道图,项目与任务管理,甘特图与排期可视化,,,,,,,,
enterprise,WPS项目管理企业版需求聚类分析.md,enterprise-01489,广西兴民农牧科技有限公司,财务报表,财务、合同与结算,收付款与回款管理,,,,,,,,
enterprise,WPS项目管理企业版需求聚类分析.md,enterprise-01490,long,婴儿监视器项目管理,服务、工单与运维,巡检管理,,,,,,,,
enterprise,WPS项目管理企业版需求聚类分析.md,enterprise-01491,陈氏酒业,数据盈利统筹,数据分析与经营看板,数据治理与数据台账,,,,,,,,
enterprise,WPS项目管理企业版需求聚类分析.md,enterprise-01492,先惠自动化,1,无,无,,,,,,,,
enterprise,WPS项目管理企业版需求聚类分析.md,enterprise-01493,重庆易达通供应链管理有限公司,进行进销存的管理、客户所需车辆和项目的状态跟进，从跟进到完成车辆上户的各个环节的管理。,客户、销售与订单,客户跟进管理,,,,,,,,
enterprise,WPS项目管理企业版需求聚类分析.md,enterprise-01494,董强的项目,律师案件管理,客户、销售与订单,商机与销售过程管理,,,,,,,,
enterprise,WPS项目管理企业版需求聚类分析.md,enterprise-01495,徐州达一(内勤-李文晴)的企业,销售信息跟踪反馈表,客户、销售与订单,发货与交付跟踪,,,,,,,,
enterprise,WPS项目管理企业版需求聚类分析.md,enterprise-01496,永不悔(郭凤龙)的企业,111,无,无,,,,,,,,
enterprise,WPS项目管理企业版需求聚类分析.md,enterprise-01497,泡椒江团的企业,用于统计人员缺口，仓库现有人员数量，及缺口数量，及不同工种需求人数,人力与组织管理,工时与人员负荷管理,,,,,,,,
enterprise,WPS项目管理企业版需求聚类分析.md,enterprise-01498,成都恒博医院有限责任公司,目标管理与目标复盘以及和KPI关联,项目与任务管理,里程碑管理,,,,,,,,
enterprise,WPS项目管理企业版需求聚类分析.md,enterprise-01499,MERITECH,生产管理进度管理，测试项目管理,生产与制造管理,装配与调试管理,,,,,,,,
enterprise,WPS项目管理企业版需求聚类分析.md,enterprise-01500,陈宝同的企业,AI项目管理,项目与任务管理,项目台账管理,,,,,,,,
enterprise,WPS项目管理企业版需求聚类分析.md,enterprise-01501,求是知行,项目管理，包括人员信息、项目进度、风险跟踪、待办事项等等,项目与任务管理,项目进度跟踪,,,,,,,,
enterprise,WPS项目管理企业版需求聚类分析.md,enterprise-01502,小困包ᥫᩣ的企业,学习,人力与组织管理,培训与人才发展管理,,,,,,,,
enterprise,WPS项目管理企业版需求聚类分析.md,enterprise-01503,北京国金源富科技有限公司,项目进度管理,项目与任务管理,项目进度跟踪,,,,,,,,
enterprise,WPS项目管理企业版需求聚类分析.md,enterprise-01504,汪嘉城城城城城的企业,天泵司机的薪资待遇,财务、合同与结算,费用与报销管理,,,,,,,,
enterprise,WPS项目管理企业版需求聚类分析.md,enterprise-01505,xiaoyaoyizu的企业,怎样缩60%打印,无,无,,,,,,,,
enterprise,WPS项目管理企业版需求聚类分析.md,enterprise-01506,防雷李国栋的企业,防雷检测企业，分成两个小组，一个组3个人，两个组共6人，办公室文员2人，协助检测以及检测报告制作，招投标等，制作考核细则,研发与产品管理,打样与试制管理,,,,,,,,
enterprise,WPS项目管理企业版需求聚类分析.md,enterprise-01507,郭先生的,双代号网络图,项目与任务管理,甘特图与排期可视化,,,,,,,,
enterprise,WPS项目管理企业版需求聚类分析.md,enterprise-01508,若如初见的企业,项目进度跟进,项目与任务管理,项目进度跟踪,,,,,,,,
enterprise,WPS项目管理企业版需求聚类分析.md,enterprise-01509,运动医学与关节外科,主要进行运动医学与关节外科运营服务质量和安全管理，科室能力提升和工作制度及计划制定，各种运营医疗数据整理、统计、汇总、分析、报表制作。最重要是各种医疗行为的自动化办公建设，比如但不限于出院患者随访自动化、科室人员工作量及绩效分配管理自动化等等。,数据分析与经营看板,绩效与工作量分析,,,,,,,,
enterprise,WPS项目管理企业版需求聚类分析.md,enterprise-01510,青铎社官方平台2,舞台剧编排,项目与任务管理,甘特图与排期可视化,,,,,,,,
enterprise,WPS项目管理企业版需求聚类分析.md,enterprise-01511,青铎社官方平台2,无,无,无,,,,,,,,
enterprise,WPS项目管理企业版需求聚类分析.md,enterprise-01512,安生的企业,不用,无,无,,,,,,,,
enterprise,WPS项目管理企业版需求聚类分析.md,enterprise-01513,希望的企业,很多项目的审计进度做一个跟踪,数据分析与经营看板,可视化看板,,,,,,,,
enterprise,WPS项目管理企业版需求聚类分析.md,enterprise-01514,路贸通(云南)商品贸易有限公司,个人计划,客户、销售与订单,销售目标管理,,,,,,,,
enterprise,WPS项目管理企业版需求聚类分析.md,enterprise-01515,陈茂松的企业,项目进度管理,项目与任务管理,项目进度跟踪,,,,,,,,
enterprise,WPS项目管理企业版需求聚类分析.md,enterprise-01516,周的企业,科技创新项目管理,研发与产品管理,研发项目管理,,,,,,,,
enterprise,WPS项目管理企业版需求聚类分析.md,enterprise-01517,Haoye,硬件开发,生产与制造管理,装配与调试管理,,,,,,,,
enterprise,WPS项目管理企业版需求聚类分析.md,enterprise-01518,夢裡花落知多少的企业,全年每个部分项目的名称、进度、计划等,项目与任务管理,项目计划管理,,,,,,,,
enterprise,WPS项目管理企业版需求聚类分析.md,enterprise-01519,长沙盈康信息科技有限公司,信息化集成行业,协同办公与流程审批,协同办公,,,,,,,,
enterprise,WPS项目管理企业版需求聚类分析.md,enterprise-01520,搬砖7分队,①部门之间协同配合问题,协同办公与流程审批,会议与纪要管理,,,,,,,,
enterprise,WPS项目管理企业版需求聚类分析.md,enterprise-01521,,②员工执行效率问题，更落地的会议任务管理,,,,,,,,,,
enterprise,WPS项目管理企业版需求聚类分析.md,enterprise-01522,,③减轻领导工作，更方便的日周月报,,,,,,,,,,
enterprise,WPS项目管理企业版需求聚类分析.md,enterprise-01523,,④项目管理，更直观把握工作进度和质量,,,,,,,,,,
enterprise,WPS项目管理企业版需求聚类分析.md,enterprise-01524,,⑤流程管理，更自动化的提醒和连接,,,,,,,,,,
enterprise,WPS项目管理企业版需求聚类分析.md,enterprise-01525,,⑥绩效考核管理，更自动化考核,,,,,,,,,,
enterprise,WPS项目管理企业版需求聚类分析.md,enterprise-01526,,⑦企业各类数据统计，更客观的过程和结果统计,,,,,,,,,,
enterprise,WPS项目管理企业版需求聚类分析.md,enterprise-01527,,⑧okr目标管理，一站式落地（理念+工具）,,,,,,,,,,
enterprise,WPS项目管理企业版需求聚类分析.md,enterprise-01528,山东敬爱新能源有限公司,电力工程项目EPC项目管理,工程与施工管理,工程结算管理,,,,,,,,
enterprise,WPS项目管理企业版需求聚类分析.md,enterprise-01529,燕云任务版,帮我生成一个任务清单，内容包括每日任务，每周任务，每周固定一次的任务，以及一个周目标,项目与任务管理,项目台账管理,,,,,,,,
enterprise,WPS项目管理企业版需求聚类分析.md,enterprise-01530,江苏迪莫工业智能科技有限公司,项目milestone管理,项目与任务管理,项目台账管理,,,,,,,,
enterprise,WPS项目管理企业版需求聚类分析.md,enterprise-01531,福布斯小富婆的企业,数据搭建和目标跟进,数据分析与经营看板,数据治理与数据台账,,,,,,,,
enterprise,WPS项目管理企业版需求聚类分析.md,enterprise-01532,汽车工程教研室包头机电,我的工作现状：我是中职学校资深汽车工程系主任，管理汽车工程系教学部、学工部，项目部（稳运行）、项目部（保建设）：,人力与组织管理,培训与人才发展管理,,,,,,,,
enterprise,WPS项目管理企业版需求聚类分析.md,enterprise-01533,,- 教学部、学生部常规管理，主要是听评课、教学研究、班主任及教师成长管理、,,,,,,,,,,
enterprise,WPS项目管理企业版需求聚类分析.md,enterprise-01534,,- 重点项目如：,,,,,,,,,,
enterprise,WPS项目管理企业版需求聚类分析.md,enterprise-01535,,- 中德汽车能力中心项目,,,,,,,,,,
enterprise,WPS项目管理企业版需求聚类分析.md,enterprise-01536,,- {中德学习领域课程体系构建、11门学习领域课程建设管理,,,,,,,,,,
enterprise,WPS项目管理企业版需求聚类分析.md,enterprise-01537,,- 能力矩阵与学习情境矩阵的管理、,,,,,,,,,,
enterprise,WPS项目管理企业版需求聚类分析.md,enterprise-01538,,- 教学设计工作模板（教学设计、教案、ppt制作、教学评价）,,,,,,,,,,
enterprise,WPS项目管理企业版需求聚类分析.md,enterprise-01539,,- 师资建设管理,,,,,,,,,,
enterprise,WPS项目管理企业版需求聚类分析.md,enterprise-01540,,- 省级优质专业建设（五金建设，主要是3门精品课、5个活页式教材）,,,,,,,,,,
enterprise,WPS项目管理企业版需求聚类分析.md,enterprise-01541,,- 省级教师教学创新团队建设,,,,,,,,,,
enterprise,WPS项目管理企业版需求聚类分析.md,enterprise-01542,,- AI赋能专业建设与,,,,,,,,,,
enterprise,WPS项目管理企业版需求聚类分析.md,enterprise-01543,,- 汽车维修领域垂直大模型建构思路、路径,,,,,,,,,,
enterprise,WPS项目管理企业版需求聚类分析.md,enterprise-01544,,- Ai赋能学习领域建设，项目化全流程管理,,,,,,,,,,
enterprise,WPS项目管理企业版需求聚类分析.md,enterprise-01545,德鹏供应链管理,产品开发的全流程管理,研发与产品管理,产品开发管理,,,,,,,,
enterprise,WPS项目管理企业版需求聚类分析.md,enterprise-01546,劳谦步月的企业,汽车变速箱设计到生产销售，APQP流程,生产与制造管理,装配与调试管理,,,,,,,,
enterprise,WPS项目管理企业版需求聚类分析.md,enterprise-01547,北京青绿文化交流中心,多任务分步骤进程管理,项目与任务管理,任务分配与协同,,,,,,,,
enterprise,WPS项目管理企业版需求聚类分析.md,enterprise-01548,上海一庚医疗科技有限公司,1,无,无,,,,,,,,
enterprise,WPS项目管理企业版需求聚类分析.md,enterprise-01549,和利时服务管理部,我需要管理项目生命周期包括项目信息、物资等,项目与任务管理,项目计划管理,,,,,,,,
enterprise,WPS项目管理企业版需求聚类分析.md,enterprise-01550,Lorde的企业,年度计划,财务、合同与结算,预算管理,,,,,,,,
enterprise,WPS项目管理企业版需求聚类分析.md,enterprise-01551,谢彬的企业,信息化系统集成,协同办公与流程审批,协同办公,,,,,,,,
enterprise,WPS项目管理企业版需求聚类分析.md,enterprise-01552,一江春水,没有问题,无,无,,,,,,,,
enterprise,WPS项目管理企业版需求聚类分析.md,enterprise-01553,佐的企业,系统调试项目,生产与制造管理,装配与调试管理,,,,,,,,
enterprise,WPS项目管理企业版需求聚类分析.md,enterprise-01554,航线三车间,总控任务分发到个人，个人按照自己工作开始和结束的节点上报。,项目与任务管理,里程碑管理,,,,,,,,
enterprise,WPS项目管理企业版需求聚类分析.md,enterprise-01555,浙江圆周建设有限公司,材料，预算，成本。费用,财务、合同与结算,成本核算管理,,,,,,,,
enterprise,WPS项目管理企业版需求聚类分析.md,enterprise-01556,一往而深TEL的企业,工作分配,人力与组织管理,工时与人员负荷管理,,,,,,,,
enterprise,WPS项目管理企业版需求聚类分析.md,enterprise-01557,毕若琛的企业,我要做一个广告和广场收入的增值收入的表格，跟进每个月每个点位的收入及空置情况,数据分析与经营看板,报表管理,,,,,,,,
enterprise,WPS项目管理企业版需求聚类分析.md,enterprise-01558,Fan的企业,汇总结算应收款,财务、合同与结算,收付款与回款管理,,,,,,,,
enterprise,WPS项目管理企业版需求聚类分析.md,enterprise-01559,只会宠娃的企业,产生任务的跟踪管理以及预排产,项目与任务管理,项目进度跟踪,,,,,,,,
enterprise,WPS项目管理企业版需求聚类分析.md,enterprise-01560,中保源新能源科技(扬州)有限公司,光伏电站开发流程,工程与施工管理,工程进度管理,,,,,,,,
enterprise,WPS项目管理企业版需求聚类分析.md,enterprise-01561,沈阳鸿晟恒业科技有限公司,非标生产设备型公司,生产与制造管理,非标制造管理,,,,,,,,
enterprise,WPS项目管理企业版需求聚类分析.md,enterprise-01562,湖南拓升新材料科技有限公司,线索管理，项目管理,项目与任务管理,项目台账管理,,,,,,,,
enterprise,WPS项目管理企业版需求聚类分析.md,enterprise-01563,关.的企业,项目成分分析,项目与任务管理,项目复盘与总结,,,,,,,,
enterprise,WPS项目管理企业版需求聚类分析.md,enterprise-01564,中铁融创,实现多个项目进度管理可视化的表格,项目与任务管理,项目进度跟踪,,,,,,,,
enterprise,WPS项目管理企业版需求聚类分析.md,enterprise-01565,WPS_1694147608的企业,外墙涂料,工程与施工管理,装修装饰项目管理,,,,,,,,
enterprise,WPS项目管理企业版需求聚类分析.md,enterprise-01566,佛山市医路松佰医疗器械有限公司,齿科医疗器械设备年度销售指标的建立和拆分，零散项目信息的统一和销售跟进进度追踪。,数据分析与经营看板,多维分析,,,,,,,,
enterprise,WPS项目管理企业版需求聚类分析.md,enterprise-01567,天津童联孩子王儿童用品有限公司爱琴海店,业绩,人力与组织管理,绩效与提成管理,,,,,,,,
enterprise,WPS项目管理企业版需求聚类分析.md,enterprise-01568,LIONS工作室,AI集成系统,协同办公与流程审批,协同办公,,,,,,,,
enterprise,WPS项目管理企业版需求聚类分析.md,enterprise-01569,乡村基浙江,连锁品牌营建,客户、销售与订单,电商与门店运营,,,,,,,,
enterprise,WPS项目管理企业版需求聚类分析.md,enterprise-01570,天津钢铁集团有限公司,精益项目管理，需要有大项目数据跟踪、举措的落实和实施,项目与任务管理,项目台账管理,,,,,,,,
enterprise,WPS项目管理企业版需求聚类分析.md,enterprise-01571,安尛苒的企业,12生肖,无,无,,,,,,,,
enterprise,WPS项目管理企业版需求聚类分析.md,enterprise-01572,LiliasR的企业,人事共享服务部工单,服务、工单与运维,客服工单管理,,,,,,,,
enterprise,WPS项目管理企业版需求聚类分析.md,enterprise-01573,有熊机械,契合零部件制造，从产品报价，到产品工艺流程编制管控，工装制造的申请和计划进度的管控，产品生产的质量管控到质量问题分析和统计,生产与制造管理,装配与调试管理,,,,,,,,
enterprise,WPS项目管理企业版需求聚类分析.md,enterprise-01574,郑州市源通水泥制品有限公司,人,无,无,,,,,,,,
enterprise,WPS项目管理企业版需求聚类分析.md,enterprise-01575,易云智联(北京)科技有限责任公司,软件项目管理,项目与任务管理,项目台账管理,,,,,,,,
enterprise,WPS项目管理企业版需求聚类分析.md,enterprise-01576,宁波奥崎自动化仪表设备有限公司,项目进度管理,项目与任务管理,项目进度跟踪,,,,,,,,
enterprise,WPS项目管理企业版需求聚类分析.md,enterprise-01577,廖诚的项目,工程项目施工,工程与施工管理,工程进度管理,,,,,,,,
enterprise,WPS项目管理企业版需求聚类分析.md,enterprise-01578,周丹的企业,采购项目管道,生产与制造管理,生产交付协同,,,,,,,,
enterprise,WPS项目管理企业版需求聚类分析.md,enterprise-01579,从梦中醒来的企业,电芯研发,生产与制造管理,装配与调试管理,,,,,,,,
enterprise,WPS项目管理企业版需求聚类分析.md,enterprise-01580,巅峰七七的企业,核心人员保密协议,质量、安全与合规,内控与审计合规,,,,,,,,
enterprise,WPS项目管理企业版需求聚类分析.md,enterprise-01581,中共中央组织部机关服务中心,中共中央组织部,协同办公与流程审批,会议与纪要管理,,,,,,,,
enterprise,WPS项目管理企业版需求聚类分析.md,enterprise-01582,caoj的企业,工作例会,生产与制造管理,车间任务管理,,,,,,,,
enterprise,WPS项目管理企业版需求聚类分析.md,enterprise-01583,shero的企业,1,无,无,,,,,,,,
enterprise,WPS项目管理企业版需求聚类分析.md,enterprise-01584,云南美境旅行社有限公司,旅游行业，产品线路统计，包含收入支出明细，利润率分析,财务、合同与结算,利润与经营分析,,,,,,,,
enterprise,WPS项目管理企业版需求聚类分析.md,enterprise-01585,陕西光大石油工程技术服务有限公司,我们是一家石油天然气钻探公司，我需要一套日常财务流水和统计，每口井的收入，支出和利润汇总,财务、合同与结算,利润与经营分析,,,,,,,,
enterprise,WPS项目管理企业版需求聚类分析.md,enterprise-01586,贵州省铜仁市江口梵之味食品有限公司,计划任务,项目与任务管理,项目计划管理,,,,,,,,
enterprise,WPS项目管理企业版需求聚类分析.md,enterprise-01587,徐冠男的企业,企业重点项目管理,研发与产品管理,研发项目管理,,,,,,,,
enterprise,WPS项目管理企业版需求聚类分析.md,enterprise-01588,滁州迈硕科技有限公司,高企申报、政策资金申报项目申报咨询服务,项目与任务管理,项目台账管理,,,,,,,,
enterprise,WPS项目管理企业版需求聚类分析.md,enterprise-01589,Lohamann,制造业生产流程管理,生产与制造管理,生产交付协同,,,,,,,,
enterprise,WPS项目管理企业版需求聚类分析.md,enterprise-01590,成都赛恩提飞科技有限公司,项目管理,项目与任务管理,项目台账管理,,,,,,,,
enterprise,WPS项目管理企业版需求聚类分析.md,enterprise-01591,都江堰青宇智慧酒店管理有限公司,我这边做酒店项目装修的会涉及到提前现场勘查，设计方案，预算执行情况，工程现场管理，供应商管理，财务付款情况等,工程与施工管理,施工现场管理,,,,,,,,
enterprise,WPS项目管理企业版需求聚类分析.md,enterprise-01592,Pretend的企业,无,无,无,,,,,,,,
enterprise,WPS项目管理企业版需求聚类分析.md,enterprise-01593,广西壮族自治区国有雅长林场营林科,项目进度、质量监督、检查指导、验收结算、统计,项目与任务管理,项目进度跟踪,,,,,,,,
enterprise,WPS项目管理企业版需求聚类分析.md,enterprise-01594,绥芬河市林业和草原局,事业单位企业化管理，资产、财务、材料采购,财务、合同与结算,利润与经营分析,,,,,,,,
enterprise,WPS项目管理企业版需求聚类分析.md,enterprise-01595,南充农村商业银行股份有限公司,产品开发,研发与产品管理,产品开发管理,,,,,,,,
enterprise,WPS项目管理企业版需求聚类分析.md,enterprise-01596,左权鼎辉旺建设有限公司,那你,无,无,,,,,,,,
enterprise,WPS项目管理企业版需求聚类分析.md,enterprise-01597,~~小陈~~的企业,工程建筑行业管理表格,工程与施工管理,装修装饰项目管理,,,,,,,,
enterprise,WPS项目管理企业版需求聚类分析.md,enterprise-01598,西安北方电站设备有限公司,生产及销售,生产与制造管理,生产交付协同,,,,,,,,
enterprise,WPS项目管理企业版需求聚类分析.md,enterprise-01599,江苏天宇,进度计划,工程与施工管理,工程进度管理,,,,,,,,
enterprise,WPS项目管理企业版需求聚类分析.md,enterprise-01600,尚川陈嘉荣的企业,产品研发,研发与产品管理,产品开发管理,,,,,,,,
enterprise,WPS项目管理企业版需求聚类分析.md,enterprise-01601,恒健运营文档,解决流程反馈,项目与任务管理,项目复盘与总结,,,,,,,,
enterprise,WPS项目管理企业版需求聚类分析.md,enterprise-01602,Alex的企业,项目时间迟迟推迟,项目与任务管理,项目进度跟踪,,,,,,,,
enterprise,WPS项目管理企业版需求聚类分析.md,enterprise-01603,连云港凯莱信息,111111,无,无,,,,,,,,
enterprise,WPS项目管理企业版需求聚类分析.md,enterprise-01604,王京凯的企业,人工智能教育企业，客户为学校,人力与组织管理,培训与人才发展管理,,,,,,,,
enterprise,WPS项目管理企业版需求聚类分析.md,enterprise-01605,东莞市大进森林包装有限公司,多部门管理和多项目管理,项目与任务管理,多项目组合管理,,,,,,,,
enterprise,WPS项目管理企业版需求聚类分析.md,enterprise-01606,太阳绳的企业,生产进度管理,生产与制造管理,排产管理,,,,,,,,
enterprise,WPS项目管理企业版需求聚类分析.md,enterprise-01607,青山下文旅,文旅项目管理,项目与任务管理,项目台账管理,,,,,,,,
enterprise,WPS项目管理企业版需求聚类分析.md,enterprise-01608,广东省港航集团有限公司,公司年度重点工作进度管理,研发与产品管理,研发项目管理,,,,,,,,
enterprise,WPS项目管理企业版需求聚类分析.md,enterprise-01609,是日落呐的企业,年度EHS工作,协同办公与流程审批,行政事务管理,,,,,,,,
enterprise,WPS项目管理企业版需求聚类分析.md,enterprise-01610,瑞兴联钢铁,我需要管理的项目有绘图中 已定料 生产中 待出货四种状态，需要显示项目下单日期，绘图日期，总重 总价 负责人,生产与制造管理,制造进度跟踪,,,,,,,,
enterprise,WPS项目管理企业版需求聚类分析.md,enterprise-01611,晓峰的企业,年度总结,无,无,,,,,,,,
enterprise,WPS项目管理企业版需求聚类分析.md,enterprise-01612,刘福寿的企业,财务报表,财务、合同与结算,收付款与回款管理,,,,,,,,
enterprise,WPS项目管理企业版需求聚类分析.md,enterprise-01613,安徽瑞德智能科技有限公司,OD,无,无,,,,,,,,
enterprise,WPS项目管理企业版需求聚类分析.md,enterprise-01614,仁心法务,律师，管理案件进展项目,研发与产品管理,研发项目管理,,,,,,,,
enterprise,WPS项目管理企业版需求聚类分析.md,enterprise-01615,张诗宇的企业,服装销售项目管理模板,客户、销售与订单,商机与销售过程管理,,,,,,,,
enterprise,WPS项目管理企业版需求聚类分析.md,enterprise-01616,杭州钰冉智能,项目管理,项目与任务管理,项目台账管理,,,,,,,,
enterprise,WPS项目管理企业版需求聚类分析.md,enterprise-01617,WzM的企业,制作工程量清单,工程与施工管理,工程清单与签证管理,,,,,,,,
enterprise,WPS项目管理企业版需求聚类分析.md,enterprise-01618,Karami的企业,22,无,无,,,,,,,,
enterprise,WPS项目管理企业版需求聚类分析.md,enterprise-01619,网数中心(永安片),123,无,无,,,,,,,,
enterprise,WPS项目管理企业版需求聚类分析.md,enterprise-01620,河北工业大学,滚,无,无,,,,,,,,
enterprise,WPS项目管理企业版需求聚类分析.md,enterprise-01621,I am you的企业,工程报价,工程与施工管理,工程结算管理,,,,,,,,
enterprise,WPS项目管理企业版需求聚类分析.md,enterprise-01622,新疆欧风装修工程有限公司,住宅室内装修预算表,工程与施工管理,装修装饰项目管理,,,,,,,,
enterprise,WPS项目管理企业版需求聚类分析.md,enterprise-01623,边边的企业,111,无,无,,,,,,,,
enterprise,WPS项目管理企业版需求聚类分析.md,enterprise-01624,仧丶乆的企业,精装项目如何管理,项目与任务管理,项目计划管理,,,,,,,,
enterprise,WPS项目管理企业版需求聚类分析.md,enterprise-01625,成都顺益通信息技术有限公司,项目跟踪管理进度,项目与任务管理,项目进度跟踪,,,,,,,,
enterprise,WPS项目管理企业版需求聚类分析.md,enterprise-01626,,以及货物的进销存,,,,,,,,,,
enterprise,WPS项目管理企业版需求聚类分析.md,enterprise-01627,公子羽的企业,编制施工计划,工程与施工管理,工程进度管理,,,,,,,,
enterprise,WPS项目管理企业版需求聚类分析.md,enterprise-01628,深圳市遨永科技有限公司,电商运营,客户、销售与订单,电商与门店运营,,,,,,,,
enterprise,WPS项目管理企业版需求聚类分析.md,enterprise-01629,981C的企业,项目计划管理，任务分解，进度管理。,项目与任务管理,项目计划管理,,,,,,,,
enterprise,WPS项目管理企业版需求聚类分析.md,enterprise-01630,广东长兴润德教育科技有限公司,文档定稿,协同办公与流程审批,文档与档案管理,,,,,,,,
enterprise,WPS项目管理企业版需求聚类分析.md,enterprise-01631,lijiang的企业,实现公司研发项目管理,研发与产品管理,研发项目管理,,,,,,,,
enterprise,WPS项目管理企业版需求聚类分析.md,enterprise-01632,上海博茂律师事务所,律师事务所案件管理系统,客户、销售与订单,商机与销售过程管理,,,,,,,,
enterprise,WPS项目管理企业版需求聚类分析.md,enterprise-01633,苏州镭图光电科技有限公司,项目进度管理,项目与任务管理,项目进度跟踪,,,,,,,,
enterprise,WPS项目管理企业版需求聚类分析.md,enterprise-01634,福建东耀伟业建设工程有限公司,建筑施工流程,工程与施工管理,工程进度管理,,,,,,,,
enterprise,WPS项目管理企业版需求聚类分析.md,enterprise-01635,对白空白1395463818的企业,实现多项目管理，不同的项目负责人只可以解锁各人负责的项目任务。满足业主对项目管理的需要,项目与任务管理,多项目组合管理,,,,,,,,
enterprise,WPS项目管理企业版需求聚类分析.md,enterprise-01636,pp的企业,市政工程资料、手续、支付申请、支付、招投标、请示文、询价手续、合同等资料管理,财务、合同与结算,合同与招投标管理,,,,,,,,
enterprise,WPS项目管理企业版需求聚类分析.md,enterprise-01637,新加美装饰设计馆,建立订单管理系统，包含项目名称、内容、成交额、应收金额、完成情况等，联动详细报价表、产品库存表、成本核算表。,客户、销售与订单,询价与报价管理,,,,,,,,
enterprise,WPS项目管理企业版需求聚类分析.md,enterprise-01638,肇庆市第一人民医院(肇庆市医疗紧急救援中心),任务管理,项目与任务管理,任务分配与协同,,,,,,,,
enterprise,WPS项目管理企业版需求聚类分析.md,enterprise-01639,嘉兴君泰医用辅料有限公司,医疗器械产品开发项目,研发与产品管理,产品开发管理,,,,,,,,
enterprise,WPS项目管理企业版需求聚类分析.md,enterprise-01640,何智权的企业,s,无,无,,,,,,,,
enterprise,WPS项目管理企业版需求聚类分析.md,enterprise-01641,L的企业,1,无,无,,,,,,,,
enterprise,WPS项目管理企业版需求聚类分析.md,enterprise-01642,济南市历下区文化东路街道环山社区卫生服务站,解决资产统计问题,财务、合同与结算,利润与经营分析,,,,,,,,
enterprise,WPS项目管理企业版需求聚类分析.md,enterprise-01643,WPS_1569937660的企业,一条条的项目和一个独立的排期填写,项目与任务管理,项目计划管理,,,,,,,,
enterprise,WPS项目管理企业版需求聚类分析.md,enterprise-01644,漂渺的云的企业,项目管理,项目与任务管理,项目台账管理,,,,,,,,
enterprise,WPS项目管理企业版需求聚类分析.md,enterprise-01645,乔小七的企业,人力资源,人力与组织管理,组织与岗位管理,,,,,,,,
enterprise,WPS项目管理企业版需求聚类分析.md,enterprise-01646,对方正在输入...的企业,记录项目名称、业务员姓名、报价文件在本地的目录,项目与任务管理,项目台账管理,,,,,,,,
enterprise,WPS项目管理企业版需求聚类分析.md,enterprise-01647,windows的企业,项目进度、事项、工作安排追踪,项目与任务管理,项目进度跟踪,,,,,,,,
enterprise,WPS项目管理企业版需求聚类分析.md,enterprise-01648,科技有限公司,解决从项目可行性研究，立项到过程管理以及闭环的全流程,研发与产品管理,研发项目管理,,,,,,,,
enterprise,WPS项目管理企业版需求聚类分析.md,enterprise-01649,小蔡15366590865的企业,预算报价有关水电项目费用分析,财务、合同与结算,预算管理,,,,,,,,
enterprise,WPS项目管理企业版需求聚类分析.md,enterprise-01650,微茫的企业,项目进展跟进,项目与任务管理,项目进度跟踪,,,,,,,,
enterprise,WPS项目管理企业版需求聚类分析.md,enterprise-01651,WPS_1695792338的企业,1,无,无,,,,,,,,
enterprise,WPS项目管理企业版需求聚类分析.md,enterprise-01652,彭红江的企业,项目管理,项目与任务管理,项目台账管理,,,,,,,,
enterprise,WPS项目管理企业版需求聚类分析.md,enterprise-01653,S&#39;仰角的企业,表格自动运行，如自动转数值，自动筛选,数据分析与经营看板,统计汇总,,,,,,,,
enterprise,WPS项目管理企业版需求聚类分析.md,enterprise-01654,zhaili的企业,采办绩效和工作分解,人力与组织管理,绩效与提成管理,,,,,,,,
enterprise,WPS项目管理企业版需求聚类分析.md,enterprise-01655,兄弟工作,记录项目,项目与任务管理,项目台账管理,,,,,,,,
enterprise,WPS项目管理企业版需求聚类分析.md,enterprise-01656,π_π的企业,1,无,无,,,,,,,,
enterprise,WPS项目管理企业版需求聚类分析.md,enterprise-01657,湖南立能工程有限责任公司,劳务，考勤，工资，任务，采购,人力与组织管理,薪酬与社保管理,,,,,,,,
enterprise,WPS项目管理企业版需求聚类分析.md,enterprise-01658,先试用一下,解决销售团队市场调研，客户筛选，客户开发的进度管理,客户、销售与订单,客户跟进管理,,,,,,,,
enterprise,WPS项目管理企业版需求聚类分析.md,enterprise-01659,LLLLxxk.的企业,电商工作分配,客户、销售与订单,电商与门店运营,,,,,,,,
enterprise,WPS项目管理企业版需求聚类分析.md,enterprise-01660,S2,输变电架空线路工程施工项目管理,工程与施工管理,工程进度管理,,,,,,,,
enterprise,WPS项目管理企业版需求聚类分析.md,enterprise-01661,Single °的企业,。。。。,无,无,,,,,,,,
enterprise,WPS项目管理企业版需求聚类分析.md,enterprise-01662,Invictus的企业,项目管理,项目与任务管理,项目台账管理,,,,,,,,
enterprise,WPS项目管理企业版需求聚类分析.md,enterprise-01663,福州喜多源网络科技有限公司,对项目全流程进行管理,项目与任务管理,项目计划管理,,,,,,,,
enterprise,WPS项目管理企业版需求聚类分析.md,enterprise-01664,Lee的企业,1111,无,无,,,,,,,,
enterprise,WPS项目管理企业版需求聚类分析.md,enterprise-01665,江苏省数据局,项目进度跟踪,项目与任务管理,项目进度跟踪,,,,,,,,
enterprise,WPS项目管理企业版需求聚类分析.md,enterprise-01666,毅的企业,年度、季度、月度、定期工作任务,人力与组织管理,工时与人员负荷管理,,,,,,,,
enterprise,WPS项目管理企业版需求聚类分析.md,enterprise-01667,依岩望松雪的企业,数据分析核对,数据分析与经营看板,统计汇总,,,,,,,,
enterprise,WPS项目管理企业版需求聚类分析.md,enterprise-01668,江西环林集团股份有限公司,生产模板,生产与制造管理,生产交付协同,,,,,,,,
enterprise,WPS项目管理企业版需求聚类分析.md,enterprise-01669,小橙橙的企业,培训管理,人力与组织管理,培训与人才发展管理,,,,,,,,
enterprise,WPS项目管理企业版需求聚类分析.md,enterprise-01670,工作的企业,餐饮门店员工管理,客户、销售与订单,电商与门店运营,,,,,,,,
enterprise,WPS项目管理企业版需求聚类分析.md,enterprise-01671,不迟的企业(分部),业务进度追踪,客户、销售与订单,客户跟进管理,,,,,,,,
enterprise,WPS项目管理企业版需求聚类分析.md,enterprise-01672,曾小金的企业,我做为变压器制造商，要完成变压器的销售任务，需要借助管理工具完成接到项目信息到对外提交项目文件的全流程高效管理，请帮我设计这样的管理流程和工具,研发与产品管理,研发阶段管理,,,,,,,,
enterprise,WPS项目管理企业版需求聚类分析.md,enterprise-01673,北京金正资产投资经营有限公司,担保,无,无,,,,,,,,
enterprise,WPS项目管理企业版需求聚类分析.md,enterprise-01674,记忆的企业,学习项目的进度跟踪,项目与任务管理,项目进度跟踪,,,,,,,,
enterprise,WPS项目管理企业版需求聚类分析.md,enterprise-01675,SURSTAR,工程项目挣值进度管理,工程与施工管理,工程进度管理,,,,,,,,
enterprise,WPS项目管理企业版需求聚类分析.md,enterprise-01676,邢焱的企业,①部门之间协同配合问题,协同办公与流程审批,会议与纪要管理,,,,,,,,
enterprise,WPS项目管理企业版需求聚类分析.md,enterprise-01677,,②员工执行效率问题，更落地的会议任务管理,,,,,,,,,,
enterprise,WPS项目管理企业版需求聚类分析.md,enterprise-01678,,③减轻领导工作，更方便的日周月报,,,,,,,,,,
enterprise,WPS项目管理企业版需求聚类分析.md,enterprise-01679,,④项目管理，更直观把握工作进度和质量,,,,,,,,,,
enterprise,WPS项目管理企业版需求聚类分析.md,enterprise-01680,,⑤流程管理，更自动化的提醒和连接,,,,,,,,,,
enterprise,WPS项目管理企业版需求聚类分析.md,enterprise-01681,,⑥绩效考核管理，更自动化考核,,,,,,,,,,
enterprise,WPS项目管理企业版需求聚类分析.md,enterprise-01682,,⑦企业各类数据统计，更客观的过程和结果统计,,,,,,,,,,
enterprise,WPS项目管理企业版需求聚类分析.md,enterprise-01683,张诗韵(牛马版)的企业,分线索库和跟踪库。 线索是有可能孵化成项目  跟踪是项目跟踪,项目与任务管理,项目进度跟踪,,,,,,,,
enterprise,WPS项目管理企业版需求聚类分析.md,enterprise-01684,奥雪文化,使用,无,无,,,,,,,,
enterprise,WPS项目管理企业版需求聚类分析.md,enterprise-01685,Don的企业,到期管理,协同办公与流程审批,待办与提醒管理,,,,,,,,
enterprise,WPS项目管理企业版需求聚类分析.md,enterprise-01686,盐城明辉建设工程有限公司,项目成本计算,财务、合同与结算,成本核算管理,,,,,,,,
enterprise,WPS项目管理企业版需求聚类分析.md,enterprise-01687,测试测试,电商客服管理,客户、销售与订单,电商与门店运营,,,,,,,,
enterprise,WPS项目管理企业版需求聚类分析.md,enterprise-01688,凡哥的企业,项目各供应商付款明细统计,财务、合同与结算,成本核算管理,,,,,,,,
enterprise,WPS项目管理企业版需求聚类分析.md,enterprise-01689,DXGJ,跟单,无,无,,,,,,,,
enterprise,WPS项目管理企业版需求聚类分析.md,enterprise-01690,沈琪的企业,测试,无,无,,,,,,,,
enterprise,WPS项目管理企业版需求聚类分析.md,enterprise-01691,华远卫士国际事务部,境外安保公司的运营监管,服务、工单与运维,维保管理,,,,,,,,
enterprise,WPS项目管理企业版需求聚类分析.md,enterprise-01692,奥视技术,快速招聘HR主管、和消费类电子产品的销售总监（有AI、AR、游戏外设销售、电商运营经验优先）、产品经理（有游戏硬件、AR、MR、XR的产品经验者优先）,客户、销售与订单,电商与门店运营,,,,,,,,
enterprise,WPS项目管理企业版需求聚类分析.md,enterprise-01693,ZHENG-YF-的企业,项目进度,项目与任务管理,项目进度跟踪,,,,,,,,
enterprise,WPS项目管理企业版需求聚类分析.md,enterprise-01694,WPS_1685019913的企业,从项目管理主页点进去可以进入子项目,项目与任务管理,项目台账管理,,,,,,,,
enterprise,WPS项目管理企业版需求聚类分析.md,enterprise-01695,凉爽的企业(分中心),协同工作,协同办公与流程审批,协同办公,,,,,,,,
enterprise,WPS项目管理企业版需求聚类分析.md,enterprise-01696,Play to sb的企业,项目内各任务分类及完成度,项目与任务管理,任务分配与协同,,,,,,,,
enterprise,WPS项目管理企业版需求聚类分析.md,enterprise-01697,北京鼎材科技有限公司,IPD系统实施项目管理,项目与任务管理,项目计划管理,,,,,,,,
enterprise,WPS项目管理企业版需求聚类分析.md,enterprise-01698,,计划任务、进度计划、里程碑,,,,,,,,,,
enterprise,WPS项目管理企业版需求聚类分析.md,enterprise-01699,徐的企业,项目责任到部门,人力与组织管理,组织与岗位管理,,,,,,,,
enterprise,WPS项目管理企业版需求聚类分析.md,enterprise-01700,中国移动通信集团湖北有限公司,无,无,无,,,,,,,,
enterprise,WPS项目管理企业版需求聚类分析.md,enterprise-01701,浮云(卢志华)的企业,造价咨询企业,客户、销售与订单,询价与报价管理,,,,,,,,
enterprise,WPS项目管理企业版需求聚类分析.md,enterprise-01702,小沙湾水厂,我是一名管理人员，我想利用微信小程序制作一个单位内部使用的平台。这个平台要能实现我可以同时给多名下属发布任务，对应人员可以实时接收到并能够在这个平台上反馈完成情况。我作为任务发布人员可以查看每项任务中每个人的完成情况，以及各项任务的总体进度；能够管理任务清单和任务录入。而作为我的下属，只能够看到自己负责的任务内容、完成时限、任务数量、任务进度、任务看板等情况。各项任务可以在日历上进行标记。,数据分析与经营看板,可视化看板,,,,,,,,
enterprise,WPS项目管理企业版需求聚类分析.md,enterprise-01703,韦德军 Rivers的企业,在沙特建立新工厂建设,无,无,,,,,,,,
enterprise,WPS项目管理企业版需求聚类分析.md,enterprise-01704,上海控安测试团队,任务分配进度管理,项目与任务管理,任务分配与协同,,,,,,,,
enterprise,WPS项目管理企业版需求聚类分析.md,enterprise-01705,曹威的企业,464,无,无,,,,,,,,
enterprise,WPS项目管理企业版需求聚类分析.md,enterprise-01706,体重不到140不改名的企业,项目进度管理,项目与任务管理,项目进度跟踪,,,,,,,,
enterprise,WPS项目管理企业版需求聚类分析.md,enterprise-01707,Yupeng的企业,举办大型集团年终工作会,协同办公与流程审批,会议与纪要管理,,,,,,,,
enterprise,WPS项目管理企业版需求聚类分析.md,enterprise-01708,luzengheng的企业,运维监理项目,服务、工单与运维,巡检管理,,,,,,,,
enterprise,WPS项目管理企业版需求聚类分析.md,enterprise-01709,重庆甲辰御龙科技有限公司,项目管理,项目与任务管理,项目台账管理,,,,,,,,
enterprise,WPS项目管理企业版需求聚类分析.md,enterprise-01710,肖磊♱的企业,客户信息管理,客户、销售与订单,客户信息管理,,,,,,,,
enterprise,WPS项目管理企业版需求聚类分析.md,enterprise-01711,天津港物流发展有限公司,实现包含各种权限的事项督办,协同办公与流程审批,审批流程管理,,,,,,,,
enterprise,WPS项目管理企业版需求聚类分析.md,enterprise-01712,WPS_1670205795的企业,非标准展览工程产品项目,生产与制造管理,非标制造管理,,,,,,,,
enterprise,WPS项目管理企业版需求聚类分析.md,enterprise-01713,武汉理通微芬科技有限公司,项目任务分解，时间节点,项目与任务管理,项目计划管理,,,,,,,,
enterprise,WPS项目管理企业版需求聚类分析.md,enterprise-01714,全息境界,项目进度跟进,项目与任务管理,项目进度跟踪,,,,,,,,
enterprise,WPS项目管理企业版需求聚类分析.md,enterprise-01715,caroline(施玲玲)的企业,切割件图整理,无,无,,,,,,,,
enterprise,WPS项目管理企业版需求聚类分析.md,enterprise-01716,张楠的企业,分配任务，关注执行情况,项目与任务管理,任务分配与协同,,,,,,,,
enterprise,WPS项目管理企业版需求聚类分析.md,enterprise-01717,英宋的企业,数据中心项目,数据分析与经营看板,数据治理与数据台账,,,,,,,,
enterprise,WPS项目管理企业版需求聚类分析.md,enterprise-01718,京业建工(深圳)有限公司,建筑工程施工管理,工程与施工管理,工程进度管理,,,,,,,,
enterprise,WPS项目管理企业版需求聚类分析.md,enterprise-01719,Scony的企业,多个软件项目需求拆解到个人，以及进度追踪,项目与任务管理,多项目组合管理,,,,,,,,
enterprise,WPS项目管理企业版需求聚类分析.md,enterprise-01720,ITSM测试,ITSM平台,协同办公与流程审批,流程标准化与SOP,,,,,,,,
enterprise,WPS项目管理企业版需求聚类分析.md,enterprise-01721,zz的企业,项目跟进,项目与任务管理,项目进度跟踪,,,,,,,,
enterprise,WPS项目管理企业版需求聚类分析.md,enterprise-01722,Aileen的企业,生产项目管理，追溯项目进度,生产与制造管理,制造进度跟踪,,,,,,,,
enterprise,WPS项目管理企业版需求聚类分析.md,enterprise-01723,肖申克的舅叔的企业,project manageing,项目与任务管理,项目台账管理,,,,,,,,
enterprise,WPS项目管理企业版需求聚类分析.md,enterprise-01724,佛山市第一人民医院住院医师规范化培训内科专业基地,截止日期	核心任务	关键细节	组队1,项目与任务管理,项目进度跟踪,,,,,,,,
enterprise,WPS项目管理企业版需求聚类分析.md,enterprise-01725,,组长	组员	参赛人员,,,,,,,,,,
enterprise,WPS项目管理企业版需求聚类分析.md,enterprise-01726,,2-12前	组队并定主题	2-3人团队，涵盖麻醉科+术科，护理可联合医生,,,,,,,,,,
enterprise,WPS项目管理企业版需求聚类分析.md,enterprise-01727,,需要协调事情,,,,,,,,,,
enterprise,WPS项目管理企业版需求聚类分析.md,enterprise-01728,,2-13前	集体会议	讨论抢救主线，明确案例核心冲突与流程	完成进度		完成清单：,,,,,,,,,,
enterprise,WPS项目管理企业版需求聚类分析.md,enterprise-01729,,需要协调事情,,,,,,,,,,
enterprise,WPS项目管理企业版需求聚类分析.md,enterprise-01730,,2-14前	提交案例主线设计	形成初步框架，集体讨论完善逻辑	完成进度		完成清单：,,,,,,,,,,
enterprise,WPS项目管理企业版需求聚类分析.md,enterprise-01731,,需要协调事情,,,,,,,,,,
enterprise,WPS项目管理企业版需求聚类分析.md,enterprise-01732,,2-24前	磨合案例	模拟演练并发现问题，教学管理科协调解决	完成进度 		完成清单：,,,,,,,,,,
enterprise,WPS项目管理企业版需求聚类分析.md,enterprise-01733,,需要协调事情,,,,,,,,,,
enterprise,WPS项目管理企业版需求聚类分析.md,enterprise-01734,,2-25前	学生演练+撰写剧本	完成至少1次全流程演练，剧本语言简洁化	完成进度 		完成清单：,,,,,,,,,,
enterprise,WPS项目管理企业版需求聚类分析.md,enterprise-01735,,需要协调事情,,,,,,,,,,
enterprise,WPS项目管理企业版需求聚类分析.md,enterprise-01736,,2-28前	修改案例并定稿	根据演练反馈优化细节，确定最终版本	完成进度		完成清单：,,,,,,,,,,
enterprise,WPS项目管理企业版需求聚类分析.md,enterprise-01737,,需要协调事情,,,,,,,,,,
enterprise,WPS项目管理企业版需求聚类分析.md,enterprise-01738,,3月1日	提交大赛资料	按要求整理文档、视频等材料并提交	完成进度		完成清单：,,,,,,,,,,
enterprise,WPS项目管理企业版需求聚类分析.md,enterprise-01739,,需要协调事情		完成进度		完成清单：,,,,,,,,,,
enterprise,WPS项目管理企业版需求聚类分析.md,enterprise-01740,,根据这个项目进度生成项目管理。,,,,,,,,,,
enterprise,WPS项目管理企业版需求聚类分析.md,enterprise-01741,同欣工程,思维导图,项目与任务管理,甘特图与排期可视化,,,,,,,,
enterprise,WPS项目管理企业版需求聚类分析.md,enterprise-01742,HandTouch,自贡人工智能教育项目,人力与组织管理,培训与人才发展管理,,,,,,,,
enterprise,WPS项目管理企业版需求聚类分析.md,enterprise-01743,楚德智仪(广州)智能科技有限公司,第三方GMP验证项目管理,研发与产品管理,研发阶段管理,,,,,,,,
enterprise,WPS项目管理企业版需求聚类分析.md,enterprise-01744,ZX-T的企业,电控,无,无,,,,,,,,
enterprise,WPS项目管理企业版需求聚类分析.md,enterprise-01745,厦门乐海百货有限公司,公司年度工作计划,生产与制造管理,生产计划管理,,,,,,,,
enterprise,WPS项目管理企业版需求聚类分析.md,enterprise-01746,刹那间的企业,甘特图,项目与任务管理,甘特图与排期可视化,,,,,,,,
enterprise,WPS项目管理企业版需求聚类分析.md,enterprise-01747,忘忧的企业,高三六科寒假学习任务细化,项目与任务管理,项目复盘与总结,,,,,,,,
enterprise,WPS项目管理企业版需求聚类分析.md,enterprise-01748,江油市乐牧科技有限公司,公司技术项目难点录入,研发与产品管理,技术文档管理,,,,,,,,
enterprise,WPS项目管理企业版需求聚类分析.md,enterprise-01749,柒的企业,施工计划甘特图,项目与任务管理,甘特图与排期可视化,,,,,,,,
enterprise,WPS项目管理企业版需求聚类分析.md,enterprise-01750,cherry的企业,1,无,无,,,,,,,,
enterprise,WPS项目管理企业版需求聚类分析.md,enterprise-01751,紫泥镇船管站,船舶的进出港录入、船舶的基本信息、船舶一船一档,供应链与仓储物流,到货与交期管理,,,,,,,,
enterprise,WPS项目管理企业版需求聚类分析.md,enterprise-01752,W的企业,工程管理,工程与施工管理,工程进度管理,,,,,,,,
enterprise,WPS项目管理企业版需求聚类分析.md,enterprise-01753,董的企业,项目推进,工程与施工管理,工程进度管理,,,,,,,,
enterprise,WPS项目管理企业版需求聚类分析.md,enterprise-01754,毛健健的企业,发给你发个和,无,无,,,,,,,,
enterprise,WPS项目管理企业版需求聚类分析.md,enterprise-01755,fy招标代理机构,招标项目进度,项目与任务管理,项目进度跟踪,,,,,,,,
enterprise,WPS项目管理企业版需求聚类分析.md,enterprise-01756,hxta的企业,暂时不用,无,无,,,,,,,,
enterprise,WPS项目管理企业版需求聚类分析.md,enterprise-01757,关威的企业,1111,无,无,,,,,,,,
enterprise,WPS项目管理企业版需求聚类分析.md,enterprise-01758,宁波奉化高奋力电子商务服务部,养老院部分房屋改建一级医院，施工管理，改建部分面积3463平方米，四层楼，加固投资65.6万，消防施工12万，强弱电5万。吊顶装修11万。集中供氧12万。扩建部分，面积349平方米，电梯间、消防楼梯305平方米，污物暂存间44平方米。投资117万。电梯12万。帮助出台各项目施工方案、施工监理、施工台账。关键环节及隐蔽工程如何监理、验收标准模板、施工进度计划、进度表、工程预算核算等,工程与施工管理,工程进度管理,,,,,,,,
enterprise,WPS项目管理企业版需求聚类分析.md,enterprise-01759,巴州财振资产管理有限责任公司,战略分解 周计划分解,生产与制造管理,生产计划管理,,,,,,,,
enterprise,WPS项目管理企业版需求聚类分析.md,enterprise-01760,盛 滢滢滢滢。的企业,我要生成一个项目推进图,项目与任务管理,甘特图与排期可视化,,,,,,,,
enterprise,WPS项目管理企业版需求聚类分析.md,enterprise-01761,IUEMS,test,无,无,,,,,,,,
enterprise,WPS项目管理企业版需求聚类分析.md,enterprise-01762,草草的企业,看看,无,无,,,,,,,,
enterprise,WPS项目管理企业版需求聚类分析.md,enterprise-01763,The 17th Dawn的企业,视觉,项目与任务管理,甘特图与排期可视化,,,,,,,,
enterprise,WPS项目管理企业版需求聚类分析.md,enterprise-01764,筑安居美,家装施工管理 ，资金出入，施工人员记录,工程与施工管理,装修装饰项目管理,,,,,,,,
enterprise,WPS项目管理企业版需求聚类分析.md,enterprise-01765,不要睡觉的企业,建筑工程,工程与施工管理,工程进度管理,,,,,,,,
enterprise,WPS项目管理企业版需求聚类分析.md,enterprise-01766,山东传海建筑工程有限公司,各个项目统计零工,人力与组织管理,工时与人员负荷管理,,,,,,,,
enterprise,WPS项目管理企业版需求聚类分析.md,enterprise-01767,My LVOE    Day任性不认命的企业,企业员工工作安排表,人力与组织管理,员工信息管理,,,,,,,,
enterprise,WPS项目管理企业版需求聚类分析.md,enterprise-01768,广州睿昕信息科技有限公司,项目实施主计划,项目与任务管理,项目计划管理,,,,,,,,
enterprise,WPS项目管理企业版需求聚类分析.md,enterprise-01769,曾智锋Aristo Tsang - DBG的企业,我想要一个项目的数据资料库，能透过项目名称或者元器件代码检索到履历：包含所有元器件价格的跟踪、成品价格的跟踪、每次价格变动的原因，同时可以做到透过excel表格输入,数据分析与经营看板,可视化看板,,,,,,,,
enterprise,WPS项目管理企业版需求聚类分析.md,enterprise-01770,WPS_1647688546的企业,项目人员进度管理 时间安排 资源协调,项目与任务管理,项目计划管理,,,,,,,,
enterprise,WPS项目管理企业版需求聚类分析.md,enterprise-01771,栗子的企业,通过相关会议纪要内总结的工作内容以及领导单独布置的工作任务，进行项目工作梳理和推进提示,协同办公与流程审批,会议与纪要管理,,,,,,,,
enterprise,WPS项目管理企业版需求聚类分析.md,enterprise-01772,WPS_1644030133的企业,项目管理,项目与任务管理,项目台账管理,,,,,,,,
enterprise,WPS项目管理企业版需求聚类分析.md,enterprise-01773,长江财产保险股份有限公司,1. 基础信息区域：项目名称、项目负责人、计划周期、模板版本等元数据,项目与任务管理,里程碑管理,,,,,,,,
enterprise,WPS项目管理企业版需求聚类分析.md,enterprise-01774,,"2. 任务分解结构：包含""阶段/任务分解""列，清晰展示以下项目阶段：",,,,,,,,,,
enterprise,WPS项目管理企业版需求聚类分析.md,enterprise-01775,,- 需求分析与设计,,,,,,,,,,
enterprise,WPS项目管理企业版需求聚类分析.md,enterprise-01776,,- 开发与单元测试,,,,,,,,,,
enterprise,WPS项目管理企业版需求聚类分析.md,enterprise-01777,,- 集成测试与修复（备注：重点关注预售车型编码）,,,,,,,,,,
enterprise,WPS项目管理企业版需求聚类分析.md,enterprise-01778,,- UAT与上线部署（备注：分批次上线）,,,,,,,,,,
enterprise,WPS项目管理企业版需求聚类分析.md,enterprise-01779,,- 运维与优化（备注：持续监控）,,,,,,,,,,
enterprise,WPS项目管理企业版需求聚类分析.md,enterprise-01780,,3. 时间轴区域：从2026年2月至长期，包含月度时间刻度,,,,,,,,,,
enterprise,WPS项目管理企业版需求聚类分析.md,enterprise-01781,,"4. 负责人列：预设""[待定]""占位符",,,,,,,,,,
enterprise,WPS项目管理企业版需求聚类分析.md,enterprise-01782,,5. 任务持续时间可视化：使用Excel条件格式或数据条功能，直观展示各任务的时间跨度,,,,,,,,,,
enterprise,WPS项目管理企业版需求聚类分析.md,enterprise-01783,,6. 备注列：保留各阶段的特殊说明空间,,,,,,,,,,
enterprise,WPS项目管理企业版需求聚类分析.md,enterprise-01784,,7. 状态跟踪列：添加任务状态跟踪（未开始/进行中/已完成）,,,,,,,,,,
enterprise,WPS项目管理企业版需求聚类分析.md,enterprise-01785,,8. 里程碑标记：为关键节点（如UAT完成、上线部署）设置里程碑标识,,,,,,,,,,
enterprise,WPS项目管理企业版需求聚类分析.md,enterprise-01786,大华机械苏州研发中心,汽车零部件,无,无,,,,,,,,
enterprise,WPS项目管理企业版需求聚类分析.md,enterprise-01787,zhanglina的企业,项目管理,项目与任务管理,项目台账管理,,,,,,,,
enterprise,WPS项目管理企业版需求聚类分析.md,enterprise-01788,YCYY,年度计划,财务、合同与结算,预算管理,,,,,,,,
enterprise,WPS项目管理企业版需求聚类分析.md,enterprise-01789,惠州鑫未来教育科技有限公司,职称评审业务咨询服务，,服务、工单与运维,客户回访与服务评价,,,,,,,,
enterprise,WPS项目管理企业版需求聚类分析.md,enterprise-01790,濮阳昆吾运输有限公司,财务,财务、合同与结算,收付款与回款管理,,,,,,,,
enterprise,WPS项目管理企业版需求聚类分析.md,enterprise-01791,帅。的企业,推进一个食材配送项目，需要做项目规划,研发与产品管理,研发项目管理,,,,,,,,
enterprise,WPS项目管理企业版需求聚类分析.md,enterprise-01792,杨帅的企业,智能硬件项目，AI眼镜。项目涉及软件和硬件的开发，软件包括车端、手机端、云端、眼睛端等等,项目与任务管理,甘特图与排期可视化,,,,,,,,
enterprise,WPS项目管理企业版需求聚类分析.md,enterprise-01793,广东建宏安,投标记录，施工合同,财务、合同与结算,合同与招投标管理,,,,,,,,
enterprise,WPS项目管理企业版需求聚类分析.md,enterprise-01794,summer的企业,11,无,无,,,,,,,,
enterprise,WPS项目管理企业版需求聚类分析.md,enterprise-01795,代少华的企业,监理,服务、工单与运维,巡检管理,,,,,,,,
enterprise,WPS项目管理企业版需求聚类分析.md,enterprise-01796,hwanching的企业,进度计划,工程与施工管理,工程进度管理,,,,,,,,
enterprise,WPS项目管理企业版需求聚类分析.md,enterprise-01797,昱昌环境-工程部,生产任务跟踪,生产与制造管理,制造进度跟踪,,,,,,,,
enterprise,WPS项目管理企业版需求聚类分析.md,enterprise-01798,杏林OTC团队,新产品 研发项目跟进,研发与产品管理,产品开发管理,,,,,,,,
enterprise,WPS项目管理企业版需求聚类分析.md,enterprise-01799,湖南省天心房地产开发有限责任公司,房地产项目管理,工程与施工管理,基建与市政项目管理,,,,,,,,
enterprise,WPS项目管理企业版需求聚类分析.md,enterprise-01800,GHPE国内火电项目,电站项目EPC工程总承包管理,工程与施工管理,工程结算管理,,,,,,,,
enterprise,WPS项目管理企业版需求聚类分析.md,enterprise-01801,广东益通幕墙门窗有限公司,流程管理，更自动化的提醒和连接,协同办公与流程审批,待办与提醒管理,,,,,,,,
enterprise,WPS项目管理企业版需求聚类分析.md,enterprise-01802,广州德鲁克国际货物运输代理有限公司,订单的管理和任务传递,客户、销售与订单,订单管理,,,,,,,,
enterprise,WPS项目管理企业版需求聚类分析.md,enterprise-01803,寻燃的企业,产品开发设计,研发与产品管理,产品开发管理,,,,,,,,
enterprise,WPS项目管理企业版需求聚类分析.md,enterprise-01804,北京铁力山科技股份有限公司,项目管理,项目与任务管理,项目台账管理,,,,,,,,
enterprise,WPS项目管理企业版需求聚类分析.md,enterprise-01805,启能电力(山东)有限公司,需要将各个部门的工作月报拆解 责任到人 动态跟进大家的任务完成进度，每日生成日报报表，进度落后进行预警,数据分析与经营看板,异常预警分析,,,,,,,,
enterprise,WPS项目管理企业版需求聚类分析.md,enterprise-01806,长沙奋逗者国际贸易有限公司,退下,无,无,,,,,,,,
enterprise,WPS项目管理企业版需求聚类分析.md,enterprise-01807,WPS_1474519577的企业,整车试验项目及样车管理，时间进度，责任人，进度联系曲线,数据分析与经营看板,多维分析,,,,,,,,
enterprise,WPS项目管理企业版需求聚类分析.md,enterprise-01808,德州市党政机关,生成行政复议决定书,协同办公与流程审批,待办与提醒管理,,,,,,,,
enterprise,WPS项目管理企业版需求聚类分析.md,enterprise-01809,微信用户的企业,齿科器材,无,无,,,,,,,,
enterprise,WPS项目管理企业版需求聚类分析.md,enterprise-01810,溪溪的企业,电商标准化流程,客户、销售与订单,电商与门店运营,,,,,,,,
enterprise,WPS项目管理企业版需求聚类分析.md,enterprise-01811,安屿的企业,技术服务日常运维,服务、工单与运维,安装与实施交付,,,,,,,,
enterprise,WPS项目管理企业版需求聚类分析.md,enterprise-01812,教电部门,门店运营相关问题,客户、销售与订单,电商与门店运营,,,,,,,,
enterprise,WPS项目管理企业版需求聚类分析.md,enterprise-01813,遵义交科工程检测有限公司,我这里是招标代理机构，每年的项目有1000个以上，我想要一个任务分配后的处理跟踪，不同阶段的处理结果反馈提示，覆盖 招标的全过程,客户、销售与订单,发货与交付跟踪,,,,,,,,
enterprise,WPS项目管理企业版需求聚类分析.md,enterprise-01814,沐雪的企业,777,无,无,,,,,,,,
enterprise,WPS项目管理企业版需求聚类分析.md,enterprise-01815,合众人寿保险股份有限公司,数据保护措施,数据分析与经营看板,数据治理与数据台账,,,,,,,,
enterprise,WPS项目管理企业版需求聚类分析.md,enterprise-01816,A茜倩的企业,非标项目工时管理,生产与制造管理,非标制造管理,,,,,,,,
enterprise,WPS项目管理企业版需求聚类分析.md,enterprise-01817,Tjr(๑ ̇❥ ̇๑)的企业,印刷行业的色彩管理,研发与产品管理,图纸与BOM管理,,,,,,,,
enterprise,WPS项目管理企业版需求聚类分析.md,enterprise-01818,5年上市筹备组,芯片定义、设计、流片、测试、定型,生产与制造管理,装配与调试管理,,,,,,,,
enterprise,WPS项目管理企业版需求聚类分析.md,enterprise-01819,随风而飘的企业,配网工程管理,服务、工单与运维,安装与实施交付,,,,,,,,
enterprise,WPS项目管理企业版需求聚类分析.md,enterprise-01820,dekyi的企业,项目，本科生教学、研究生教学、研究生毕业论文，本科生毕业论文，写文章，写著作，学生竞赛,项目与任务管理,项目复盘与总结,,,,,,,,
enterprise,WPS项目管理企业版需求聚类分析.md,enterprise-01821,吉林省固邦定制家居有限公司,订单派发和跟踪,客户、销售与订单,订单管理,,,,,,,,
enterprise,WPS项目管理企业版需求聚类分析.md,enterprise-01822,启动区B组,生成五个版块，分别为项目进度、对上管理、对下管理、方案管理、变更管理、施工管理,工程与施工管理,工程进度管理,,,,,,,,
enterprise,WPS项目管理企业版需求聚类分析.md,enterprise-01823,WPS_1642302225的企业,123,无,无,,,,,,,,
enterprise,WPS项目管理企业版需求聚类分析.md,enterprise-01824,温州机械设备租赁有限公司,机械,生产与制造管理,装配与调试管理,,,,,,,,
enterprise,WPS项目管理企业版需求聚类分析.md,enterprise-01825,新云医工(长沙),建筑行业的项目管理,工程与施工管理,工程进度管理,,,,,,,,
enterprise,WPS项目管理企业版需求聚类分析.md,enterprise-01826,中国出口信用保险公司(信息科技部),信创终端替换方案,服务、工单与运维,报修管理,,,,,,,,
enterprise,WPS项目管理企业版需求聚类分析.md,enterprise-01827,扬州健乐体育科技有限公司,电商,客户、销售与订单,电商与门店运营,,,,,,,,
enterprise,WPS项目管理企业版需求聚类分析.md,enterprise-01828,重庆宝迪电机研究所,电机研究所项目开发进度 每天的项目较多,项目与任务管理,多项目组合管理,,,,,,,,
enterprise,WPS项目管理企业版需求聚类分析.md,enterprise-01829,北京赛卓科技有限公司,项目跟进表,项目与任务管理,甘特图与排期可视化,,,,,,,,
enterprise,WPS项目管理企业版需求聚类分析.md,enterprise-01830,重庆公兆企业清算服务有限公司,破产清算项目,财务、合同与结算,预算管理,,,,,,,,
enterprise,WPS项目管理企业版需求聚类分析.md,enterprise-01831,工程服务商,智能化系统工程专业分包项目,服务、工单与运维,安装与实施交付,,,,,,,,
enterprise,WPS项目管理企业版需求聚类分析.md,enterprise-01832,明瑀的企业,制造进度,无,无,,,,,,,,
enterprise,WPS项目管理企业版需求聚类分析.md,enterprise-01833,无声的河的企业,造价工程项目登记,工程与施工管理,工程结算管理,,,,,,,,
enterprise,WPS项目管理企业版需求聚类分析.md,enterprise-01834,吉格斯科技,生产计划和物料计划,生产与制造管理,生产计划管理,,,,,,,,
enterprise,WPS项目管理企业版需求聚类分析.md,enterprise-01835,bobo的企业,多个子表的项目,项目与任务管理,甘特图与排期可视化,,,,,,,,
enterprise,WPS项目管理企业版需求聚类分析.md,enterprise-01836,海鸿运营部,房源台帐管理,协同办公与流程审批,台账与登记管理,,,,,,,,
enterprise,WPS项目管理企业版需求聚类分析.md,enterprise-01837,Liar的企业,项目跟进进度,项目与任务管理,项目进度跟踪,,,,,,,,
enterprise,WPS项目管理企业版需求聚类分析.md,enterprise-01838,信丰县教育体育局校建工作,政府投资工程项目管理,工程与施工管理,基建与市政项目管理,,,,,,,,
enterprise,WPS项目管理企业版需求聚类分析.md,enterprise-01839,朱文斌的企业,模具项目开发模版,项目与任务管理,甘特图与排期可视化,,,,,,,,
enterprise,WPS项目管理企业版需求聚类分析.md,enterprise-01840,陈赵杨 18258592345的企业,发票登记 合同管理 每日台账 待付账款 已付账款,财务、合同与结算,发票与结算管理,,,,,,,,
enterprise,WPS项目管理企业版需求聚类分析.md,enterprise-01841,凌雄美邦技术(上海)有限公司,测试,无,无,,,,,,,,
enterprise,WPS项目管理企业版需求聚类分析.md,enterprise-01842,蝶的企业(分部),1,无,无,,,,,,,,
enterprise,WPS项目管理企业版需求聚类分析.md,enterprise-01843,Arktic,你推荐一个场景,项目与任务管理,甘特图与排期可视化,,,,,,,,
enterprise,WPS项目管理企业版需求聚类分析.md,enterprise-01844,李曌星的企业,项目管理,项目与任务管理,项目台账管理,,,,,,,,
enterprise,WPS项目管理企业版需求聚类分析.md,enterprise-01845,青岛市市场经济研究会,工业互联网安全质量发展,质量、安全与合规,安全管理,,,,,,,,
enterprise,WPS项目管理企业版需求聚类分析.md,enterprise-01846,河北晟秦古建园林工程有限公司,工程考勤表工资合计材料款支付分包项目款项支付消耗支付收支总合计,工程与施工管理,工程结算管理,,,,,,,,
enterprise,WPS项目管理企业版需求聚类分析.md,enterprise-01847,小学文化的企业,生产统计模板,数据分析与经营看板,统计汇总,,,,,,,,
enterprise,WPS项目管理企业版需求聚类分析.md,enterprise-01848,مەخمۇتجان的企业,水利工程施工管理,工程与施工管理,工程结算管理,,,,,,,,
enterprise,WPS项目管理企业版需求聚类分析.md,enterprise-01849,商务会审,物质管理,研发与产品管理,技术文档管理,,,,,,,,
enterprise,WPS项目管理企业版需求聚类分析.md,enterprise-01850,干校开发项目组,项目进度甘特图,项目与任务管理,甘特图与排期可视化,,,,,,,,
enterprise,WPS项目管理企业版需求聚类分析.md,enterprise-01851,小磊的企业,工商主车，变更，记账报税，知识产权等工商财税服务,财务、合同与结算,费用与报销管理,,,,,,,,
enterprise,WPS项目管理企业版需求聚类分析.md,enterprise-01852,柴志文-小猫背单词,作为教务老师建立表格用于不同教室排课,协同办公与流程审批,待办与提醒管理,,,,,,,,
enterprise,WPS项目管理企业版需求聚类分析.md,enterprise-01853,北京金泊达建筑工程有限公司,建筑工程,工程与施工管理,工程进度管理,,,,,,,,
enterprise,WPS项目管理企业版需求聚类分析.md,enterprise-01854,长沙消信,门店信息搜集,客户、销售与订单,电商与门店运营,,,,,,,,
enterprise,WPS项目管理企业版需求聚类分析.md,enterprise-01855,李硕的企业,需要一套监控运维项目excel全自动生命周期及故障台账系统,数据分析与经营看板,可视化看板,,,,,,,,
enterprise,WPS项目管理企业版需求聚类分析.md,enterprise-01856,安全家工作室,我现在负责黄石经开区畅通工程（胡家湾段）建设项目的项目管理，工程主要涉及到隧道工程、路基路面工程、照明工程、房建工程等施工内容。请结合以上项目工程内容制定一个项目管理任务系统。,工程与施工管理,工程进度管理,,,,,,,,
enterprise,WPS项目管理企业版需求聚类分析.md,enterprise-01857,河南华瑾会计师事务所,合同签订后，跟进合同履行情况、收款情况、再分部门计算完成业绩情况,财务、合同与结算,收付款与回款管理,,,,,,,,
enterprise,WPS项目管理企业版需求聚类分析.md,enterprise-01858,幸运小虫牙的企业,工程管理,工程与施工管理,工程进度管理,,,,,,,,
enterprise,WPS项目管理企业版需求聚类分析.md,enterprise-01859,A何京的企业,外卖平台服务商，需要管理大量商家的日常运营及活动，达到任务分配到各个运营，工作留痕及工作闭环的作用,客户、销售与订单,电商与门店运营,,,,,,,,
enterprise,WPS项目管理企业版需求聚类分析.md,enterprise-01860,陕西悦林风境装饰工程有限公司,家装类公司记账 利润 工费 材料费表格,财务、合同与结算,利润与经营分析,,,,,,,,
enterprise,WPS项目管理企业版需求聚类分析.md,enterprise-01861,小李的企业,工程,工程与施工管理,工程进度管理,,,,,,,,
enterprise,WPS项目管理企业版需求聚类分析.md,enterprise-01862,上海卿隆恒机电设备有限公司,机械制造,生产与制造管理,装配与调试管理,,,,,,,,
enterprise,WPS项目管理企业版需求聚类分析.md,enterprise-01863,QUANQUAN  LUO的企业,工程项目,工程与施工管理,工程进度管理,,,,,,,,
enterprise,WPS项目管理企业版需求聚类分析.md,enterprise-01864,admin的企业,风力发电EPC施工总承包项目进度计划管理,工程与施工管理,工程进度管理,,,,,,,,
enterprise,WPS项目管理企业版需求聚类分析.md,enterprise-01865,沉沦与&#34;烟&#34;的企业,智能化工程项目管理,工程与施工管理,工程进度管理,,,,,,,,
enterprise,WPS项目管理企业版需求聚类分析.md,enterprise-01866,三通物流中心,仓库内也会有一些客户大批量海运到库，或者爆单的日期，我要根据这些信息做表来管理，还需要哪些东西等,供应链与仓储物流,到货与交期管理,,,,,,,,
enterprise,WPS项目管理企业版需求聚类分析.md,enterprise-01867,WPS_1669616586的企业,项目排期,项目与任务管理,项目计划管理,,,,,,,,
enterprise,WPS项目管理企业版需求聚类分析.md,enterprise-01868,刘潇的企业,技术项目管理,研发与产品管理,技术文档管理,,,,,,,,
enterprise,WPS项目管理企业版需求聚类分析.md,enterprise-01869,路的企业,项目资料移交及存储,协同办公与流程审批,文档与档案管理,,,,,,,,
enterprise,WPS项目管理企业版需求聚类分析.md,enterprise-01870,你若的企业,3c行业项目管理,工程与施工管理,工程进度管理,,,,,,,,
enterprise,WPS项目管理企业版需求聚类分析.md,enterprise-01871,小满 666的企业,制作一个模版，里面要有1：项目名称2：负责班组3：责任人4：相对人信息5：立案时间6；送达回证时间（亮绿灯）7：下发限期拆除时间（亮黄灯）8：强制拆除时间（亮红灯）,项目与任务管理,任务分配与协同,,,,,,,,
enterprise,WPS项目管理企业版需求聚类分析.md,enterprise-01872,上海橙亿供应链有限公司,订单多维度统计，任务的派发和提醒,协同办公与流程审批,待办与提醒管理,,,,,,,,
enterprise,WPS项目管理企业版需求聚类分析.md,enterprise-01873,广西同夏数字传媒科技有限公司,我是一个电商公司老板，在抖音上开店铺，团队人员设店铺运营、客服、达人商务、主播、直播运营、短视频生产、行政助理等岗位，现在开始启动店铺从0到1运营，请帮我制定一个管理系统，包括行政和各岗位业务。,客户、销售与订单,电商与门店运营,,,,,,,,
enterprise,WPS项目管理企业版需求聚类分析.md,enterprise-01874,贵州暖阳保温材料有限责任公司,生产工人生产产品的生产工艺，生产工人的计件薪酬计算。,生产与制造管理,工序流转管理,,,,,,,,
enterprise,WPS项目管理企业版需求聚类分析.md,enterprise-01875,吸铁石多媒体工作室,施工进度计划编制,工程与施工管理,工程进度管理,,,,,,,,
enterprise,WPS项目管理企业版需求聚类分析.md,enterprise-01876,贵州金汉建筑工程有限责任公司,项目采购支出，项目劳务费用支出，发票管理，以及项目劳务人员花名册，项目劳务人员工资发放统计等,财务、合同与结算,发票与结算管理,,,,,,,,
enterprise,WPS项目管理企业版需求聚类分析.md,enterprise-01877,武汉药房,目标计划行动表，包含年度目标，月度目标，周目标,客户、销售与订单,销售目标管理,,,,,,,,
enterprise,WPS项目管理企业版需求聚类分析.md,enterprise-01878,江西开元房地产土地资产评估咨询有限公司,评估报告审核,研发与产品管理,设计评审管理,,,,,,,,
enterprise,WPS项目管理企业版需求聚类分析.md,enterprise-01879,广东恪公律师事务所,律师事务所管理案件,协同办公与流程审批,审批流程管理,,,,,,,,
enterprise,WPS项目管理企业版需求聚类分析.md,enterprise-01880,Na 的企业,总表有一级销售表格，二级销售表格， 三级销售表格，,客户、销售与订单,询价与报价管理,,,,,,,,
enterprise,WPS项目管理企业版需求聚类分析.md,enterprise-01881,,自下而上：三级销售 → 自动汇总至 二级销售→ 关键数据提炼至 一级销售表格,,,,,,,,,,
enterprise,WPS项目管理企业版需求聚类分析.md,enterprise-01882,,三个层级的表可以互相关联（如点击一级表的客户名，直接跳转到二级表的该客户详情和三级表的历史跟进记录,,,,,,,,,,
enterprise,WPS项目管理企业版需求聚类分析.md,enterprise-01883,李杨的企业,定制化软件项目开发周期管理,研发与产品管理,研发项目管理,,,,,,,,
enterprise,WPS项目管理企业版需求聚类分析.md,enterprise-01884,毛巾13263915370的企业,每个项目的详细情况以及进度跟踪和流程自动化,项目与任务管理,项目进度跟踪,,,,,,,,
enterprise,WPS项目管理企业版需求聚类分析.md,enterprise-01885,Devin Yip的企业,施工计划甘特图,项目与任务管理,甘特图与排期可视化,,,,,,,,
enterprise,WPS项目管理企业版需求聚类分析.md,enterprise-01886,Hk的企业,智能化及建筑装饰,工程与施工管理,装修装饰项目管理,,,,,,,,
enterprise,WPS项目管理企业版需求聚类分析.md,enterprise-01887,聊城市辉健劳务分包有限公司,建筑劳务公司,工程与施工管理,工程进度管理,,,,,,,,
enterprise,WPS项目管理企业版需求聚类分析.md,enterprise-01888,Y~Z的企业,生成研究进度计划表,研发与产品管理,研发项目管理,,,,,,,,
enterprise,WPS项目管理企业版需求聚类分析.md,enterprise-01889,Hart的企业,电商数据汇总和分析,数据分析与经营看板,统计汇总,,,,,,,,
enterprise,WPS项目管理企业版需求聚类分析.md,enterprise-01890,项目管理,施工流程,工程与施工管理,工程进度管理,,,,,,,,
enterprise,WPS项目管理企业版需求聚类分析.md,enterprise-01891,四川省紫坪铺开发有限责任公司,工作任务分解，人员安排，时限控制,人力与组织管理,工时与人员负荷管理,,,,,,,,
enterprise,WPS项目管理企业版需求聚类分析.md,enterprise-01892,WPS_1488519392的企业,项目管控,项目与任务管理,项目台账管理,,,,,,,,
enterprise,WPS项目管理企业版需求聚类分析.md,enterprise-01893,  开水白菜的企业,项目收付款台账管理,财务、合同与结算,收付款与回款管理,,,,,,,,
enterprise,WPS项目管理企业版需求聚类分析.md,enterprise-01894,夏令军1111,项目工作全过程控制，提前提醒,项目与任务管理,项目进度跟踪,,,,,,,,
enterprise,WPS项目管理企业版需求聚类分析.md,enterprise-01895,恺瑞技术咨询,不用,无,无,,,,,,,,
enterprise,WPS项目管理企业版需求聚类分析.md,enterprise-01896,承德古德卡威尔自动化科技有限公司,机械制造行业从项目立项、设计、采购、制造、现场安装调试，验收，成本决算的全流程项目管理,生产与制造管理,生产交付协同,,,,,,,,
enterprise,WPS项目管理企业版需求聚类分析.md,enterprise-01897,甘肃连岳数字科技有限公司,工资,人力与组织管理,薪酬与社保管理,,,,,,,,
enterprise,WPS项目管理企业版需求聚类分析.md,enterprise-01898,北京海纳泉达智能科技有限公司,完善项目管理,项目与任务管理,项目台账管理,,,,,,,,
enterprise,WPS项目管理企业版需求聚类分析.md,enterprise-01899,曲靖市沾益区西平街道社区卫生服务中心,招采管理,生产与制造管理,车间任务管理,,,,,,,,
enterprise,WPS项目管理企业版需求聚类分析.md,enterprise-01900,质量协会,项目情况整理,项目与任务管理,项目复盘与总结,,,,,,,,
enterprise,WPS项目管理企业版需求聚类分析.md,enterprise-01901,广州美居幸福里文旅发展有限公司,探秀幸福里文旅项目,无,无,,,,,,,,
enterprise,WPS项目管理企业版需求聚类分析.md,enterprise-01902,关阝一廾冖车的企业,建筑施工,工程与施工管理,工程进度管理,,,,,,,,
enterprise,WPS项目管理企业版需求聚类分析.md,enterprise-01903,慧-工作的企业,任务分配、拆解及跟进,项目与任务管理,任务分配与协同,,,,,,,,
enterprise,WPS项目管理企业版需求聚类分析.md,enterprise-01904,澄瑞电力科技（上海）股份公司,项目管理,项目与任务管理,项目台账管理,,,,,,,,
enterprise,WPS项目管理企业版需求聚类分析.md,enterprise-01905,个人学习,我自定义,无,无,,,,,,,,
enterprise,WPS项目管理企业版需求聚类分析.md,enterprise-01906,徐梦晓的企业,项目管理,项目与任务管理,项目台账管理,,,,,,,,
enterprise,WPS项目管理企业版需求聚类分析.md,enterprise-01907,Dream的企业,AFC自动售检票系统场景,财务、合同与结算,发票与结算管理,,,,,,,,
enterprise,WPS项目管理企业版需求聚类分析.md,enterprise-01908,长沙北归网络科技有限公司,软件研发团队管理,研发与产品管理,研发项目管理,,,,,,,,
enterprise,WPS项目管理企业版需求聚类分析.md,enterprise-01909,yellow的企业,客源管理,客户、销售与订单,客户信息管理,,,,,,,,
enterprise,WPS项目管理企业版需求聚类分析.md,enterprise-01910,吴凡的企业,人才盘点项目推进,项目与任务管理,甘特图与排期可视化,,,,,,,,
enterprise,WPS项目管理企业版需求聚类分析.md,enterprise-01911,alvin的企业,产品规划,研发与产品管理,产品开发管理,,,,,,,,
enterprise,WPS项目管理企业版需求聚类分析.md,enterprise-01912,杨良杰的企业,机房数据中心建设管理模板,数据分析与经营看板,可视化看板,,,,,,,,
enterprise,WPS项目管理企业版需求聚类分析.md,enterprise-01913,中国商用飞机有限责任公司上海飞机设计研究院,任务自动提醒,协同办公与流程审批,待办与提醒管理,,,,,,,,
enterprise,WPS项目管理企业版需求聚类分析.md,enterprise-01914,我的老婆我来宠的企业,汽车项目管理,工程与施工管理,施工现场管理,,,,,,,,
enterprise,WPS项目管理企业版需求聚类分析.md,enterprise-01915,苏州瑞鑫杰建设工程有限公司(分公司),建筑装饰工程,工程与施工管理,装修装饰项目管理,,,,,,,,
enterprise,WPS项目管理企业版需求聚类分析.md,enterprise-01916,法拉深度,"A/B/C类客户动态评估，需要有客户名称要能修改，添加删除，可按客户名称搜索，联系人以及联系方式，所属省份，所合作项目，客户满意度，意向阶段,需求情况，客户所做业务，订单量，业绩表，拜访记录储存，客户名单独立排列， 导入导出客户数据，XLSX格式，一键数据保存",客户、销售与订单,客户跟进管理,,,,,,,,
enterprise,WPS项目管理企业版需求聚类分析.md,enterprise-01917,南京商络电子股份有限公司,商务销售业绩跟进,客户、销售与订单,销售目标管理,,,,,,,,
enterprise,WPS项目管理企业版需求聚类分析.md,enterprise-01918,asdfgh456的企业,项目管理流程记录,项目与任务管理,项目台账管理,,,,,,,,
enterprise,WPS项目管理企业版需求聚类分析.md,enterprise-01919,广东亿源通科技股份有限公司,"自动化与IT项目管理,自动跟进任务",项目与任务管理,项目进度跟踪,,,,,,,,
enterprise,WPS项目管理企业版需求聚类分析.md,enterprise-01920,云南王平律师事务所,律师事务所案件管理,协同办公与流程审批,审批流程管理,,,,,,,,
enterprise,WPS项目管理企业版需求聚类分析.md,enterprise-01921,设备文档,项目进度,项目与任务管理,项目进度跟踪,,,,,,,,
enterprise,WPS项目管理企业版需求聚类分析.md,enterprise-01922,奢享(大连)科技有限公司,线下会展活动业务，整体项目管理,项目与任务管理,甘特图与排期可视化,,,,,,,,
enterprise,WPS项目管理企业版需求聚类分析.md,enterprise-01923,kelvin的企业,电商行业,客户、销售与订单,电商与门店运营,,,,,,,,
enterprise,WPS项目管理企业版需求聚类分析.md,enterprise-01924,天涯一方的企业,各类表格,财务、合同与结算,发票与结算管理,,,,,,,,
enterprise,WPS项目管理企业版需求聚类分析.md,enterprise-01925,上海久滋服饰有限公司,合同管理,财务、合同与结算,合同与招投标管理,,,,,,,,
enterprise,WPS项目管理企业版需求聚类分析.md,enterprise-01926,大王5G,项目团队管理,项目与任务管理,多项目组合管理,,,,,,,,
enterprise,WPS项目管理企业版需求聚类分析.md,enterprise-01927,北京其点技术服务有限公司,工程项目管理中的影像资料，施工过程资料分类、汇总、进度等，竣工资料文件类别编制完成进度等整理。搭建轻量化业务系统平台。,工程与施工管理,工程结算管理,,,,,,,,
enterprise,WPS项目管理企业版需求聚类分析.md,enterprise-01928,中交武汉智行国际工程咨询有限公司,IT项目交付,服务、工单与运维,安装与实施交付,,,,,,,,
enterprise,WPS项目管理企业版需求聚类分析.md,enterprise-01929,沅江城投-工程建设部-2026,工程项目建设,工程与施工管理,工程进度管理,,,,,,,,
enterprise,WPS项目管理企业版需求聚类分析.md,enterprise-01930,涓生✨的企业,project,项目与任务管理,甘特图与排期可视化,,,,,,,,
enterprise,WPS项目管理企业版需求聚类分析.md,enterprise-01931,美黛化妝品有限公司,内部办公使用,协同办公与流程审批,行政事务管理,,,,,,,,
enterprise,WPS项目管理企业版需求聚类分析.md,enterprise-01932,管文喜的企业,123,无,无,,,,,,,,
enterprise,WPS项目管理企业版需求聚类分析.md,enterprise-01933,深圳市果多美供应链有限公司,连锁加盟初创项目集,研发与产品管理,研发阶段管理,,,,,,,,
enterprise,WPS项目管理企业版需求聚类分析.md,enterprise-01934,焰黎的企业,公路项目管理，我是建设单位项目负责人，请帮我完善下施工单位、监理单位及本单位各项目管理人员管理模板,工程与施工管理,分包与班组管理,,,,,,,,
enterprise,WPS项目管理企业版需求聚类分析.md,enterprise-01935,格桑梅朵的企业,我现在是微信推客的社群运营和招商的总负责人，我们部门需要先有招商部门通过达人+自己的视频号下流量，开播    和市场部自媒体账号招商上来的意向客户通过微赞开公开课成交的SOP     1.先带着确定跟着做的门店开播前的5天培训，每天培训内容的SOP，直播的PPT，课件讲解负责人2.  建群后做社区推品，整个推品的负责人和SOP 3.客服部门工作人员的SOP，然后每周进阶课程的培训（包含裂变招商，如何带着云店裂变，讲课   社群的进阶培训  政策的通知，  云店招商上来的小白课程的培训） 最后专业课程，带着门店如何裂变1.视频号启动，如何做流量2.抖音快手3.小红书4.朋友圈怎么发的SOP    整理，细化以上内容，结合现在社群推品SOP+客服人员工作流程,客户、销售与订单,电商与门店运营,,,,,,,,
enterprise,WPS项目管理企业版需求聚类分析.md,enterprise-01936,*的企业,项目管理,项目与任务管理,项目台账管理,,,,,,,,
enterprise,WPS项目管理企业版需求聚类分析.md,enterprise-01937,晨曦的企业,1,无,无,,,,,,,,
enterprise,WPS项目管理企业版需求聚类分析.md,enterprise-01938,WPS_1742632645的企业,项目细分管理,项目与任务管理,项目台账管理,,,,,,,,
enterprise,WPS项目管理企业版需求聚类分析.md,enterprise-01939,Holly的企业,工程项目周期,工程与施工管理,工程进度管理,,,,,,,,
enterprise,WPS项目管理企业版需求聚类分析.md,enterprise-01940,哈哈投研,证券行业研究,财务、合同与结算,利润与经营分析,,,,,,,,
enterprise,WPS项目管理企业版需求聚类分析.md,enterprise-01941,Mr. 刘的企业,test,无,无,,,,,,,,
enterprise,WPS项目管理企业版需求聚类分析.md,enterprise-01942,wangzhuang,123,无,无,,,,,,,,
enterprise,WPS项目管理企业版需求聚类分析.md,enterprise-01943,王伟的企业,全国不同地区的同事需要再同一个平台上开展项目管理甘特图的协作，以及信息沟通,项目与任务管理,甘特图与排期可视化,,,,,,,,
enterprise,WPS项目管理企业版需求聚类分析.md,enterprise-01944,燕子的企业,公司人员绩效,人力与组织管理,绩效与提成管理,,,,,,,,
enterprise,WPS项目管理企业版需求聚类分析.md,enterprise-01945,aaron的企业,把握项目的流程进度，以及生产计划的完成进度，设备使用效率，原料以及库存情况，应收应付等综合运营情况,财务、合同与结算,收付款与回款管理,,,,,,,,
enterprise,WPS项目管理企业版需求聚类分析.md,enterprise-01946,Rafael的企业,项目计划,项目与任务管理,项目计划管理,,,,,,,,
enterprise,WPS项目管理企业版需求聚类分析.md,enterprise-01947,clis的企业,工程,工程与施工管理,工程进度管理,,,,,,,,
enterprise,WPS项目管理企业版需求聚类分析.md,enterprise-01948,清浅流年的企业,根据订单号及款号进行采购管理,客户、销售与订单,订单管理,,,,,,,,
enterprise,WPS项目管理企业版需求聚类分析.md,enterprise-01949,Bruce马的企业,真空镀膜装备研发及产业化,研发与产品管理,打样与试制管理,,,,,,,,
enterprise,WPS项目管理企业版需求聚类分析.md,enterprise-01950,山西华锐重工机电设备有限公司,统计不同项目每个月的资金需求,项目与任务管理,多项目组合管理,,,,,,,,
enterprise,WPS项目管理企业版需求聚类分析.md,enterprise-01951,STARS的企业,工地使用专用模板,项目与任务管理,甘特图与排期可视化,,,,,,,,
enterprise,WPS项目管理企业版需求聚类分析.md,enterprise-01952,狂澜的企业,软件开发实施项目管理,研发与产品管理,研发项目管理,,,,,,,,
enterprise,WPS项目管理企业版需求聚类分析.md,enterprise-01953,东莞市兴联电线有限公司,业务管理和流程监控,数据分析与经营看板,可视化看板,,,,,,,,
enterprise,WPS项目管理企业版需求聚类分析.md,enterprise-01954,慧慧的企业,布展工程,工程与施工管理,装修装饰项目管理,,,,,,,,
enterprise,WPS项目管理企业版需求聚类分析.md,enterprise-01955,嗡嗡嗡222,生产日报，,生产与制造管理,车间任务管理,,,,,,,,
enterprise,WPS项目管理企业版需求聚类分析.md,enterprise-01956,凯研的企业,研发流程,研发与产品管理,研发项目管理,,,,,,,,
enterprise,WPS项目管理企业版需求聚类分析.md,enterprise-01957,来来往往的企业,工程进度图,项目与任务管理,甘特图与排期可视化,,,,,,,,
enterprise,WPS项目管理企业版需求聚类分析.md,enterprise-01958,WPS_1543670103的企业,项目计划,项目与任务管理,项目计划管理,,,,,,,,
enterprise,WPS项目管理企业版需求聚类分析.md,enterprise-01959,吴国华的企业,物业,工程与施工管理,装修装饰项目管理,,,,,,,,
enterprise,WPS项目管理企业版需求聚类分析.md,enterprise-01960,顾建伟的企业,项目进度节点,项目与任务管理,项目进度跟踪,,,,,,,,
enterprise,WPS项目管理企业版需求聚类分析.md,enterprise-01961,ding的企业,Taclink测试,无,无,,,,,,,,
enterprise,WPS项目管理企业版需求聚类分析.md,enterprise-01962,苏州班奈特电子有限公司,项目管理,项目与任务管理,项目台账管理,,,,,,,,
enterprise,WPS项目管理企业版需求聚类分析.md,enterprise-01963,火红的萨尔朗的企业,甘特图,项目与任务管理,甘特图与排期可视化,,,,,,,,
enterprise,WPS项目管理企业版需求聚类分析.md,enterprise-01964,李涛个人用户,对项目计划及关键节点进行管理,项目与任务管理,项目计划管理,,,,,,,,
enterprise,WPS项目管理企业版需求聚类分析.md,enterprise-01965,Jack H的企业,钱,无,无,,,,,,,,
enterprise,WPS项目管理企业版需求聚类分析.md,enterprise-01966,acevan,数据分析日常工作项目管理,数据分析与经营看板,绩效与工作量分析,,,,,,,,
enterprise,WPS项目管理企业版需求聚类分析.md,enterprise-01967,美丽小寒的企业,和客户沟通电梯的整个流程,客户、销售与订单,客户跟进管理,,,,,,,,
enterprise,WPS项目管理企业版需求聚类分析.md,enterprise-01968,东莞市博海威,MKY 项目,项目与任务管理,项目复盘与总结,,,,,,,,
enterprise,WPS项目管理企业版需求聚类分析.md,enterprise-01969,架底金矿同项目部,矿山建设管理模板,工程与施工管理,工程进度管理,,,,,,,,
enterprise,WPS项目管理企业版需求聚类分析.md,enterprise-01970,沙漠之鹰的企业,职业病防治综合楼项目一体化三级进度计划,工程与施工管理,工程进度管理,,,,,,,,
enterprise,WPS项目管理企业版需求聚类分析.md,enterprise-01971,生产合成自用,生产项目关键节点控制,生产与制造管理,制造进度跟踪,,,,,,,,
enterprise,WPS项目管理企业版需求聚类分析.md,enterprise-01972,四川金众宇建筑工程有限公司,维修改造业务，月产值100万,服务、工单与运维,报修管理,,,,,,,,
enterprise,WPS项目管理企业版需求聚类分析.md,enterprise-01973,沃尔斯智能科技(苏州)有限公司,项目管理,项目与任务管理,项目台账管理,,,,,,,,
enterprise,WPS项目管理企业版需求聚类分析.md,enterprise-01974,Kyle的企业,1,无,无,,,,,,,,
enterprise,WPS项目管理企业版需求聚类分析.md,enterprise-01975,WPS_1768921815的企业,化工设计院项目设计过程管理,研发与产品管理,设计评审管理,,,,,,,,
enterprise,WPS项目管理企业版需求聚类分析.md,enterprise-01976,微信用户的企业,111,无,无,,,,,,,,
enterprise,WPS项目管理企业版需求聚类分析.md,enterprise-01977,范朝云的企业,项目推进进度,研发与产品管理,研发项目管理,,,,,,,,
enterprise,WPS项目管理企业版需求聚类分析.md,enterprise-01978,和若项目部,梳理多个项目收入成本及现金流,财务、合同与结算,成本核算管理,,,,,,,,
enterprise,WPS项目管理企业版需求聚类分析.md,enterprise-01979,和若项目部,单独,无,无,,,,,,,,
enterprise,WPS项目管理企业版需求聚类分析.md,enterprise-01980,达州君搏建筑劳务有限公司,管理各类资金的管理,财务、合同与结算,应收应付管理,,,,,,,,
enterprise,WPS项目管理企业版需求聚类分析.md,enterprise-01981,湖南省湘开金科咨询服务有限公司,湖南省开发区协会围绕园区开展五好园区创建、专项规划、资金申报等相关咨询项目，需要围绕每个项目关键性节点如项目启动、进场调研等环节设置一个项目全流程管理的表格,项目与任务管理,项目计划管理,,,,,,,,
enterprise,WPS项目管理企业版需求聚类分析.md,enterprise-01982,WPS_1528193998的企业,项目进行管理，特别是项目的串行管理向并行管理靠近,项目与任务管理,多项目组合管理,,,,,,,,
enterprise,WPS项目管理企业版需求聚类分析.md,enterprise-01983,OA优化项目,测试,无,无,,,,,,,,
enterprise,WPS项目管理企业版需求聚类分析.md,enterprise-01984,福州千江月电子商务有限公司,电商公司管理,客户、销售与订单,电商与门店运营,,,,,,,,
enterprise,WPS项目管理企业版需求聚类分析.md,enterprise-01985,南京天航智能装备研究院有限公司,项目管理,项目与任务管理,项目台账管理,,,,,,,,
enterprise,WPS项目管理企业版需求聚类分析.md,enterprise-01986,胡君阳的企业,为企业提供项目管理服务。,项目与任务管理,项目台账管理,,,,,,,,
enterprise,WPS项目管理企业版需求聚类分析.md,enterprise-01987,园林景观,嗡嗡嗡,无,无,,,,,,,,
enterprise,WPS项目管理企业版需求聚类分析.md,enterprise-01988,太湖县淝东老母鸡餐饮店,建筑行业和餐饮行业,生产与制造管理,车间任务管理,,,,,,,,
enterprise,WPS项目管理企业版需求聚类分析.md,enterprise-01989,潇潇洒洒的企业,工程项目管理,工程与施工管理,工程进度管理,,,,,,,,
enterprise,WPS项目管理企业版需求聚类分析.md,enterprise-01990,VVDD的企业,需要动态人力架构并能显示个人信息,项目与任务管理,甘特图与排期可视化,,,,,,,,
enterprise,WPS项目管理企业版需求聚类分析.md,enterprise-01991,轻工业杭州工程建筑设计院有限公司,我是EPC项目经理，项目是制浆造纸行业工程项目。,项目与任务管理,项目台账管理,,,,,,,,
enterprise,WPS项目管理企业版需求聚类分析.md,enterprise-01992,啊的企业,建筑行业工作台,工程与施工管理,装修装饰项目管理,,,,,,,,
enterprise,WPS项目管理企业版需求聚类分析.md,enterprise-01993,康尼查罗的企业,不同项目同时跟进,项目与任务管理,多项目组合管理,,,,,,,,
enterprise,WPS项目管理企业版需求聚类分析.md,enterprise-01994,张金泉的企业,安装工程,服务、工单与运维,安装与实施交付,,,,,,,,
enterprise,WPS项目管理企业版需求聚类分析.md,enterprise-01995,雨露的企业,人事管理：入职、合同、薪酬、考勤、解聘、离职等,人力与组织管理,考勤管理,,,,,,,,
enterprise,WPS项目管理企业版需求聚类分析.md,enterprise-01996,ChrisLiang的企业,排计划,生产与制造管理,生产计划管理,,,,,,,,
enterprise,WPS项目管理企业版需求聚类分析.md,enterprise-01997,随风的企业,生产计划报表,生产与制造管理,生产计划管理,,,,,,,,
enterprise,WPS项目管理企业版需求聚类分析.md,enterprise-01998,苏州研发中心,0,无,无,,,,,,,,
enterprise,WPS项目管理企业版需求聚类分析.md,enterprise-01999,WPS_1739973093的企业,项目跟进情况,项目与任务管理,项目进度跟踪,,,,,,,,
enterprise,WPS项目管理企业版需求聚类分析.md,enterprise-02000,深圳云净之信息技术有限公司,项目管理,项目与任务管理,项目台账管理,,,,,,,,
enterprise,WPS项目管理企业版需求聚类分析.md,enterprise-02001,哥哥的企业,表格竖状图,项目与任务管理,甘特图与排期可视化,,,,,,,,
enterprise,WPS项目管理企业版需求聚类分析.md,enterprise-02002,南京盛辉环境工程技术有限公司,1,无,无,,,,,,,,
enterprise,WPS项目管理企业版需求聚类分析.md,enterprise-02003,四川省允诺信检测技术有限公司,项目节点跟进，自行流转下一级,项目与任务管理,甘特图与排期可视化,,,,,,,,
enterprise,WPS项目管理企业版需求聚类分析.md,enterprise-02004,孙华兵Steven Suen的企业,项目工程设计、请购、生产、调试、交付、到货、验收,生产与制造管理,生产交付协同,,,,,,,,
enterprise,WPS项目管理企业版需求聚类分析.md,enterprise-02005,海南电信规划设计院有限公司,项目进度完成情况跟踪,项目与任务管理,项目进度跟踪,,,,,,,,
enterprise,WPS项目管理企业版需求聚类分析.md,enterprise-02006,你好的企业,IT信息化系统建设项目管理，管理开发进度、接口进度、项目进度以及计划安排,项目与任务管理,项目进度跟踪,,,,,,,,
enterprise,WPS项目管理企业版需求聚类分析.md,enterprise-02007,四夕的企业,合同管理,财务、合同与结算,合同与招投标管理,,,,,,,,
enterprise,WPS项目管理企业版需求聚类分析.md,enterprise-02008,。。。的企业,在研发过程中对项目进度做记录,研发与产品管理,研发项目管理,,,,,,,,
enterprise,WPS项目管理企业版需求聚类分析.md,enterprise-02009,苏州创达优机械科技有限公司,跟踪设备组装进度,项目与任务管理,甘特图与排期可视化,,,,,,,,
enterprise,WPS项目管理企业版需求聚类分析.md,enterprise-02010,江苏如意高科新能源有限公司,新能源钣金行业项目管理,工程与施工管理,工程进度管理,,,,,,,,
enterprise,WPS项目管理企业版需求聚类分析.md,enterprise-02011,海南昱优家电器有限公司,中央空调项目管理,人力与组织管理,考勤管理,,,,,,,,
enterprise,WPS项目管理企业版需求聚类分析.md,enterprise-02012,Forest-Hou%EF%BC%8CRun.的企业,多项目管理,项目与任务管理,多项目组合管理,,,,,,,,
enterprise,WPS项目管理企业版需求聚类分析.md,enterprise-02013,Elaine夏的企业,我要对年度十大重点项目进行进度跟踪，让责任部门按月更新完成措施，按季评估进度情况，确保年度目标完成,项目与任务管理,项目进度跟踪,,,,,,,,
enterprise,WPS项目管理企业版需求聚类分析.md,enterprise-02014,中国华能集团清洁能源技术研究院有限公司,海上风电,无,无,,,,,,,,
enterprise,WPS项目管理企业版需求聚类分析.md,enterprise-02015,拾光科技,项目管理,项目与任务管理,项目台账管理,,,,,,,,
enterprise,WPS项目管理企业版需求聚类分析.md,enterprise-02016,的企业,"项目进度,项目分工,每日进度改变",项目与任务管理,项目进度跟踪,,,,,,,,
enterprise,WPS项目管理企业版需求聚类分析.md,enterprise-02017,江西省检验检测认证总院检测认证技术发展研究院,实验室检验检测进度管理系统,研发与产品管理,打样与试制管理,,,,,,,,
enterprise,WPS项目管理企业版需求聚类分析.md,enterprise-02018,韦联的企业,扩展坞项目管理,工程与施工管理,工程进度管理,,,,,,,,
enterprise,WPS项目管理企业版需求聚类分析.md,enterprise-02019,冯盼舌的企业,生成隐患整改单,质量、安全与合规,整改闭环管理,,,,,,,,
enterprise,WPS项目管理企业版需求聚类分析.md,enterprise-02020,祥子的企业,项目管理,项目与任务管理,项目台账管理,,,,,,,,
enterprise,WPS项目管理企业版需求聚类分析.md,enterprise-02021,黑白键的企业,需求管理,研发与产品管理,需求分析管理,,,,,,,,
enterprise,WPS项目管理企业版需求聚类分析.md,enterprise-02022,广东鸿滔建设有限公司,工程,工程与施工管理,工程进度管理,,,,,,,,
enterprise,WPS项目管理企业版需求聚类分析.md,enterprise-02023,李鱼的企业,谢项目计划,项目与任务管理,项目复盘与总结,,,,,,,,
enterprise,WPS项目管理企业版需求聚类分析.md,enterprise-02024,Dan的企业,1,无,无,,,,,,,,
enterprise,WPS项目管理企业版需求聚类分析.md,enterprise-02025,常宁就业(项目部),各乡镇人社驿站各项任务完成上报情况,项目与任务管理,甘特图与排期可视化,,,,,,,,
enterprise,WPS项目管理企业版需求聚类分析.md,enterprise-02026,WPS_1759021678的企业,1,无,无,,,,,,,,
enterprise,WPS项目管理企业版需求聚类分析.md,enterprise-02027,WPS_1724652002的企业,1,无,无,,,,,,,,
enterprise,WPS项目管理企业版需求聚类分析.md,enterprise-02028,大连佳峰自动化股份有限公司,项目任务排程,项目与任务管理,项目计划管理,,,,,,,,
enterprise,WPS项目管理企业版需求聚类分析.md,enterprise-02029,Process的企业,软件开发全流程控制、硬件交付安装售后全流程控制,研发与产品管理,研发阶段管理,,,,,,,,
enterprise,WPS项目管理企业版需求聚类分析.md,enterprise-02030,斌的企业,建筑工程施工计划,工程与施工管理,工程进度管理,,,,,,,,
enterprise,WPS项目管理企业版需求聚类分析.md,enterprise-02031,德运科技,生产及施工,生产与制造管理,生产交付协同,,,,,,,,
enterprise,WPS项目管理企业版需求聚类分析.md,enterprise-02032,河北凡致科技有限公司,简单的个人办公使用,协同办公与流程审批,行政事务管理,,,,,,,,
enterprise,WPS项目管理企业版需求聚类分析.md,enterprise-02033,创琦财务部,代理记账,客户、销售与订单,客户跟进管理,,,,,,,,
enterprise,WPS项目管理企业版需求聚类分析.md,enterprise-02034,绍兴曼臻纺织品有限公司,工作流程记录,协同办公与流程审批,台账与登记管理,,,,,,,,
enterprise,WPS项目管理企业版需求聚类分析.md,enterprise-02035,Ellen-金瑛华的企业,从项目研发到产成品销售的全业务链闭环模式,服务、工单与运维,售后服务管理,,,,,,,,
enterprise,WPS项目管理企业版需求聚类分析.md,enterprise-02036,一生平安,查询引用,无,无,,,,,,,,
enterprise,WPS项目管理企业版需求聚类分析.md,enterprise-02037,Cj的企业,组建项目经理部，建立市场经营、安全生产、工程技术、人事和装备管理的运行方案,生产与制造管理,车间任务管理,,,,,,,,
enterprise,WPS项目管理企业版需求聚类分析.md,enterprise-02038,天津市房屋鉴定建筑设计院,设计项目管理流程表,研发与产品管理,设计评审管理,,,,,,,,
enterprise,WPS项目管理企业版需求聚类分析.md,enterprise-02039,河北朗伯德箱包制造有限公司,事实玩玩,无,无,,,,,,,,
enterprise,WPS项目管理企业版需求聚类分析.md,enterprise-02040,云南国滇建设工程有限公司,售电合同管理,财务、合同与结算,合同与招投标管理,,,,,,,,
enterprise,WPS项目管理企业版需求聚类分析.md,enterprise-02041,白开水D味道1404795219的企业,新项目导入和管理,研发与产品管理,研发项目管理,,,,,,,,
enterprise,WPS项目管理企业版需求聚类分析.md,enterprise-02042,路过。的企业,每日工作完成情况,生产与制造管理,车间任务管理,,,,,,,,
enterprise,WPS项目管理企业版需求聚类分析.md,enterprise-02043,星盟科技,复盘股票市场,无,无,,,,,,,,
enterprise,WPS项目管理企业版需求聚类分析.md,enterprise-02044,中绿雄安商业发展有限公司,项目推进过程中的信息拉通、进度管理，任务分发、结果反馈等,项目与任务管理,项目进度跟踪,,,,,,,,
enterprise,WPS项目管理企业版需求聚类分析.md,enterprise-02045,祁连山的企业,工程项目施工进度计划,工程与施工管理,工程进度管理,,,,,,,,
enterprise,WPS项目管理企业版需求聚类分析.md,enterprise-02046,FGSGM的企业,协作办公，项目管理,协同办公与流程审批,协同办公,,,,,,,,
enterprise,WPS项目管理企业版需求聚类分析.md,enterprise-02047,lllder的企业,项目管理工具,项目与任务管理,项目台账管理,,,,,,,,
enterprise,WPS项目管理企业版需求聚类分析.md,enterprise-02048,新疆众和股份有限公司,设备安装项目,服务、工单与运维,安装与实施交付,,,,,,,,
enterprise,WPS项目管理企业版需求聚类分析.md,enterprise-02049,Joe的企业,咨询类,服务、工单与运维,客户回访与服务评价,,,,,,,,
enterprise,WPS项目管理企业版需求聚类分析.md,enterprise-02050,海滨时光,项目计划、进度,项目与任务管理,项目计划管理,,,,,,,,
enterprise,WPS项目管理企业版需求聚类分析.md,enterprise-02051,高兵的企业,人员考勤汇总,人力与组织管理,考勤管理,,,,,,,,
enterprise,WPS项目管理企业版需求聚类分析.md,enterprise-02052,济阳线车辆及工艺设备维保,维保,服务、工单与运维,维保管理,,,,,,,,
enterprise,WPS项目管理企业版需求聚类分析.md,enterprise-02053,彭正祥的企业,使用天气预报及日落日升时间控制照明,项目与任务管理,甘特图与排期可视化,,,,,,,,
enterprise,WPS项目管理企业版需求聚类分析.md,enterprise-02054,昌吉市海锐商贸有限公司,项目管理,项目与任务管理,项目台账管理,,,,,,,,
enterprise,WPS项目管理企业版需求聚类分析.md,enterprise-02055,睡不醒的企业,1、销售到货单：自动生成一个送货单。2、销售录入：按照矿（合同）来录入送货完成情况 哪些送了哪些没送 ；3、财务明细：收付款，回款进度跟踪，自动生成单个合同收支及利润，及总支出和利润，各项支出成本 ：按照合同。4、采购明细录入按合同 哪些采购回来了 哪些没采购回来,财务、合同与结算,收付款与回款管理,,,,,,,,
enterprise,WPS项目管理企业版需求聚类分析.md,enterprise-02056,我的企业111,工资计算,人力与组织管理,薪酬与社保管理,,,,,,,,
enterprise,WPS项目管理企业版需求聚类分析.md,enterprise-02057,qwq的企业,项目管理，下单，到货统计,项目与任务管理,项目台账管理,,,,,,,,
enterprise,WPS项目管理企业版需求聚类分析.md,enterprise-02058,其实的企业,汽车零部件项目管理,工程与施工管理,分包与班组管理,,,,,,,,
enterprise,WPS项目管理企业版需求聚类分析.md,enterprise-02059,赵磊的企业,商机管理,客户、销售与订单,商机与销售过程管理,,,,,,,,
enterprise,WPS项目管理企业版需求聚类分析.md,enterprise-02060,Morning的企业,项目管理,项目与任务管理,项目台账管理,,,,,,,,
enterprise,WPS项目管理企业版需求聚类分析.md,enterprise-02061,盖茨优霓塔传动系统(苏州)有限公司,我是市场部活动策划专员，现要举办年度销售会议，请从活动策划，到筹备期工作流转，到活动现场rundown，请规划,协同办公与流程审批,会议与纪要管理,,,,,,,,
enterprise,WPS项目管理企业版需求聚类分析.md,enterprise-02062,跑得最快,项目管理+进度管理+任务管理+人员管理+考勤管理+工资管理+分包管理+采购管理,工程与施工管理,分包与班组管理,,,,,,,,
enterprise,WPS项目管理企业版需求聚类分析.md,enterprise-02063,阳晓波(卓玛曲珍)的企业,项目时间推进表,项目与任务管理,项目进度跟踪,,,,,,,,
enterprise,WPS项目管理企业版需求聚类分析.md,enterprise-02064,浊贤帝上的企业,核电施工单,工程与施工管理,工程进度管理,,,,,,,,
enterprise,WPS项目管理企业版需求聚类分析.md,enterprise-02065,So.的企业,项目进度,项目与任务管理,项目进度跟踪,,,,,,,,
enterprise,WPS项目管理企业版需求聚类分析.md,enterprise-02066,重庆铁图科技有限公司,项目信息流转,项目与任务管理,甘特图与排期可视化,,,,,,,,
enterprise,WPS项目管理企业版需求聚类分析.md,enterprise-02067,WPS_1754364411的企业,项目总体管理和进度管理,研发与产品管理,研发项目管理,,,,,,,,
enterprise,WPS项目管理企业版需求聚类分析.md,enterprise-02068,小哥的企业,中国电信资费套餐表格,财务、合同与结算,费用与报销管理,,,,,,,,
enterprise,WPS项目管理企业版需求聚类分析.md,enterprise-02069,ITRC团队,项目管理规划表,项目与任务管理,项目计划管理,,,,,,,,
enterprise,WPS项目管理企业版需求聚类分析.md,enterprise-02070,广州奥诚信息技术有限公司,软件开发进度管理,研发与产品管理,研发项目管理,,,,,,,,
enterprise,WPS项目管理企业版需求聚类分析.md,enterprise-02071,BluE.W的企业,电商新品上线流程,客户、销售与订单,电商与门店运营,,,,,,,,
enterprise,WPS项目管理企业版需求聚类分析.md,enterprise-02072,山东齐鲁石化建设有限公司烟台分公司,石化项目安装施工管理等,工程与施工管理,工程进度管理,,,,,,,,
enterprise,WPS项目管理企业版需求聚类分析.md,enterprise-02073,提莫总督的企业,12,无,无,,,,,,,,
enterprise,WPS项目管理企业版需求聚类分析.md,enterprise-02074,zs项目协作,项目组合管理,项目与任务管理,多项目组合管理,,,,,,,,
enterprise,WPS项目管理企业版需求聚类分析.md,enterprise-02075,二元一次方程的企业,123,无,无,,,,,,,,
enterprise,WPS项目管理企业版需求聚类分析.md,enterprise-02076,周的企业,我有一个项目任务清单，想用甘特图表的方式呈现,项目与任务管理,甘特图与排期可视化,,,,,,,,
enterprise,WPS项目管理企业版需求聚类分析.md,enterprise-02077,西安野鸡大学,研发生产设计,生产与制造管理,生产交付协同,,,,,,,,
enterprise,WPS项目管理企业版需求聚类分析.md,enterprise-02078,吉林省中农阳光数据有限公司,多项目可视化看板,数据分析与经营看板,可视化看板,,,,,,,,
enterprise,WPS项目管理企业版需求聚类分析.md,enterprise-02079,kaola的企业001,公司自建系统平台，类似于ERP系统，从研发到部署到对外销售和运营，需要全周期的项目管理工具,服务、工单与运维,安装与实施交付,,,,,,,,
enterprise,WPS项目管理企业版需求聚类分析.md,enterprise-02080,个人使用111111fqfqfq,采购进度维护,供应链与仓储物流,物料采购管理,,,,,,,,
enterprise,WPS项目管理企业版需求聚类分析.md,enterprise-02081,申辰的企业,项目隐患台账管理,质量、安全与合规,风险管理,,,,,,,,
enterprise,WPS项目管理企业版需求聚类分析.md,enterprise-02082,深圳龙行宇宙汽车租赁,123,无,无,,,,,,,,
enterprise,WPS项目管理企业版需求聚类分析.md,enterprise-02083,深圳龙行宇宙汽车租赁,123,无,无,,,,,,,,
enterprise,WPS项目管理企业版需求聚类分析.md,enterprise-02084,lhl的企业,技改项目管理,研发与产品管理,研发项目管理,,,,,,,,
enterprise,WPS项目管理企业版需求聚类分析.md,enterprise-02085,南京睿捷新能源服务有限公司,生成销售行为数据表,客户、销售与订单,销售目标管理,,,,,,,,
enterprise,WPS项目管理企业版需求聚类分析.md,enterprise-02086,DHC大连慧川,项目计划、任务管理，项目周报,项目与任务管理,项目计划管理,,,,,,,,
enterprise,WPS项目管理企业版需求聚类分析.md,enterprise-02087,2023麻涌污水收集系统,市政工程,工程与施工管理,基建与市政项目管理,,,,,,,,
enterprise,WPS项目管理企业版需求聚类分析.md,enterprise-02088,大型建设(第六分公司),施工单位项目管理,工程与施工管理,分包与班组管理,,,,,,,,
enterprise,WPS项目管理企业版需求聚类分析.md,enterprise-02089,凤凰之都集团,领导想看任务督办情况,项目与任务管理,任务分配与协同,,,,,,,,
enterprise,WPS项目管理企业版需求聚类分析.md,enterprise-02090,rifnyga的企业,事业单位科室人员任务分解,人力与组织管理,工时与人员负荷管理,,,,,,,,
enterprise,WPS项目管理企业版需求聚类分析.md,enterprise-02091,xuan,家具采购设计进销账,工程与施工管理,装修装饰项目管理,,,,,,,,
enterprise,WPS项目管理企业版需求聚类分析.md,enterprise-02092,大海祝️大家新春快乐的企业,办公,协同办公与流程审批,行政事务管理,,,,,,,,
enterprise,WPS项目管理企业版需求聚类分析.md,enterprise-02093,盛鑫的企业,笔记本ODM项目经理编制新产品项目管理计划,研发与产品管理,产品开发管理,,,,,,,,
enterprise,WPS项目管理企业版需求聚类分析.md,enterprise-02094,于的企业,复杂产品生产工期紧张,生产与制造管理,排产管理,,,,,,,,
enterprise,WPS项目管理企业版需求聚类分析.md,enterprise-02095,JustinQin的企业,PVDF自动化项目，包含DCS、GDS、SIS三大系统,无,无,,,,,,,,
enterprise,WPS项目管理企业版需求聚类分析.md,enterprise-02096,宋维鼎的企业,项目管理,项目与任务管理,项目台账管理,,,,,,,,
enterprise,WPS项目管理企业版需求聚类分析.md,enterprise-02097,深圳市银之杰科技股份有限公司,运营数据,数据分析与经营看板,数据治理与数据台账,,,,,,,,
enterprise,WPS项目管理企业版需求聚类分析.md,enterprise-02098,张迎富的企业,项目管理进度,研发与产品管理,研发项目管理,,,,,,,,
enterprise,WPS项目管理企业版需求聚类分析.md,enterprise-02099,Jo Vivian Lee的企业,展示机柜时间节点：,项目与任务管理,项目计划管理,,,,,,,,
enterprise,WPS项目管理企业版需求聚类分析.md,enterprise-02100,,（1）2月2日：数创三维图设计完成，并传递给集团,,,,,,,,,,
enterprise,WPS项目管理企业版需求聚类分析.md,enterprise-02101,,（2）2月3日-5日：集团结构审核三维图，如有修改意见，数创结构在5日前修改完毕,,,,,,,,,,
enterprise,WPS项目管理企业版需求聚类分析.md,enterprise-02102,,（3）2月9-11日：集团工业设计中心展示机柜及侧板的外观设计完成,,,,,,,,,,
enterprise,WPS项目管理企业版需求聚类分析.md,enterprise-02103,,（4）2月11日-13日左右，展示机柜及侧板，供应商报价，走开号流程，下单,,,,,,,,,,
enterprise,WPS项目管理企业版需求聚类分析.md,enterprise-02104,,争取春节假期之前下单完毕，3月30日之前交付到项目现场,,,,,,,,,,
enterprise,WPS项目管理企业版需求聚类分析.md,enterprise-02105,對方正在輸入....的企业,y,无,无,,,,,,,,
enterprise,WPS项目管理企业版需求聚类分析.md,enterprise-02106,镇江的企业,LED照明产品项目开发,无,无,,,,,,,,
enterprise,WPS项目管理企业版需求聚类分析.md,enterprise-02107,Kingssie的企业,非标设备制造安装的项目进度成本的管理,生产与制造管理,非标制造管理,,,,,,,,
enterprise,WPS项目管理企业版需求聚类分析.md,enterprise-02108,丹丹的企业,项目目标管理,项目与任务管理,项目台账管理,,,,,,,,
enterprise,WPS项目管理企业版需求聚类分析.md,enterprise-02109,梅的企业,甘特图,项目与任务管理,甘特图与排期可视化,,,,,,,,
enterprise,WPS项目管理企业版需求聚类分析.md,enterprise-02110,人才集团,项目管理,项目与任务管理,项目台账管理,,,,,,,,
enterprise,WPS项目管理企业版需求聚类分析.md,enterprise-02111,安安静静的企业,工程项目管理及任务看板,数据分析与经营看板,可视化看板,,,,,,,,
enterprise,WPS项目管理企业版需求聚类分析.md,enterprise-02112,眺望暖阳的企业,项目管理,项目与任务管理,项目台账管理,,,,,,,,
enterprise,WPS项目管理企业版需求聚类分析.md,enterprise-02113,本本本的企业,建筑工程过程成本管控,财务、合同与结算,成本核算管理,,,,,,,,
enterprise,WPS项目管理企业版需求聚类分析.md,enterprise-02114,VIC杨的企业,0,无,无,,,,,,,,
enterprise,WPS项目管理企业版需求聚类分析.md,enterprise-02115,丁文生的企业,不同职能表格基础数据相互引用关联,数据分析与经营看板,统计汇总,,,,,,,,
enterprise,WPS项目管理企业版需求聚类分析.md,enterprise-02116,甄的企业,电力设计施工项目管理,工程与施工管理,工程进度管理,,,,,,,,
enterprise,WPS项目管理企业版需求聚类分析.md,enterprise-02117,长沙学顺教育咨询有限公司,短期项目的进度管理和任务管理，能自己设置固定的任务栏，有设置提醒的功能，提醒自己是否已完成该事项，,项目与任务管理,项目计划管理,,,,,,,,
enterprise,WPS项目管理企业版需求聚类分析.md,enterprise-02118,四川影叙照明设计有限公司,项目管理,项目与任务管理,项目台账管理,,,,,,,,
enterprise,WPS项目管理企业版需求聚类分析.md,enterprise-02119,WPS_1503654384的企业,数据化统计,数据分析与经营看板,统计汇总,,,,,,,,
enterprise,WPS项目管理企业版需求聚类分析.md,enterprise-02120,广东科茂林化集团股份有限公司,新产品开发,研发与产品管理,产品开发管理,,,,,,,,
enterprise,WPS项目管理企业版需求聚类分析.md,enterprise-02121,玉环市楚门天宜社会工作服务社,项目管理,项目与任务管理,项目台账管理,,,,,,,,
enterprise,WPS项目管理企业版需求聚类分析.md,enterprise-02122,云逸技术股份有限公司,军工产品SMT代工制造行业代工代料项目管理,生产与制造管理,非标制造管理,,,,,,,,
enterprise,WPS项目管理企业版需求聚类分析.md,enterprise-02123,临沂翔飞校车服务有限公司,校车安全管理,质量、安全与合规,安全管理,,,,,,,,
enterprise,WPS项目管理企业版需求聚类分析.md,enterprise-02124,唐若凡的企业,生成甘特图,项目与任务管理,甘特图与排期可视化,,,,,,,,
enterprise,WPS项目管理企业版需求聚类分析.md,enterprise-02125,LPTE,两个人，5个项目，周亮有两个独立项目，桶装水，瓶装水推广，民俗23W融资，拓海有一个项目AI视频推文。 他们有俩个共同项目，1.炒币加换现，2.一个已经开发好的平台推广 这是2026年需要做的事情，每一项都需要规划好，项目优先度，周亮：1.水，炒币，加换现渠道，2.民宿融资，3.平台推广完善 拓海的任务优先级：1.炒币加市场分析分析，区块链分析，2.AI推文团队搭建和闭环跑通，3.平台推广完善 基于此做一个详细的项目日程安排，包括细节完善,项目与任务管理,项目复盘与总结,,,,,,,,
enterprise,WPS项目管理企业版需求聚类分析.md,enterprise-02126,允能日新,项目管理,项目与任务管理,项目台账管理,,,,,,,,
enterprise,WPS项目管理企业版需求聚类分析.md,enterprise-02127,cwg的企业,项目管理,项目与任务管理,项目台账管理,,,,,,,,
enterprise,WPS项目管理企业版需求聚类分析.md,enterprise-02128,轕阁的企业,项目进度，合同进度，项目开票进度，项目到账金额,项目与任务管理,项目进度跟踪,,,,,,,,
enterprise,WPS项目管理企业版需求聚类分析.md,enterprise-02129,枫的企业,项目管理甘特图,项目与任务管理,甘特图与排期可视化,,,,,,,,
enterprise,WPS项目管理企业版需求聚类分析.md,enterprise-02130,吴建波的企业,IT项目管理,项目与任务管理,项目台账管理,,,,,,,,
enterprise,WPS项目管理企业版需求聚类分析.md,enterprise-02131,Ro的企业,项目管理,项目与任务管理,项目台账管理,,,,,,,,
enterprise,WPS项目管理企业版需求聚类分析.md,enterprise-02132,"铅华已逝,梦依旧的企业",煤矿掘进工程,无,无,,,,,,,,
enterprise,WPS项目管理企业版需求聚类分析.md,enterprise-02133,WPS_1375971907的企业,资产评估项目管理,财务、合同与结算,利润与经营分析,,,,,,,,
enterprise,WPS项目管理企业版需求聚类分析.md,enterprise-02134,快乐人生,项目管理,项目与任务管理,项目台账管理,,,,,,,,
enterprise,WPS项目管理企业版需求聚类分析.md,enterprise-02135,MAX鹏的企业,项目全生命周期管理,数据分析与经营看板,数据治理与数据台账,,,,,,,,
enterprise,WPS项目管理企业版需求聚类分析.md,enterprise-02136,vince的企业,每日的台账和项目的OKR和个人的KPI,项目与任务管理,项目台账管理,,,,,,,,
enterprise,WPS项目管理企业版需求聚类分析.md,enterprise-02137,百味居一赵小龙的企业,建筑工程材料采购,工程与施工管理,工程结算管理,,,,,,,,
enterprise,WPS项目管理企业版需求聚类分析.md,enterprise-02138,,人员工资,,,,,,,,,,
enterprise,WPS项目管理企业版需求聚类分析.md,enterprise-02139,山东三玄药业有限公司,山东三玄药业,无,无,,,,,,,,
enterprise,WPS项目管理企业版需求聚类分析.md,enterprise-02140,凉山州新闻传媒中心印刷厂,制造业生产控制及物料控制,生产与制造管理,排产管理,,,,,,,,
enterprise,WPS项目管理企业版需求聚类分析.md,enterprise-02141,故知的企业1,1,无,无,,,,,,,,
enterprise,WPS项目管理企业版需求聚类分析.md,enterprise-02142,国为BIP项目,1,无,无,,,,,,,,
enterprise,WPS项目管理企业版需求聚类分析.md,enterprise-02143,叮当的企业,1,无,无,,,,,,,,
enterprise,WPS项目管理企业版需求聚类分析.md,enterprise-02144,顶固整家定制(椒江银泰店),全屋定制门店，销售签了客户之后，需要设计师量尺出方案出报价，最后签合同之后，需要把合同文件转交给项目监理去落地,客户、销售与订单,询价与报价管理,,,,,,,,
enterprise,WPS项目管理企业版需求聚类分析.md,enterprise-02145,郭振宇的企业分公司,项目进度管理,项目与任务管理,项目进度跟踪,,,,,,,,
enterprise,WPS项目管理企业版需求聚类分析.md,enterprise-02146,行商的企业,国外投资项目推进,工程与施工管理,工程进度管理,,,,,,,,
enterprise,WPS项目管理企业版需求聚类分析.md,enterprise-02147,CSQ的企业,个人项目管理,项目与任务管理,项目台账管理,,,,,,,,
enterprise,WPS项目管理企业版需求聚类分析.md,enterprise-02148,西渝重庆枢纽,横道图,项目与任务管理,甘特图与排期可视化,,,,,,,,
enterprise,WPS项目管理企业版需求聚类分析.md,enterprise-02149,杭州富生电器有限公司,投资项目管理,研发与产品管理,研发项目管理,,,,,,,,
enterprise,WPS项目管理企业版需求聚类分析.md,enterprise-02150,liang的企业,后台管理系统的项目管理,项目与任务管理,项目台账管理,,,,,,,,
enterprise,WPS项目管理企业版需求聚类分析.md,enterprise-02151,消防弱电施工安装的企业,施工进度可视化,项目与任务管理,甘特图与排期可视化,,,,,,,,
enterprise,WPS项目管理企业版需求聚类分析.md,enterprise-02152,SCOTT的企业,缝纫机企业研发部，根据单个产品项目来设定模板，包括零件名称，零件编码，试制时间进度要求，样机试装跟进进度等,研发与产品管理,打样与试制管理,,,,,,,,
enterprise,WPS项目管理企业版需求聚类分析.md,enterprise-02153,咨询公司策划一部,项目管理,项目与任务管理,项目台账管理,,,,,,,,
enterprise,WPS项目管理企业版需求聚类分析.md,enterprise-02154,高客&amp;企业服务,建设银行高客权益体系，搭建企业非金融服务平台,财务、合同与结算,收付款与回款管理,,,,,,,,
enterprise,WPS项目管理企业版需求聚类分析.md,enterprise-02155,全球开店(深圳)技术服务有限公司福建分公司,我们是技术组，产品1人、前端1人、后端1人，我需要将他们的工作完整的呈现出来，先呈现半个月的工作。我需要详细的呈现他们每天的工作内容以及工作进度。最好是用甘特图来呈现,项目与任务管理,甘特图与排期可视化,,,,,,,,
enterprise,WPS项目管理企业版需求聚类分析.md,enterprise-02156,Sdmicro,IC芯片业务项目管理,项目与任务管理,项目台账管理,,,,,,,,
enterprise,WPS项目管理企业版需求聚类分析.md,enterprise-02157,濮阳市典匠装饰工程有限公司,我是做批量精装修的，现在在一个小区接了200多户，我想建一个能清楚看到每道完成情况。,工程与施工管理,基建与市政项目管理,,,,,,,,
enterprise,WPS项目管理企业版需求聚类分析.md,enterprise-02158,红华家政的企业,家政行业派单日期支出收入地址备注,财务、合同与结算,应收应付管理,,,,,,,,
enterprise,WPS项目管理企业版需求聚类分析.md,enterprise-02159,装饰画工厂,电商订单管理与推送同步,客户、销售与订单,电商与门店运营,,,,,,,,
enterprise,WPS项目管理企业版需求聚类分析.md,enterprise-02160,山西亿安机械,1、销售到货单：自动生成一个送货单。2、销售录入：按照矿（合同）来录入送货完成情况 哪些送了哪些没送 ；3、财务明细：收付款，回款进度跟踪，自动生成单个合同收支及利润，及总支出和利润，各项支出成本 ：按照合同。4、采购明细录入按合同 哪些采购回来了 哪些没采购回来,财务、合同与结算,收付款与回款管理,,,,,,,,
enterprise,WPS项目管理企业版需求聚类分析.md,enterprise-02161,Baron的企业,阿达,无,无,,,,,,,,
enterprise,WPS项目管理企业版需求聚类分析.md,enterprise-02162,🏅金牌团队,10,无,无,,,,,,,,
enterprise,WPS项目管理企业版需求聚类分析.md,enterprise-02163,上海榕臣净化工程有限公司,工程项目管理，采购，进度等,工程与施工管理,工程进度管理,,,,,,,,
enterprise,WPS项目管理企业版需求聚类分析.md,enterprise-02164,林志杰的企业,保险销售,客户、销售与订单,商机与销售过程管理,,,,,,,,
enterprise,WPS项目管理企业版需求聚类分析.md,enterprise-02165,董远飞的企业,生成企业质量改进项目,质量、安全与合规,质量管理,,,,,,,,
enterprise,WPS项目管理企业版需求聚类分析.md,enterprise-02166,168的企业,项目管理,项目与任务管理,项目台账管理,,,,,,,,
enterprise,WPS项目管理企业版需求聚类分析.md,enterprise-02167,兰州兰寰,采购进度计划,工程与施工管理,工程进度管理,,,,,,,,
enterprise,WPS项目管理企业版需求聚类分析.md,enterprise-02168,彭龙的企业,项目计划,项目与任务管理,项目计划管理,,,,,,,,
enterprise,WPS项目管理企业版需求聚类分析.md,enterprise-02169,携手共进的企业,库房管理模板,生产与制造管理,车间任务管理,,,,,,,,
enterprise,WPS项目管理企业版需求聚类分析.md,enterprise-02170,的企业,进度管控,协同办公与流程审批,待办与提醒管理,,,,,,,,
enterprise,WPS项目管理企业版需求聚类分析.md,enterprise-02171,WPS_1746959235的企业,大学生 创新创业项目书,研发与产品管理,研发项目管理,,,,,,,,
enterprise,WPS项目管理企业版需求聚类分析.md,enterprise-02172,橘子气泡水的企业,现场施工管理,工程与施工管理,施工现场管理,,,,,,,,
enterprise,WPS项目管理企业版需求聚类分析.md,enterprise-02173,YS金蝶文档库,项目管理及协作,项目与任务管理,任务分配与协同,,,,,,,,
enterprise,WPS项目管理企业版需求聚类分析.md,enterprise-02174,生   薑^_^的企业,土建工程,工程与施工管理,工程进度管理,,,,,,,,
enterprise,WPS项目管理企业版需求聚类分析.md,enterprise-02175,一言的企业,生成一版标准的项目管理模板,项目与任务管理,项目台账管理,,,,,,,,
enterprise,WPS项目管理企业版需求聚类分析.md,enterprise-02176,0000,横道图,项目与任务管理,甘特图与排期可视化,,,,,,,,
enterprise,WPS项目管理企业版需求聚类分析.md,enterprise-02177,深圳市科曼医疗设备有限公司贵州分公司,那叫就发货,客户、销售与订单,发货与交付跟踪,,,,,,,,
enterprise,WPS项目管理企业版需求聚类分析.md,enterprise-02178,1111,项目进度台账,项目与任务管理,项目进度跟踪,,,,,,,,
enterprise,WPS项目管理企业版需求聚类分析.md,enterprise-02179,胡华彪的企业,登记项目收入及支出,财务、合同与结算,费用与报销管理,,,,,,,,
enterprise,WPS项目管理企业版需求聚类分析.md,enterprise-02180,南风未挽故人,方便管理,人力与组织管理,考勤管理,,,,,,,,
enterprise,WPS项目管理企业版需求聚类分析.md,enterprise-02181,喀什双亿电子科技有限公司,财务 项目管理 审批,协同办公与流程审批,审批流程管理,,,,,,,,
enterprise,WPS项目管理企业版需求聚类分析.md,enterprise-02182,合景天銮18栋,动车组业务管理,生产与制造管理,车间任务管理,,,,,,,,
enterprise,WPS项目管理企业版需求聚类分析.md,enterprise-02183,千游众（成都）网络科技有限公司（总部）,进度管理,工程与施工管理,工程进度管理,,,,,,,,
enterprise,WPS项目管理企业版需求聚类分析.md,enterprise-02184,贵阳顺源管网建设有限公司,首付款数据统计,数据分析与经营看板,统计汇总,,,,,,,,
enterprise,WPS项目管理企业版需求聚类分析.md,enterprise-02185,山西迅猫售后服务管理有限公司,财务出纳流水记账,财务、合同与结算,收付款与回款管理,,,,,,,,
enterprise,WPS项目管理企业版需求聚类分析.md,enterprise-02186,姜智文的企业,123,无,无,,,,,,,,
enterprise,WPS项目管理企业版需求聚类分析.md,enterprise-02187,河北霆泰通信工程有限公司,项目回款情况记录表，包含开票 收款,财务、合同与结算,发票与结算管理,,,,,,,,
enterprise,WPS项目管理企业版需求聚类分析.md,enterprise-02188,陌路的企业,1,无,无,,,,,,,,
enterprise,WPS项目管理企业版需求聚类分析.md,enterprise-02189,山东飞飞物流有限公司,山东飞飞物流有限公司,无,无,,,,,,,,
enterprise,WPS项目管理企业版需求聚类分析.md,enterprise-02190,浙江徕特影视有限公司,我司是一家影视公司，需要企业管理和项目管理,研发与产品管理,研发项目管理,,,,,,,,
enterprise,WPS项目管理企业版需求聚类分析.md,enterprise-02191,A阚会计(工商注册、报税、代账)的企业,11,无,无,,,,,,,,
enterprise,WPS项目管理企业版需求聚类分析.md,enterprise-02192,贵州环硕建筑有限公司,建筑施工,工程与施工管理,工程进度管理,,,,,,,,
enterprise,WPS项目管理企业版需求聚类分析.md,enterprise-02193,DAXIONG180的企业,电子行业的新产品开发和量产销售,研发与产品管理,产品开发管理,,,,,,,,
enterprise,WPS项目管理企业版需求聚类分析.md,enterprise-02194,四川中润锦汇教育科技有限公司,会务和传媒多项目管理，投资人能实时看到他推荐的项目进度和成本利润,项目与任务管理,项目进度跟踪,,,,,,,,
enterprise,WPS项目管理企业版需求聚类分析.md,enterprise-02195,邦泰物业案场条线,物业公司案场条线项目数据管理任务计划,数据分析与经营看板,可视化看板,,,,,,,,
enterprise,WPS项目管理企业版需求聚类分析.md,enterprise-02196,中国医学科学院北京协和医学院,生物实验及论文写作,研发与产品管理,打样与试制管理,,,,,,,,
enterprise,WPS项目管理企业版需求聚类分析.md,enterprise-02197,杭州山止建筑工程有限公司,建筑工程,工程与施工管理,工程进度管理,,,,,,,,
enterprise,WPS项目管理企业版需求聚类分析.md,enterprise-02198,安卓肌小姐的企业,我要进行一个老年大学睡眠健身气功干预课程的跟进,无,无,,,,,,,,
enterprise,WPS项目管理企业版需求聚类分析.md,enterprise-02199,tzhcode,项目管理，包括决策分析、规划组织、进度反馈,研发与产品管理,研发项目管理,,,,,,,,
enterprise,WPS项目管理企业版需求聚类分析.md,enterprise-02200,陕西人杰建设工程有限公司,项目管理,项目与任务管理,项目台账管理,,,,,,,,
enterprise,WPS项目管理企业版需求聚类分析.md,enterprise-02201,£炽羽龙鳞灬悲伤ぃ的企业,D,无,无,,,,,,,,
enterprise,WPS项目管理企业版需求聚类分析.md,enterprise-02202,小安的企业,五金精密制造工厂,生产与制造管理,装配与调试管理,,,,,,,,
enterprise,WPS项目管理企业版需求聚类分析.md,enterprise-02203,EA的企业,制造业根据IATF16949 五大阶段和6大工具的详细项目管理,研发与产品管理,研发阶段管理,,,,,,,,
enterprise,WPS项目管理企业版需求聚类分析.md,enterprise-02204,海南千鹏智能设备有限公司,代理产品销售到医院,无,无,,,,,,,,
enterprise,WPS项目管理企业版需求聚类分析.md,enterprise-02205,丫丫的企业,项目与人员进行匹配,项目与任务管理,任务分配与协同,,,,,,,,
enterprise,WPS项目管理企业版需求聚类分析.md,enterprise-02206,诺&巍的企业,项目、档案管理,协同办公与流程审批,文档与档案管理,,,,,,,,
enterprise,WPS项目管理企业版需求聚类分析.md,enterprise-02207,陈先国的企业,项目,无,无,,,,,,,,
enterprise,WPS项目管理企业版需求聚类分析.md,enterprise-02208,河南豫馨韵信息科技有限公司,任务管理,项目与任务管理,任务分配与协同,,,,,,,,
enterprise,WPS项目管理企业版需求聚类分析.md,enterprise-02209,微信用户的企业,我们是做动画的，想统计员工每日提交和通过反馈的镜头,项目与任务管理,甘特图与排期可视化,,,,,,,,
enterprise,WPS项目管理企业版需求聚类分析.md,enterprise-02210,金塔汇科新能源开发有限公司,新能源项目管理,工程与施工管理,工程进度管理,,,,,,,,
enterprise,WPS项目管理企业版需求聚类分析.md,enterprise-02211,小笛一一,内部协作,协同办公与流程审批,协同办公,,,,,,,,
enterprise,WPS项目管理企业版需求聚类分析.md,enterprise-02212,一路向前的企业,项目管理——甘特图,项目与任务管理,甘特图与排期可视化,,,,,,,,
enterprise,WPS项目管理企业版需求聚类分析.md,enterprise-02213,武汉派廷建筑装饰工程有限公司,装修领域,工程与施工管理,装修装饰项目管理,,,,,,,,
enterprise,WPS项目管理企业版需求聚类分析.md,enterprise-02214,柏霖的企业,房建项目施工现场工期管理,工程与施工管理,施工现场管理,,,,,,,,
enterprise,WPS项目管理企业版需求聚类分析.md,enterprise-02215,黄鹏-项目管理,自动化项目管理,项目与任务管理,项目台账管理,,,,,,,,
enterprise,WPS项目管理企业版需求聚类分析.md,enterprise-02216,Amm丶小马戈的企业,我是航空加油站经理，已经做好一个隐患治理台账，能不能做成WPS项目,人力与组织管理,考勤管理,,,,,,,,
enterprise,WPS项目管理企业版需求聚类分析.md,enterprise-02217,合作团队,项目管理,项目与任务管理,项目台账管理,,,,,,,,
enterprise,WPS项目管理企业版需求聚类分析.md,enterprise-02218,内蒙古鑫焱环保科技有限公司,台账多人协作,协同办公与流程审批,协同办公,,,,,,,,
enterprise,WPS项目管理企业版需求聚类分析.md,enterprise-02219,魏小魏的企业,想要一个施工企业总部对所属项目的进度管理表,工程与施工管理,工程进度管理,,,,,,,,
enterprise,WPS项目管理企业版需求聚类分析.md,enterprise-02220,WPS_1719821630的企业,项目流程,项目与任务管理,项目复盘与总结,,,,,,,,
enterprise,WPS项目管理企业版需求聚类分析.md,enterprise-02221,花花的企业,解决项目从招投标开始，到工程进度，工程结算，工程合同管理等内容,工程与施工管理,工程进度管理,,,,,,,,
enterprise,WPS项目管理企业版需求聚类分析.md,enterprise-02222,北京启迪注安技术服务有限公司,项目管理,项目与任务管理,项目台账管理,,,,,,,,
enterprise,WPS项目管理企业版需求聚类分析.md,enterprise-02223,湖北华庆石化设备有限公司,考勤,无,无,,,,,,,,
enterprise,WPS项目管理企业版需求聚类分析.md,enterprise-02224,福建安特集团有限公司,1,无,无,,,,,,,,
enterprise,WPS项目管理企业版需求聚类分析.md,enterprise-02225,子之晋初的企业,信息化项目全流程管理，商机、立项、评审、财评、招采、实施、验收等全流程业务,研发与产品管理,研发项目管理,,,,,,,,
enterprise,WPS项目管理企业版需求聚类分析.md,enterprise-02226,标签验证企业,666,无,无,,,,,,,,
enterprise,WPS项目管理企业版需求聚类分析.md,enterprise-02227,贵阳水务集团有限公司,不需要,无,无,,,,,,,,
enterprise,WPS项目管理企业版需求聚类分析.md,enterprise-02228,北京璞言传媒有限公司,活动公司，需要针对各项目制定相关活动项目模板,项目与任务管理,项目计划管理,,,,,,,,
enterprise,WPS项目管理企业版需求聚类分析.md,enterprise-02229,乐观的企业,1,无,无,,,,,,,,
enterprise,WPS项目管理企业版需求聚类分析.md,enterprise-02230,智维云电力行业部,任务看板,数据分析与经营看板,可视化看板,,,,,,,,
enterprise,WPS项目管理企业版需求聚类分析.md,enterprise-02231,袁菩萨的企业,项目进度,项目与任务管理,项目进度跟踪,,,,,,,,
enterprise,WPS项目管理企业版需求聚类分析.md,enterprise-02232,粤语毒者的企业,施工项目,工程与施工管理,工程进度管理,,,,,,,,
enterprise,WPS项目管理企业版需求聚类分析.md,enterprise-02233,Promedix,外贸订单中从产前样确认，产前测试，标签确认，产中抽样测试，尾验等一整套监控流程,数据分析与经营看板,可视化看板,,,,,,,,
enterprise,WPS项目管理企业版需求聚类分析.md,enterprise-02234,清茶煮酒的企业,全流程,协同办公与流程审批,流程标准化与SOP,,,,,,,,
enterprise,WPS项目管理企业版需求聚类分析.md,enterprise-02235,栖栖遑遑_华夏的企业,样品物料跟进,研发与产品管理,打样与试制管理,,,,,,,,
enterprise,WPS项目管理企业版需求聚类分析.md,enterprise-02236,微风的企业,风电项目前期开发,项目与任务管理,甘特图与排期可视化,,,,,,,,
enterprise,WPS项目管理企业版需求聚类分析.md,enterprise-02237,李卓的企业,财务，运输数据一键管理,财务、合同与结算,费用与报销管理,,,,,,,,
enterprise,WPS项目管理企业版需求聚类分析.md,enterprise-02238,巧克力兔的企业,项目流程管理，用章管理，合同管理，,项目与任务管理,项目台账管理,,,,,,,,
enterprise,WPS项目管理企业版需求聚类分析.md,enterprise-02239,Leechange West的企业,项目流程管理与统计,项目与任务管理,项目台账管理,,,,,,,,
enterprise,WPS项目管理企业版需求聚类分析.md,enterprise-02240,风雨兼程的企业,测绘类公司,项目与任务管理,甘特图与排期可视化,,,,,,,,
enterprise,WPS项目管理企业版需求聚类分析.md,enterprise-02241,莫名的企业,项目人员工时、差旅及财管成本费用管理,财务、合同与结算,成本核算管理,,,,,,,,
enterprise,WPS项目管理企业版需求聚类分析.md,enterprise-02242,俊敏的企业,电商企业项目管理,客户、销售与订单,电商与门店运营,,,,,,,,
enterprise,WPS项目管理企业版需求聚类分析.md,enterprise-02243,L &amp; S  的企业,我需要拆解医院的结构，每个大板块是有谁来负责，二级板块有谁来负责具体做什么，三级模块谁来负责具体做什么，四级模块谁来负责具体做什么,项目与任务管理,任务分配与协同,,,,,,,,
enterprise,WPS项目管理企业版需求聚类分析.md,enterprise-02244,胸心大血管外科,胸心大血管外科全病程管理,无,无,,,,,,,,
enterprise,WPS项目管理企业版需求聚类分析.md,enterprise-02245,刘振宇的企业,交付仪式活动项目时间进度表,项目与任务管理,项目计划管理,,,,,,,,
enterprise,WPS项目管理企业版需求聚类分析.md,enterprise-02246,通威太阳能(成都)有限公司(分公司),智慧生产构建,生产与制造管理,装配与调试管理,,,,,,,,
enterprise,WPS项目管理企业版需求聚类分析.md,enterprise-02247,standup的企业,工程项目管理,工程与施工管理,工程进度管理,,,,,,,,
enterprise,WPS项目管理企业版需求聚类分析.md,enterprise-02248,山东顺鑫发展有限公司,资源化利用公司  沼气提纯厂家,供应链与仓储物流,出入库与调拨管理,,,,,,,,
enterprise,WPS项目管理企业版需求聚类分析.md,enterprise-02249,新疆振良化工集团有限公司,生产计划、任务分配及跟踪、进度、业绩考核,生产与制造管理,制造进度跟踪,,,,,,,,
enterprise,WPS项目管理企业版需求聚类分析.md,enterprise-02250,朱菌的企业,项目管理、项目预警,数据分析与经营看板,异常预警分析,,,,,,,,
enterprise,WPS项目管理企业版需求聚类分析.md,enterprise-02251,々時淶運啭々的企业,小批量机械加工产品的项目管理，主要为周期管理,研发与产品管理,打样与试制管理,,,,,,,,
enterprise,WPS项目管理企业版需求聚类分析.md,enterprise-02252,小草数字,项目进度计划表,项目与任务管理,项目进度跟踪,,,,,,,,
enterprise,WPS项目管理企业版需求聚类分析.md,enterprise-02253,湖北皇恩烨新材料科技有限公司(物控),项目，生产进行中，待测试，测试中，待封舱，已封舱,生产与制造管理,装配与调试管理,,,,,,,,
enterprise,WPS项目管理企业版需求聚类分析.md,enterprise-02254,SJJY,客户关系管理,客户、销售与订单,客户信息管理,,,,,,,,
enterprise,WPS项目管理企业版需求聚类分析.md,enterprise-02255,北京大成(昆明)律师事务所,我是律师，我希望构建从咨询开始的全流程项目管理,协同办公与流程审批,审批流程管理,,,,,,,,
enterprise,WPS项目管理企业版需求聚类分析.md,enterprise-02256,筑路行的企业,矿山机械工程项目,工程与施工管理,工程进度管理,,,,,,,,
enterprise,WPS项目管理企业版需求聚类分析.md,enterprise-02257,王菱的企业,编写个全年项目进度表：要求有项目负责人和参与人员（能单独提取出人员的具体工内容），每个项目分可研/初设阶段，方案阶段，施工图阶段，施工阶段和海绵城市,项目与任务管理,项目计划管理,,,,,,,,
enterprise,WPS项目管理企业版需求聚类分析.md,enterprise-02258,联合团队,111,无,无,,,,,,,,
enterprise,WPS项目管理企业版需求聚类分析.md,enterprise-02259,中科仪（南通）半导体设备有限责任公司,生成甘特图模板,项目与任务管理,甘特图与排期可视化,,,,,,,,
enterprise,WPS项目管理企业版需求聚类分析.md,enterprise-02260,MONKEY.D.DRAGON的企业,我要建一个工程档案管理系统，功能是实现分门别类的整理档案。,协同办公与流程审批,文档与档案管理,,,,,,,,
enterprise,WPS项目管理企业版需求聚类分析.md,enterprise-02261,宏程机电,生产流程,生产与制造管理,生产交付协同,,,,,,,,
enterprise,WPS项目管理企业版需求聚类分析.md,enterprise-02262,同创依诺科技(深圳)有限公司,产品研发项目跟进,研发与产品管理,研发项目管理,,,,,,,,
enterprise,WPS项目管理企业版需求聚类分析.md,enterprise-02263,基地管理数字化,任务管理,项目与任务管理,任务分配与协同,,,,,,,,
enterprise,WPS项目管理企业版需求聚类分析.md,enterprise-02264,广州市力天品牌管理有限公司,女包类快闪店市场拓展及销售管理,客户、销售与订单,电商与门店运营,,,,,,,,
enterprise,WPS项目管理企业版需求聚类分析.md,enterprise-02265,禹州市安盈选煤有限公司,煤炭买卖销售,客户、销售与订单,商机与销售过程管理,,,,,,,,
enterprise,WPS项目管理企业版需求聚类分析.md,enterprise-02266,爱吃旺仔煎豆的企业,任务分解,项目与任务管理,任务分配与协同,,,,,,,,
enterprise,WPS项目管理企业版需求聚类分析.md,enterprise-02267,Anita 甜的企业,1,无,无,,,,,,,,
enterprise,WPS项目管理企业版需求聚类分析.md,enterprise-02268,田阳 净化工程EPC的企业,123,无,无,,,,,,,,
enterprise,WPS项目管理企业版需求聚类分析.md,enterprise-02269,浙江诺肯机械科技有限公司,项目流程,项目与任务管理,项目复盘与总结,,,,,,,,
enterprise,WPS项目管理企业版需求聚类分析.md,enterprise-02270,北京首儿康恩益科技有限公司,产品开发管理、订单进度管理,研发与产品管理,产品开发管理,,,,,,,,
enterprise,WPS项目管理企业版需求聚类分析.md,enterprise-02271,中联河南四部,部门中每个人每天的工作记录以及序号	姓名	合同额	立项号	项目名称	项目开始日期	预估作业时间	目前项目进展	差旅费	发票金额	回款金额,财务、合同与结算,发票与结算管理,,,,,,,,
enterprise,WPS项目管理企业版需求聚类分析.md,enterprise-02272,徐济武的企业,风电行业风机导管架制作,生产与制造管理,车间任务管理,,,,,,,,
enterprise,WPS项目管理企业版需求聚类分析.md,enterprise-02273,allyn的企业,工作項目		應對風險編號	執 行 計 劃				負責人	年度目標,质量、安全与合规,整改闭环管理,,,,,,,,
enterprise,WPS项目管理企业版需求聚类分析.md,enterprise-02274,,"C棟員工/臺籍宿舍生活用水凈化節能			""1、C棟一樓宿舍主管道加裝一套凈化過濾器，提升用水質量。",,,,,,,,,,
enterprise,WPS项目管理企业版需求聚类分析.md,enterprise-02275,,2、減少電加熱水器及熱泵水循環過濾堵塞現象，減少故障率。,,,,,,,,,,
enterprise,WPS项目管理企业版需求聚类分析.md,enterprise-02276,,2、既有冷（熱）水罐，舊有鐵質補水管，水罐迂迴連接管更換。補水裝置改造，加裝液位顯示裝置暨溫度顯示裝置,,,,,,,,,,
enterprise,WPS项目管理企业版需求聚类分析.md,enterprise-02277,,3、既有2臺熱泵迂迴管道分流整改，溫控系統優化。,,,,,,,,,,
enterprise,WPS项目管理企业版需求聚类分析.md,enterprise-02278,,4、既有1臺電加熱迂迴管道分流整改，溫控系統優化。,,,,,,,,,,
enterprise,WPS项目管理企业版需求聚类分析.md,enterprise-02279,,5、C棟樓頂既有太陽能板迂迴鍍鋅管，腐銹嚴重，水質染色，申請更換PPR聚氨脂保溫管。,,,,,,,,,,
enterprise,WPS项目管理企业版需求聚类分析.md,enterprise-02280,,優化管理的反饋，強化日常監管。,,,,,,,,,,
enterprise,WPS项目管理企业版需求聚类分析.md,enterprise-02281,,"""				林根龍	100%",,,,,,,,,,
enterprise,WPS项目管理企业版需求聚类分析.md,enterprise-02282,新疆三才人力资源服务有限公司,按公司不同的业务进行客户和项目管理,数据分析与经营看板,多维分析,,,,,,,,
enterprise,WPS项目管理企业版需求聚类分析.md,enterprise-02283,畅捷通低级套餐测试,测试,无,无,,,,,,,,
enterprise,WPS项目管理企业版需求聚类分析.md,enterprise-02284,青岛金信联合企业管理集团有限公司,生成每日客户认购台账，单个项目分类，单个项目下销售分类,客户、销售与订单,客户信息管理,,,,,,,,
enterprise,WPS项目管理企业版需求聚类分析.md,enterprise-02285,Daxin的企业,1,无,无,,,,,,,,
enterprise,WPS项目管理企业版需求聚类分析.md,enterprise-02286,上海德赢未来企业管理有限公司,项目进度反馈,项目与任务管理,项目进度跟踪,,,,,,,,
enterprise,WPS项目管理企业版需求聚类分析.md,enterprise-02287,Heiin,产品,研发与产品管理,产品开发管理,,,,,,,,
enterprise,WPS项目管理企业版需求聚类分析.md,enterprise-02288,七念的企业,工程类,工程与施工管理,工程进度管理,,,,,,,,
enterprise,WPS项目管理企业版需求聚类分析.md,enterprise-02289,Ravid Wang命运の我手中的企业,帮我生成一份完整项目的管理模式，进度情况等,项目与任务管理,项目计划管理,,,,,,,,
enterprise,WPS项目管理企业版需求聚类分析.md,enterprise-02290,AAA一滴泪的企业,工程装饰装修,工程与施工管理,装修装饰项目管理,,,,,,,,
enterprise,WPS项目管理企业版需求聚类分析.md,enterprise-02291,F-ei   c  Yang的企业,项目多个合同、发票、验收资料管理,财务、合同与结算,合同与招投标管理,,,,,,,,
enterprise,WPS项目管理企业版需求聚类分析.md,enterprise-02292,泉港区石化维保企业基地(一期、二期),工程进度管理,工程与施工管理,工程进度管理,,,,,,,,
enterprise,WPS项目管理企业版需求聚类分析.md,enterprise-02293,lukas的企业,开发运维项目管理,研发与产品管理,研发项目管理,,,,,,,,
enterprise,WPS项目管理企业版需求聚类分析.md,enterprise-02294,畅捷通再次测试,111,无,无,,,,,,,,
enterprise,WPS项目管理企业版需求聚类分析.md,enterprise-02295,啊静的企业,鞋厂从材料采购到复合到冲裁（冲裁包括大机和小机）到加工（加工包括拥边，划线，印花，电脑车，绣花，贴头衬）的全流程可使,供应链与仓储物流,物料采购管理,,,,,,,,
enterprise,WPS项目管理企业版需求聚类分析.md,enterprise-02296,WPS_1486902767的企业,的,无,无,,,,,,,,
enterprise,WPS项目管理企业版需求聚类分析.md,enterprise-02297,湖南众信工程咨询有限公司,工程造价服务项目进度管理,工程与施工管理,工程结算管理,,,,,,,,
enterprise,WPS项目管理企业版需求聚类分析.md,enterprise-02298,广州开发区才华有限公司,项目管理,项目与任务管理,项目台账管理,,,,,,,,
enterprise,WPS项目管理企业版需求聚类分析.md,enterprise-02299,陈先生团队呀,项目运营管理,项目与任务管理,项目台账管理,,,,,,,,
enterprise,WPS项目管理企业版需求聚类分析.md,enterprise-02300,Rebekah.的企业,季度多个竞赛方案及奖项进展督导及周报,数据分析与经营看板,报表管理,,,,,,,,
enterprise,WPS项目管理企业版需求聚类分析.md,enterprise-02301,十二的企业,整车开发中骡车开发模板,生产与制造管理,装配与调试管理,,,,,,,,
enterprise,WPS项目管理企业版需求聚类分析.md,enterprise-02302,沈阳腾飞精密,机械制造企业,生产与制造管理,生产交付协同,,,,,,,,
enterprise,WPS项目管理企业版需求聚类分析.md,enterprise-02303,昆山有光计算机信息科技有限公司,软件外包项目开发全过程管理,研发与产品管理,研发阶段管理,,,,,,,,
enterprise,WPS项目管理企业版需求聚类分析.md,enterprise-02304,广州开发区才华有限公司,如何创建项目,项目与任务管理,项目计划管理,,,,,,,,
enterprise,WPS项目管理企业版需求聚类分析.md,enterprise-02305,蓝图生物医药（广州）有限公司,项目管理,项目与任务管理,项目台账管理,,,,,,,,
enterprise,WPS项目管理企业版需求聚类分析.md,enterprise-02306,帛美雅国际贸易(上海)有限公司,公司业务管理ERP,客户、销售与订单,商机与销售过程管理,,,,,,,,
enterprise,WPS项目管理企业版需求聚类分析.md,enterprise-02307,大连瑞鑫信息技术有限公司,我司是智能弱电项目施工，从项目报价、谈判、签合同、施工、付款、质保等环节进行跟踪；日常巡检维修维护。涉及到商务部、工程部、售后部等相关部门协同工作。日常管理欠缺日常报价资料、合同资料、现场资料的整理和完成情况的跟踪。,工程与施工管理,施工现场管理,,,,,,,,
enterprise,WPS项目管理企业版需求聚类分析.md,enterprise-02308,WPS_1625484710的企业,生产计划,生产与制造管理,生产计划管理,,,,,,,,
enterprise,WPS项目管理企业版需求聚类分析.md,enterprise-02309,风影的企业,项目管理,项目与任务管理,项目台账管理,,,,,,,,
enterprise,WPS项目管理企业版需求聚类分析.md,enterprise-02310,河北金拾紫皓信息技术有限公司,项目需求拆解,项目与任务管理,任务分配与协同,,,,,,,,
enterprise,WPS项目管理企业版需求聚类分析.md,enterprise-02311,Alice~蒙蒙的企业,建筑企业项目管理台账,工程与施工管理,工程进度管理,,,,,,,,
enterprise,WPS项目管理企业版需求聚类分析.md,enterprise-02312,上海南洋电缆有限公司,作为电缆供应商，从线索到项目落地的全程跟进以及一切问题，可能涉及到对账，发货，售前，售后，测量，投标，合同，回款，逾期金，项目周期比较长。还存在锁铜的情况下，需要按照每日铜价按照合同约定的浮动规则进行上下浮动，对方确认单价，然后下单到U8，销售订单转发货单，发货后对应的物流信息以及到货提醒，签收的回单还有合同要求的所有验收单据等等，时间跨度周期可能从1个月到2年不等。,客户、销售与订单,发货与交付跟踪,,,,,,,,
enterprise,WPS项目管理企业版需求聚类分析.md,enterprise-02313,人才工作集团,企业项目管理,研发与产品管理,研发项目管理,,,,,,,,
enterprise,WPS项目管理企业版需求聚类分析.md,enterprise-02314,维抢修党群,根据工作业务搭建工作内容，向下形成工作清单，工作清单中对于工作事项设定频次要求，设定工作kpi，后期根据工作清单完成情况可以实时查看工作完成情况，通过未达标、达标、超标三个层级并分设红绿蓝三色显示,协同办公与流程审批,待办与提醒管理,,,,,,,,
enterprise,WPS项目管理企业版需求聚类分析.md,enterprise-02315,敏捷团队,1,无,无,,,,,,,,
enterprise,WPS项目管理企业版需求聚类分析.md,enterprise-02316,建国的企业,5S车间管理,生产与制造管理,车间任务管理,,,,,,,,
enterprise,WPS项目管理企业版需求聚类分析.md,enterprise-02317,杭州啃逗文化传媒有限公司,我需要用这个来理清项目进度,项目与任务管理,项目进度跟踪,,,,,,,,
enterprise,WPS项目管理企业版需求聚类分析.md,enterprise-02318,贵州省铜仁公路勘察设计院有限公司,路桥勘察设计,项目与任务管理,甘特图与排期可视化,,,,,,,,
enterprise,WPS项目管理企业版需求聚类分析.md,enterprise-02319,广州地铁,帮我创造WBS文档,协同办公与流程审批,文档与档案管理,,,,,,,,
enterprise,WPS项目管理企业版需求聚类分析.md,enterprise-02320,投资发展部,公司组建,生产与制造管理,生产交付协同,,,,,,,,
enterprise,WPS项目管理企业版需求聚类分析.md,enterprise-02321,广东中能汇正科技有限公司,电商 部门 工作 文档,研发与产品管理,技术文档管理,,,,,,,,
enterprise,WPS项目管理企业版需求聚类分析.md,enterprise-02322,天津光电惠高电子有限公司,变压器的研发到量产的全过程按照IATF16949进行管控,研发与产品管理,研发阶段管理,,,,,,,,
enterprise,WPS项目管理企业版需求聚类分析.md,enterprise-02323,浙江益通消防工程有限公司,吧,无,无,,,,,,,,
enterprise,WPS项目管理企业版需求聚类分析.md,enterprise-02324,平凉市恒盛水利水电工程有限责任公司,我要实现项目人材机发票统计,项目与任务管理,项目台账管理,,,,,,,,
enterprise,WPS项目管理企业版需求聚类分析.md,enterprise-02325,Mr.Wang的企业,项目管理,项目与任务管理,项目台账管理,,,,,,,,
enterprise,WPS项目管理企业版需求聚类分析.md,enterprise-02326,江西壹金新能源科技有限公司,IPO项目推进内部管理项目进度,项目与任务管理,项目进度跟踪,,,,,,,,
enterprise,WPS项目管理企业版需求聚类分析.md,enterprise-02327,普惠职道郑源的企业,项目合同管理,项目与任务管理,项目台账管理,,,,,,,,
enterprise,WPS项目管理企业版需求聚类分析.md,enterprise-02328,后勤总务,我是公立医院后勤部总务科管理人员，目前管理电梯、普通空调、洁净层流空调、医用氧气及护士站呼叫铃（因呼叫铃安装在氧气设备带上）、UPS不间断电源等外包单位，确保上述设备的日常运维管理，确保无事故，使临床科室业务顺利平稳开展。但目前面临管理项目多（OA系统的报修量大且有接报、安排、报价、报批、竣工、回访等时间要求）、巡检监督难（设备太多，巡检任务繁重），班组人员管理难（未按合同配备足够人员以及提供符合资质的人员等），还需同时确保按时按合同对每个外包单位的服务进行考核并支付服务费，确保完善巡检、OA报修报批、服务费支付等相关台账，确保服务期届满前完成新一期招标采购（一般提前半年启动工作，确保不空窗）。此外，我还需面对每日的突发任务，随时改变工作计划。我现在想利用WPS项目这个管理工具对上述工作进行有效管理，确保工作全面覆盖不遗漏、按时完成不延误、管理规范无审计风险。请问我该怎么使用WPS项目这个管理工具。,服务、工单与运维,巡检管理,,,,,,,,
enterprise,WPS项目管理企业版需求聚类分析.md,enterprise-02329,xdgame,项目管理,项目与任务管理,项目台账管理,,,,,,,,
enterprise,WPS项目管理企业版需求聚类分析.md,enterprise-02330,港湾的企业,工程EPC项目报价阶段，组织各个部门工作,工程与施工管理,工程进度管理,,,,,,,,
enterprise,WPS项目管理企业版需求聚类分析.md,enterprise-02331,CHEN的企业,项目进度计划图,项目与任务管理,项目进度跟踪,,,,,,,,
enterprise,WPS项目管理企业版需求聚类分析.md,enterprise-02332,大网寮-项目,项目完成情况,项目与任务管理,项目复盘与总结,,,,,,,,
enterprise,WPS项目管理企业版需求聚类分析.md,enterprise-02333,东莞市有米巧妇生物科技有限公司,项目管理,项目与任务管理,项目台账管理,,,,,,,,
enterprise,WPS项目管理企业版需求聚类分析.md,enterprise-02334,.   ༨༥་༠༥༦ Doris的企业,项目管理,项目与任务管理,项目台账管理,,,,,,,,
enterprise,WPS项目管理企业版需求聚类分析.md,enterprise-02335,大连立升保洁服务有限公司,小区保洁 服务,服务、工单与运维,巡检管理,,,,,,,,
enterprise,WPS项目管理企业版需求聚类分析.md,enterprise-02336,物业三人行,客户管理,客户、销售与订单,客户信息管理,,,,,,,,
enterprise,WPS项目管理企业版需求聚类分析.md,enterprise-02337,泉州云联智造科技有限公司,项目管理甘特图,项目与任务管理,甘特图与排期可视化,,,,,,,,
enterprise,WPS项目管理企业版需求聚类分析.md,enterprise-02338,ZZZ的企业,雕塑项目制作,工程与施工管理,装修装饰项目管理,,,,,,,,
enterprise,WPS项目管理企业版需求聚类分析.md,enterprise-02339,姚昕宇的企业,制造业产品开发管理,研发与产品管理,产品开发管理,,,,,,,,
enterprise,WPS项目管理企业版需求聚类分析.md,enterprise-02340,Garry,项目进度、测试用例、项目bug跟进,项目与任务管理,项目进度跟踪,,,,,,,,
enterprise,WPS项目管理企业版需求聚类分析.md,enterprise-02341,WPS_1769080077的企业,合作协议书,协同办公与流程审批,协同办公,,,,,,,,
enterprise,WPS项目管理企业版需求聚类分析.md,enterprise-02342,赵钱的企业,工地台账,生产与制造管理,车间任务管理,,,,,,,,
enterprise,WPS项目管理企业版需求聚类分析.md,enterprise-02343,小贝壳的企业,餐饮,无,无,,,,,,,,
enterprise,WPS项目管理企业版需求聚类分析.md,enterprise-02344,台风,您好,无,无,,,,,,,,
enterprise,WPS项目管理企业版需求聚类分析.md,enterprise-02345,1的企业,进度计划,工程与施工管理,工程进度管理,,,,,,,,
enterprise,WPS项目管理企业版需求聚类分析.md,enterprise-02346,路人甲的企业,1563,无,无,,,,,,,,
enterprise,WPS项目管理企业版需求聚类分析.md,enterprise-02347,晨曦23732606806的企业,时时了解项目节点,项目与任务管理,里程碑管理,,,,,,,,
enterprise,WPS项目管理企业版需求聚类分析.md,enterprise-02348,河北京电能源有限公司,独立储能项目开发投资进度管理,研发与产品管理,研发项目管理,,,,,,,,
enterprise,WPS项目管理企业版需求聚类分析.md,enterprise-02349,深圳市嘉嘉软件有限公司,11,无,无,,,,,,,,
enterprise,WPS项目管理企业版需求聚类分析.md,enterprise-02350,中国银行保险资产管理业协会,全年任务甘特图,项目与任务管理,甘特图与排期可视化,,,,,,,,
enterprise,WPS项目管理企业版需求聚类分析.md,enterprise-02351,虫虫的企业,项目管理,项目与任务管理,项目台账管理,,,,,,,,
enterprise,WPS项目管理企业版需求聚类分析.md,enterprise-02352,昆山戈瑞特自动机械有限公司,11,无,无,,,,,,,,
enterprise,WPS项目管理企业版需求聚类分析.md,enterprise-02353,合肥财通智云科技有限公司,项目管理,项目与任务管理,项目台账管理,,,,,,,,
enterprise,WPS项目管理企业版需求聚类分析.md,enterprise-02354,温州市巨凤线业有限公司,帮我生成几份,无,无,,,,,,,,
enterprise,WPS项目管理企业版需求聚类分析.md,enterprise-02355,汉堡包的企业,付款流程,财务、合同与结算,收付款与回款管理,,,,,,,,
enterprise,WPS项目管理企业版需求聚类分析.md,enterprise-02356,湖北地环,勘察工程项目,项目与任务管理,甘特图与排期可视化,,,,,,,,
enterprise,WPS项目管理企业版需求聚类分析.md,enterprise-02357,小杨的企业,主要是对能源项目定期跟踪,项目与任务管理,项目进度跟踪,,,,,,,,
enterprise,WPS项目管理企业版需求聚类分析.md,enterprise-02358,索科仕集团,一个项目需要跟进的人和销售财务都能跟进查看，最后财务做项目结算,财务、合同与结算,应收应付管理,,,,,,,,
enterprise,WPS项目管理企业版需求聚类分析.md,enterprise-02359,婷的企业,两个表格重复的,无,无,,,,,,,,
enterprise,WPS项目管理企业版需求聚类分析.md,enterprise-02360,7的企业,1,无,无,,,,,,,,
enterprise,WPS项目管理企业版需求聚类分析.md,enterprise-02361,阳江市检测检验中心,检验检测,质量、安全与合规,质量检查与检验,,,,,,,,
enterprise,WPS项目管理企业版需求聚类分析.md,enterprise-02362,WIETC-工程管理部,工程项目管理,工程与施工管理,工程进度管理,,,,,,,,
enterprise,WPS项目管理企业版需求聚类分析.md,enterprise-02363,台州艾特密封科技股份有限公司,企业项目进度跟踪,项目与任务管理,项目进度跟踪,,,,,,,,
enterprise,WPS项目管理企业版需求聚类分析.md,enterprise-02364,吉林政鹏咨询有限公司,项目文件的管理,项目与任务管理,项目台账管理,,,,,,,,
enterprise,WPS项目管理企业版需求聚类分析.md,enterprise-02365,五花的企业,生产制造行业生产项目管理,生产与制造管理,生产交付协同,,,,,,,,
enterprise,WPS项目管理企业版需求聚类分析.md,enterprise-02366,深圳市探索前源科技有限公司,AIOT智能硬件和传感器模块设计开发生产销售,生产与制造管理,装配与调试管理,,,,,,,,
enterprise,WPS项目管理企业版需求聚类分析.md,enterprise-02367,李蓉的企业,帮我生成重点工作时间进度管理的模板,数据分析与经营看板,多维分析,,,,,,,,
enterprise,WPS项目管理企业版需求聚类分析.md,enterprise-02368,闻喜鸟的企业,解决项目业务开发记录 运营流程 以及应收应付 管理,财务、合同与结算,收付款与回款管理,,,,,,,,
enterprise,WPS项目管理企业版需求聚类分析.md,enterprise-02369,黄静的共享,科研项目合同中，里程碑、专利、论文、指标等关键节点管理。,项目与任务管理,里程碑管理,,,,,,,,
enterprise,WPS项目管理企业版需求聚类分析.md,enterprise-02370,中国大连高级经理学院,对部门工作进行进度及成果管理,研发与产品管理,研发项目管理,,,,,,,,
enterprise,WPS项目管理企业版需求聚类分析.md,enterprise-02371,重庆易涯商贸有限公司,.,无,无,,,,,,,,
enterprise,WPS项目管理企业版需求聚类分析.md,enterprise-02372,潘根的企业,项目管理及进度情况,研发与产品管理,研发项目管理,,,,,,,,
enterprise,WPS项目管理企业版需求聚类分析.md,enterprise-02373,爱Qin海的企业,机械制造业出口项目管理，项目经理岗位,生产与制造管理,工序流转管理,,,,,,,,
enterprise,WPS项目管理企业版需求聚类分析.md,enterprise-02374,物产中大期货,项目执行,项目与任务管理,项目复盘与总结,,,,,,,,
enterprise,WPS项目管理企业版需求聚类分析.md,enterprise-02375,湖北亚索科工贸有限公司,钢贸企业客户项目管理,客户、销售与订单,商机与销售过程管理,,,,,,,,
enterprise,WPS项目管理企业版需求聚类分析.md,enterprise-02376,阿布的企业,技术部订单管理、技改管理、研发项目管理,研发与产品管理,研发项目管理,,,,,,,,
enterprise,WPS项目管理企业版需求聚类分析.md,enterprise-02377,宣威精诚豆制品,产品统计项目与管理,研发与产品管理,产品开发管理,,,,,,,,
enterprise,WPS项目管理企业版需求聚类分析.md,enterprise-02378,乌海市京乐博机器人培训学校,工资计算,人力与组织管理,薪酬与社保管理,,,,,,,,
enterprise,WPS项目管理企业版需求聚类分析.md,enterprise-02379,云南永盛会计师事务所,会计师事务所审计团队管理,质量、安全与合规,内控与审计合规,,,,,,,,
enterprise,WPS项目管理企业版需求聚类分析.md,enterprise-02380,致远翊(郑州)信息科技有限公司,精益咨询项目管理,研发与产品管理,研发项目管理,,,,,,,,
enterprise,WPS项目管理企业版需求聚类分析.md,enterprise-02381,CISIDI,项目管理,项目与任务管理,项目台账管理,,,,,,,,
enterprise,WPS项目管理企业版需求聚类分析.md,enterprise-02382,WPS_1602316715的企业,销售项目管理,客户、销售与订单,商机与销售过程管理,,,,,,,,
enterprise,WPS项目管理企业版需求聚类分析.md,enterprise-02383,WPS_1638927242的企业,办公家具项目订单管理,协同办公与流程审批,行政事务管理,,,,,,,,
enterprise,WPS项目管理企业版需求聚类分析.md,enterprise-02384,台州市黄岩立鑫模塑有限公司,表格,无,无,,,,,,,,
enterprise,WPS项目管理企业版需求聚类分析.md,enterprise-02385,中国大唐集团科学技术研究总院有限公司,一个流程，5个层级审阅，每级需要审阅1个文档1个表格,协同办公与流程审批,文档与档案管理,,,,,,,,
enterprise,WPS项目管理企业版需求聚类分析.md,enterprise-02386,山西平阳低空经济发展有限公司,项目管理,项目与任务管理,项目台账管理,,,,,,,,
enterprise,WPS项目管理企业版需求聚类分析.md,enterprise-02387,JST项目资料文档,韩国国会,无,无,,,,,,,,
enterprise,WPS项目管理企业版需求聚类分析.md,enterprise-02388,草原飞鹰的企业,跟踪项目各节点进度和各阶段输出文件,项目与任务管理,里程碑管理,,,,,,,,
enterprise,WPS项目管理企业版需求聚类分析.md,enterprise-02389,消防办及安办,阿斯蒂芬,无,无,,,,,,,,
enterprise,WPS项目管理企业版需求聚类分析.md,enterprise-02390,潍坊堂诃信息科技有限公司,车间销售对接,客户、销售与订单,电商与门店运营,,,,,,,,
enterprise,WPS项目管理企业版需求聚类分析.md,enterprise-02391,流星的企业,稀土生产企业新开项目的全面项目管理，包括供销、生产、财务、研发、人事等所有部门,研发与产品管理,研发项目管理,,,,,,,,
enterprise,WPS项目管理企业版需求聚类分析.md,enterprise-02392,destiny的企业,对项目进度进行跟踪,项目与任务管理,项目进度跟踪,,,,,,,,
enterprise,WPS项目管理企业版需求聚类分析.md,enterprise-02393,渡的企业,项目需求BUG跟进，以及项目上线时间节点内容,项目与任务管理,项目计划管理,,,,,,,,
enterprise,WPS项目管理企业版需求聚类分析.md,enterprise-02394,A 花雨石的企业,项目,无,无,,,,,,,,
enterprise,WPS项目管理企业版需求聚类分析.md,enterprise-02395,李高翔的企业,jgh,无,无,,,,,,,,
enterprise,WPS项目管理企业版需求聚类分析.md,enterprise-02396,林宇哲的企业,1,无,无,,,,,,,,
enterprise,WPS项目管理企业版需求聚类分析.md,enterprise-02397,上海市机械设备成套(集团)有限公司,。,无,无,,,,,,,,
enterprise,WPS项目管理企业版需求聚类分析.md,enterprise-02398,单县瑞旭包装有限公司,生产销售,客户、销售与订单,商机与销售过程管理,,,,,,,,
enterprise,WPS项目管理企业版需求聚类分析.md,enterprise-02399,PAAS团队,1、需要有项目中心汇总企业所有项目，包括历史项目，进行中项目，规划项目,项目与任务管理,项目进度跟踪,,,,,,,,
enterprise,WPS项目管理企业版需求聚类分析.md,enterprise-02400,,2、每个项目会有专用的知识库汇总项目需要的各类文档材料信息,,,,,,,,,,
enterprise,WPS项目管理企业版需求聚类分析.md,enterprise-02401,,3、项目可以拆分任务指派分组，每个分组有组长和组员，组长可以将拆分项目任务进一步拆分子任务分派给组员,,,,,,,,,,
enterprise,WPS项目管理企业版需求聚类分析.md,enterprise-02402,,4、每个任务、子任务指定完成截止时间后，可以由任务分派人员手动指定提前多长时间通过微信等方式提醒任务、子任务的接单人反馈进度，如果超过截止时间还未完成任务、子任务，则通过微信等方式提醒接单人及时更新任务状态,,,,,,,,,,
enterprise,WPS项目管理企业版需求聚类分析.md,enterprise-02403,新能源与新材料投资事业部,投资项目管理,研发与产品管理,研发项目管理,,,,,,,,
enterprise,WPS项目管理企业版需求聚类分析.md,enterprise-02404,商务工作,企业办公及管理，收费事项,协同办公与流程审批,行政事务管理,,,,,,,,
enterprise,WPS项目管理企业版需求聚类分析.md,enterprise-02405,象山诚得利五金塑料厂,发货数量统计,客户、销售与订单,发货与交付跟踪,,,,,,,,
enterprise,WPS项目管理企业版需求聚类分析.md,enterprise-02406,温旭龙的企业,后勤,无,无,,,,,,,,
enterprise,WPS项目管理企业版需求聚类分析.md,enterprise-02407,北京吉冠装饰工程有限公司,记录每日工程量,人力与组织管理,工时与人员负荷管理,,,,,,,,
enterprise,WPS项目管理企业版需求聚类分析.md,enterprise-02408,大同市平城区意海广告工作室(个体工商户),合同管理,财务、合同与结算,合同与招投标管理,,,,,,,,
enterprise,WPS项目管理企业版需求聚类分析.md,enterprise-02409,云南途晟建设工程有限公司,工程项目管理,工程与施工管理,工程进度管理,,,,,,,,
enterprise,WPS项目管理企业版需求聚类分析.md,enterprise-02410,湖南智谷投资集团有限责任公司,进度管理,工程与施工管理,工程进度管理,,,,,,,,
enterprise,WPS项目管理企业版需求聚类分析.md,enterprise-02411,北京星际联盟科技有限公司,项目,无,无,,,,,,,,
enterprise,WPS项目管理企业版需求聚类分析.md,enterprise-02412,四川省绵阳市丰谷酒业有限责任公司（集团管理）,以多个项目管理为中心，按项目分组进行编辑,项目与任务管理,多项目组合管理,,,,,,,,
enterprise,WPS项目管理企业版需求聚类分析.md,enterprise-02413,一笑看风云的企业,---,无,无,,,,,,,,
enterprise,WPS项目管理企业版需求聚类分析.md,enterprise-02414,温州鸿基运输有限公司,账物清算,无,无,,,,,,,,
enterprise,WPS项目管理企业版需求聚类分析.md,enterprise-02415,中铁二十三局集团建筑设计研究院有限公司,搭建项目管理系统，项目主要处于三种状态：在建生产项目，确权清收项目，完结项目；具体流程，进入系统，出现三个状态模块界面。在建生产项目中点击新建项目，弹出编辑窗口，新建项目填写项目必要信息后，可以进行项目人员安排策划，成本预算。可以进行成本数据录入，红色显示成本占比预警；在建生产项目可以自建文件夹和上传。在建生产项目模块内总体进度完成100%，自动将项目从在建生产项目模块内转入确权清收项目模块内。在确权清收项目模块内收款进度完成100%后，自动将项目从确权清收项目模块转入完结项目模块内。,数据分析与经营看板,异常预警分析,,,,,,,,
enterprise,WPS项目管理企业版需求聚类分析.md,enterprise-02416,华电阜康热电有限公司,人员资质审查和准入流程,质量、安全与合规,验收与履约合规,,,,,,,,
enterprise,WPS项目管理企业版需求聚类分析.md,enterprise-02417,心有鎖念的企业,结算,财务、合同与结算,发票与结算管理,,,,,,,,
enterprise,WPS项目管理企业版需求聚类分析.md,enterprise-02418,上海嘉琛装饰设计有限公司,盘点IT资产，生成动态优化降本方案,项目与任务管理,甘特图与排期可视化,,,,,,,,
enterprise,WPS项目管理企业版需求聚类分析.md,enterprise-02419,我是小哪吒,解决多个项目，收款，付款处理，还有项目材料跟踪，成本管理等等，应收，应付，支出，各项费用支出,财务、合同与结算,收付款与回款管理,,,,,,,,
enterprise,WPS项目管理企业版需求聚类分析.md,enterprise-02420,朔州市经济开发区云慕科技有限公司,弱电工程建设,工程与施工管理,分包与班组管理,,,,,,,,
enterprise,WPS项目管理企业版需求聚类分析.md,enterprise-02421,宋芳芳⊙.⊙的企业,流程,协同办公与流程审批,流程标准化与SOP,,,,,,,,
enterprise,WPS项目管理企业版需求聚类分析.md,enterprise-02422,FDR仓库管理,人事登记， 薪酬分配,人力与组织管理,薪酬与社保管理,,,,,,,,
enterprise,WPS项目管理企业版需求聚类分析.md,enterprise-02423,安装中南劳务设备管理,统计分供方不良行为记录，并分类导出投诉类、诉讼类、需支付清单等,数据分析与经营看板,统计汇总,,,,,,,,
enterprise,WPS项目管理企业版需求聚类分析.md,enterprise-02424,携秋水揽星河的企业,查看记录项目进度与流程,项目与任务管理,项目进度跟踪,,,,,,,,
enterprise,WPS项目管理企业版需求聚类分析.md,enterprise-02425,绍兴大明电力建设有限公司,管理,人力与组织管理,绩效与提成管理,,,,,,,,
enterprise,WPS项目管理企业版需求聚类分析.md,enterprise-02426,中国联合工程有限公司本部,管理项目,研发与产品管理,研发项目管理,,,,,,,,
enterprise,WPS项目管理企业版需求聚类分析.md,enterprise-02427,建材课题组,材料研发,研发与产品管理,技术文档管理,,,,,,,,
enterprise,WPS项目管理企业版需求聚类分析.md,enterprise-02428,一颗糖故事,统计,数据分析与经营看板,统计汇总,,,,,,,,
enterprise,WPS项目管理企业版需求聚类分析.md,enterprise-02429,安徽凡人商贸有限公司,2026营销日历,客户、销售与订单,电商与门店运营,,,,,,,,
enterprise,WPS项目管理企业版需求聚类分析.md,enterprise-02430,东莞市热动电子科技有限公司,专案研发管理模板,研发与产品管理,研发项目管理,,,,,,,,
enterprise,WPS项目管理企业版需求聚类分析.md,enterprise-02431,广州市领攀体育发展有限公司,户外活动，按照项目制核算收入成本费用,财务、合同与结算,成本核算管理,,,,,,,,
enterprise,WPS项目管理企业版需求聚类分析.md,enterprise-02432,李卓的企业,工作进度,生产与制造管理,车间任务管理,,,,,,,,
enterprise,WPS项目管理企业版需求聚类分析.md,enterprise-02433,嘎嘎好吃的企业,协同,协同办公与流程审批,协同办公,,,,,,,,
enterprise,WPS项目管理企业版需求聚类分析.md,enterprise-02434,北京三快科技有限公司,项目管理,项目与任务管理,项目台账管理,,,,,,,,
enterprise,WPS项目管理企业版需求聚类分析.md,enterprise-02435,夜未央的企业,光伏项目建设,工程与施工管理,工程进度管理,,,,,,,,
enterprise,WPS项目管理企业版需求聚类分析.md,enterprise-02436,深圳市欧耶菲科技有限公司,跨境亚马逊电商公司流程协同,客户、销售与订单,电商与门店运营,,,,,,,,
enterprise,WPS项目管理企业版需求聚类分析.md,enterprise-02437,欣娅的企业,设备安装项目管理,服务、工单与运维,安装与实施交付,,,,,,,,
enterprise,WPS项目管理企业版需求聚类分析.md,enterprise-02438,数模J次方,把任务分配到具体成员,项目与任务管理,任务分配与协同,,,,,,,,
enterprise,WPS项目管理企业版需求聚类分析.md,enterprise-02439,info,1111,无,无,,,,,,,,
enterprise,WPS项目管理企业版需求聚类分析.md,enterprise-02440,GGWW,1#风力发电机组因一只叶片损伤需要吊装更换，帮我做一个更换计划,无,无,,,,,,,,
enterprise,WPS项目管理企业版需求聚类分析.md,enterprise-02441,阳光下肆无忌惮的嘲笑的企业,需求汇总,研发与产品管理,需求分析管理,,,,,,,,
enterprise,WPS项目管理企业版需求聚类分析.md,enterprise-02442,浙江连成机械有限公司,图纸会签,无,无,,,,,,,,
enterprise,WPS项目管理企业版需求聚类分析.md,enterprise-02443,梁冠军的企业,咨询项目进度管理,项目与任务管理,项目进度跟踪,,,,,,,,
enterprise,WPS项目管理企业版需求聚类分析.md,enterprise-02444,福建中集新能源科技有限公司,项目计划甘特图可转化WPS表格工具即可,项目与任务管理,甘特图与排期可视化,,,,,,,,
enterprise,WPS项目管理企业版需求聚类分析.md,enterprise-02445,鹏为CRM新用户验证,555,无,无,,,,,,,,
enterprise,WPS项目管理企业版需求聚类分析.md,enterprise-02446,LabMem_No_00X的企业,工作记录,人力与组织管理,员工信息管理,,,,,,,,
enterprise,WPS项目管理企业版需求聚类分析.md,enterprise-02447,风起云散的企业,输电线路部门，用于工日或绩效的管理,服务、工单与运维,客服工单管理,,,,,,,,
enterprise,WPS项目管理企业版需求聚类分析.md,enterprise-02448,团队厉害,职业规划,人力与组织管理,招聘与入职管理,,,,,,,,
enterprise,WPS项目管理企业版需求聚类分析.md,enterprise-02449,云南乙木清源传媒有限责任公司,公司行政人事使用,协同办公与流程审批,行政事务管理,,,,,,,,
enterprise,WPS项目管理企业版需求聚类分析.md,enterprise-02450,东莞市优成凯运航运有限公司,根据新的人事架构，重构审批线,协同办公与流程审批,审批流程管理,,,,,,,,
enterprise,WPS项目管理企业版需求聚类分析.md,enterprise-02451,jun的企业,每个项目每个月随时更新发货量、结算量、结算金额、回款金额、发票金额，根据合同条款自动生成应收账款、逾期账款及账龄,财务、合同与结算,发票与结算管理,,,,,,,,
enterprise,WPS项目管理企业版需求聚类分析.md,enterprise-02452,陕西天行健车联网信息技术有限公司,IOT软硬件研发,研发与产品管理,打样与试制管理,,,,,,,,
enterprise,WPS项目管理企业版需求聚类分析.md,enterprise-02453,Doris的企业,你好，我目前从事代运营公司的运营管理岗位，主要负责全国品牌门店的线上平台运营工作，通过美团点评、抖音、小红书等平台给门店增加曝光和销售订单。现在我需要梳理运营团队的工作。需要两个表模板，包含1.已经签约客户的运营进度交付清单，每个客户对应运营周期都是3个月、4个月、6个月，然后我需要清晰的知道每一个客户的运营进度及交付结果，细化量化到月、周、日。有了这个清单，我们内部管理一目了然，提升工作效率。2.每一个运营事项的进度管理表，因为我们把运营事项分不同人执行，所以需要整理一个每一项运营事项所对应的客户、推进进度、已完成未完成、目前问题等。可以理解为是在做运营团队内部资料优化，方便做客户管理和人效管理及公司业务推进。,客户、销售与订单,商机与销售过程管理,,,,,,,,
enterprise,WPS项目管理企业版需求聚类分析.md,enterprise-02454,西安音乐学院,审计项目管理,质量、安全与合规,内控与审计合规,,,,,,,,
enterprise,WPS项目管理企业版需求聚类分析.md,enterprise-02455,不许逍遥的企业,厂房+办公楼土地获取及开发计划,工程与施工管理,基建与市政项目管理,,,,,,,,
enterprise,WPS项目管理企业版需求聚类分析.md,enterprise-02456,西安辰翔卓越科技有限公司,四旋翼电侦无人机研发项目,项目与任务管理,甘特图与排期可视化,,,,,,,,
enterprise,WPS项目管理企业版需求聚类分析.md,enterprise-02457,这是什么操作,实验室项目管理,项目与任务管理,项目台账管理,,,,,,,,
enterprise,WPS项目管理企业版需求聚类分析.md,enterprise-02458,甘肃云飞扬科技发展有限公司,跳过,无,无,,,,,,,,
enterprise,WPS项目管理企业版需求聚类分析.md,enterprise-02459,厦门思泰克智能科技股份有限公司,填写周报及工时,数据分析与经营看板,报表管理,,,,,,,,
enterprise,WPS项目管理企业版需求聚类分析.md,enterprise-02460,湖南沃晟凯科技有限公司,"基于生产计划，BOM码清单,工艺流程",研发与产品管理,图纸与BOM管理,,,,,,,,
enterprise,WPS项目管理企业版需求聚类分析.md,enterprise-02461,海宁嘉航包装有限公司,散单部门,人力与组织管理,组织与岗位管理,,,,,,,,
enterprise,WPS项目管理企业版需求聚类分析.md,enterprise-02462,浙江海洋大学,一个10人以下的团队，我作为管理员可以给每个人分配任务，设置截至日期，上传附件等等功能团队成员完成后要方便提交汇总给我,项目与任务管理,任务分配与协同,,,,,,,,
enterprise,WPS项目管理企业版需求聚类分析.md,enterprise-02463,陈沛迪的企业,1,无,无,,,,,,,,
enterprise,WPS项目管理企业版需求聚类分析.md,enterprise-02464,关呈基金,流程管理，更自动化的提醒和连接,协同办公与流程审批,待办与提醒管理,,,,,,,,
enterprise,WPS项目管理企业版需求聚类分析.md,enterprise-02465,安徽尔顿建设工程有限公司,内账,无,无,,,,,,,,
enterprise,WPS项目管理企业版需求聚类分析.md,enterprise-02466,贾琦的企业,工程排期,工程与施工管理,工程进度管理,,,,,,,,
enterprise,WPS项目管理企业版需求聚类分析.md,enterprise-02467,江苏威泽智能科技股份有限公司,项目管理,项目与任务管理,项目台账管理,,,,,,,,
enterprise,WPS项目管理企业版需求聚类分析.md,enterprise-02468,严伟&amp;孙蓉,完整的项目跟进流程,项目与任务管理,项目进度跟踪,,,,,,,,
enterprise,WPS项目管理企业版需求聚类分析.md,enterprise-02469,广州华茗建筑劳务有限公司,建筑项目,工程与施工管理,基建与市政项目管理,,,,,,,,
enterprise,WPS项目管理企业版需求聚类分析.md,enterprise-02470,晨醒★枕未凉的企业,工程项目,工程与施工管理,工程进度管理,,,,,,,,
enterprise,WPS项目管理企业版需求聚类分析.md,enterprise-02471,上海盛耐科技有限公司,市场部,客户、销售与订单,商机与销售过程管理,,,,,,,,
enterprise,WPS项目管理企业版需求聚类分析.md,enterprise-02472,zombie的企业,1,无,无,,,,,,,,
enterprise,WPS项目管理企业版需求聚类分析.md,enterprise-02473,海南港航智链数科有限公司,项目管理以及进度可视化,项目与任务管理,甘特图与排期可视化,,,,,,,,
enterprise,WPS项目管理企业版需求聚类分析.md,enterprise-02474,史太白西南区域总部,先看看,无,无,,,,,,,,
enterprise,WPS项目管理企业版需求聚类分析.md,enterprise-02475,皮皮的企业,软件开发全生命周期管理,数据分析与经营看板,数据治理与数据台账,,,,,,,,
enterprise,WPS项目管理企业版需求聚类分析.md,enterprise-02476,会宁县教育局,111,无,无,,,,,,,,
enterprise,WPS项目管理企业版需求聚类分析.md,enterprise-02477,深圳市秋康宏科技有限公司,产品物料进出登记，项目进度跟进,研发与产品管理,产品开发管理,,,,,,,,
enterprise,WPS项目管理企业版需求聚类分析.md,enterprise-02478,徐州昶奥电梯科技有限公司,项目进度问题,项目与任务管理,项目进度跟踪,,,,,,,,
enterprise,WPS项目管理企业版需求聚类分析.md,enterprise-02479,心锐志远,考公机构后勤工作,人力与组织管理,考勤管理,,,,,,,,
enterprise,WPS项目管理企业版需求聚类分析.md,enterprise-02480,上海广川科技有限公司,项目进度管理,项目与任务管理,项目进度跟踪,,,,,,,,
enterprise,WPS项目管理企业版需求聚类分析.md,enterprise-02481,一路向北的企业,项目管理,项目与任务管理,项目台账管理,,,,,,,,
enterprise,WPS项目管理企业版需求聚类分析.md,enterprise-02482,Di SF的企业,项目进度管理,项目与任务管理,项目进度跟踪,,,,,,,,
enterprise,WPS项目管理企业版需求聚类分析.md,enterprise-02483,瑾嘉睿数字科技,偿试进行项目全流程监管,工程与施工管理,工程结算管理,,,,,,,,
enterprise,WPS项目管理企业版需求聚类分析.md,enterprise-02484,梵塔家居,我们做橱柜衣柜五金定制方面的工作。从客户接洽到生产出货一条龙服务的。,客户、销售与订单,发货与交付跟踪,,,,,,,,
enterprise,WPS项目管理企业版需求聚类分析.md,enterprise-02485,刘学锋的企业,我公司主要从事会议会展业务，请帮我生成会议会展业务从洽商、签约、执行到结算的全过程业务管控模版,协同办公与流程审批,会议与纪要管理,,,,,,,,
enterprise,WPS项目管理企业版需求聚类分析.md,enterprise-02486,不再犹豫的企业,特种设备人员学习培训提升,人力与组织管理,培训与人才发展管理,,,,,,,,
enterprise,WPS项目管理企业版需求聚类分析.md,enterprise-02487,禾朗科技的企业,人员业绩数据统计归类佣金发放,数据分析与经营看板,绩效与工作量分析,,,,,,,,
enterprise,WPS项目管理企业版需求聚类分析.md,enterprise-02488,重庆金略建筑工程有限公司,1、解决项目每日分析表；2、解决项目工资考勤表；3、解决项目班组进度表；4、解决项目经济台账；5、经济项目材料台账；6、解决项目成本分析,财务、合同与结算,成本核算管理,,,,,,,,
enterprise,WPS项目管理企业版需求聚类分析.md,enterprise-02489,海口恒之拓科技有限责任公司,项目管理,项目与任务管理,项目台账管理,,,,,,,,
enterprise,WPS项目管理企业版需求聚类分析.md,enterprise-02490,新疆南石润邦,实现工程项目进度上报，实时更新数据,项目与任务管理,项目进度跟踪,,,,,,,,
enterprise,WPS项目管理企业版需求聚类分析.md,enterprise-02491,说个产产,业务协作,协同办公与流程审批,协同办公,,,,,,,,
enterprise,WPS项目管理企业版需求聚类分析.md,enterprise-02492,MPZ的企业,建筑工程施工,工程与施工管理,工程进度管理,,,,,,,,
enterprise,WPS项目管理企业版需求聚类分析.md,enterprise-02493,mango栩宝的企业,铁塔工程项目进度待办事项逐步骤跟踪，关键环节待办责任人完成进度上报，并自动对送待办任务至责任人,项目与任务管理,任务分配与协同,,,,,,,,
enterprise,WPS项目管理企业版需求聚类分析.md,enterprise-02494,河北鸿蒙维护二部,光伏,无,无,,,,,,,,
enterprise,WPS项目管理企业版需求聚类分析.md,enterprise-02495,湖北合强,机械加工零部件生产进度跟踪,生产与制造管理,制造进度跟踪,,,,,,,,
enterprise,WPS项目管理企业版需求聚类分析.md,enterprise-02496,,简洁,无,无,,,,,,,,
enterprise,WPS项目管理企业版需求聚类分析.md,enterprise-02497,大象建设,建筑工程项目管理,工程与施工管理,工程进度管理,,,,,,,,
enterprise,WPS项目管理企业版需求聚类分析.md,enterprise-02498,Anfei的企业,建立需要共同急需解决的运行病历质控问题,服务、工单与运维,故障与异常处理,,,,,,,,
enterprise,WPS项目管理企业版需求聚类分析.md,enterprise-02499,宁波海曙区滇师兄火锅店(个体工商户),帮我制定餐厅店长月度工作计划,生产与制造管理,生产计划管理,,,,,,,,
enterprise,WPS项目管理企业版需求聚类分析.md,enterprise-02500,中国化学工程第十三建设公司,在,无,无,,,,,,,,
enterprise,WPS项目管理企业版需求聚类分析.md,enterprise-02501,运营芽,跳过,无,无,,,,,,,,
enterprise,WPS项目管理企业版需求聚类分析.md,enterprise-02502,35 岁黄石凯哥的奋斗号的企业,铁建商城,无,无,,,,,,,,
enterprise,WPS项目管理企业版需求聚类分析.md,enterprise-02503,云技术设施技术部,项目管理,项目与任务管理,项目台账管理,,,,,,,,
enterprise,WPS项目管理企业版需求聚类分析.md,enterprise-02504,337的企业,jia,无,无,,,,,,,,
enterprise,WPS项目管理企业版需求聚类分析.md,enterprise-02505,天津财经大学,项目管理,项目与任务管理,项目台账管理,,,,,,,,
enterprise,WPS项目管理企业版需求聚类分析.md,enterprise-02506,木心的企业,总表和月份表联动,协同办公与流程审批,待办与提醒管理,,,,,,,,
enterprise,WPS项目管理企业版需求聚类分析.md,enterprise-02507,广州鲸天知科技有限公司,我们是一家中介公司，预计未来一两年会服务几十个客户，每个客户下面都会有子公司跟我们合作项目。我们打算对这些项目进行管理，不但要能形成项目列表（包括但不限于项目名称、对应客户、项目类型、项目进度等要素），还能对项目进行动态跟踪和反馈，而且还能多维度进行归纳统计分析，最后还能联动企业微信的财务审批模块进行项目成本核算，请您帮我生成能满足这些需求的模板。一些我没提到的通用功能也请帮我一起生成。,项目与任务管理,项目进度跟踪,,,,,,,,
enterprise,WPS项目管理企业版需求聚类分析.md,enterprise-02508,哒小哒的企业,工作任务的弹窗提醒和高效执行,协同办公与流程审批,待办与提醒管理,,,,,,,,
enterprise,WPS项目管理企业版需求聚类分析.md,enterprise-02509,张鸿波的企业,项目管理,项目与任务管理,项目台账管理,,,,,,,,
enterprise,WPS项目管理企业版需求聚类分析.md,enterprise-02510,成双食品,客户项目任务管理周期付款,项目与任务管理,项目台账管理,,,,,,,,
enterprise,WPS项目管理企业版需求聚类分析.md,enterprise-02511,闽升镀锌的企业,我是车间现场安全员，负责整个车间日常安全及设备安全。我需要日检周检月检季检等,服务、工单与运维,巡检管理,,,,,,,,
enterprise,WPS项目管理企业版需求聚类分析.md,enterprise-02512,台州鲸科知识产权有限公司,帮我管理专利进度,研发与产品管理,研发阶段管理,,,,,,,,
enterprise,WPS项目管理企业版需求聚类分析.md,enterprise-02513,都安合信电子经营部,1,无,无,,,,,,,,
enterprise,WPS项目管理企业版需求聚类分析.md,enterprise-02514,测试项目,等级医院创建,无,无,,,,,,,,
enterprise,WPS项目管理企业版需求聚类分析.md,enterprise-02515,泉州益成制衣有限公司,外贸订单销售与跟进,客户、销售与订单,订单管理,,,,,,,,
enterprise,WPS项目管理企业版需求聚类分析.md,enterprise-02516,A000爱️同创电脑科技✅的企业,4444,无,无,,,,,,,,
enterprise,WPS项目管理企业版需求聚类分析.md,enterprise-02517,Mfff的企业,整理文件资料,协同办公与流程审批,文档与档案管理,,,,,,,,
enterprise,WPS项目管理企业版需求聚类分析.md,enterprise-02518,云原生平台,团队任务进度管理,项目与任务管理,任务分配与协同,,,,,,,,
enterprise,WPS项目管理企业版需求聚类分析.md,enterprise-02519,陈谨妍的企业,产品经理必备文档,研发与产品管理,技术文档管理,,,,,,,,
enterprise,WPS项目管理企业版需求聚类分析.md,enterprise-02520,常州市市政工程设计研究院有限公司,我是市政工程设计院的设计人员，我想找到一个从项目立项到项目竣工，设计工作的管理控制流程,工程与施工管理,装修装饰项目管理,,,,,,,,
enterprise,WPS项目管理企业版需求聚类分析.md,enterprise-02521,广州葛城实业有限公司设计工程部,工作协同,协同办公与流程审批,协同办公,,,,,,,,
enterprise,WPS项目管理企业版需求聚类分析.md,enterprise-02522,四川聚渠建筑有限公司,工人工资查询系统,人力与组织管理,薪酬与社保管理,,,,,,,,
enterprise,WPS项目管理企业版需求聚类分析.md,enterprise-02523,新天民信息科技公司,开发类项目管理,研发与产品管理,研发项目管理,,,,,,,,
enterprise,WPS项目管理企业版需求聚类分析.md,enterprise-02524,北电集成12英寸集成电路生产线项目,无,无,无,,,,,,,,
enterprise,WPS项目管理企业版需求聚类分析.md,enterprise-02525,深圳市零差云控科技有限公司,测试一下,质量、安全与合规,质量检查与检验,,,,,,,,
enterprise,WPS项目管理企业版需求聚类分析.md,enterprise-02526,杨豪的企业,无,无,无,,,,,,,,
enterprise,WPS项目管理企业版需求聚类分析.md,enterprise-02527,杭州撬象品牌科技有限公司,不用,无,无,,,,,,,,
enterprise,WPS项目管理企业版需求聚类分析.md,enterprise-02528,九江市生态环境科学研究所,项目审批,协同办公与流程审批,审批流程管理,,,,,,,,
enterprise,WPS项目管理企业版需求聚类分析.md,enterprise-02529,南开大学,项目管理模块是免费的吗,项目与任务管理,项目台账管理,,,,,,,,
enterprise,WPS项目管理企业版需求聚类分析.md,enterprise-02530,陈云,村田丨不用洗烟机第一品牌的企业,100万台小家电产品订单项目，希望在2026年3月25日开始批量生产，提前开模、验证、包材、状态锁定、备料、人员储备等准备,生产与制造管理,,,,,,,,
enterprise,WPS项目管理企业版需求聚类分析.md,enterprise-02531,深圳经纬聚合智能科技有限公司,我同时负责了多个项目，涉及物业项目管理以及工程项目（交通工程、路灯工程、弱电工程）管理，我需要详细了解项目进度，资金情况等,项目与任务管理,多项目组合管理,,,,,,,,
enterprise,WPS项目管理企业版需求聚类分析.md,enterprise-02532,国电电力大同湖东发电有限公司,公司周工作例会后分解下发督办事项给公司各部门，定期填报收集进展反馈，整理成报表或报告报送公司领导,协同办公与流程审批,待办与提醒管理,,,,,,,,
enterprise,WPS项目管理企业版需求聚类分析.md,enterprise-02533,大沙发舒服点,123,无,无,,,,,,,,
enterprise,WPS项目管理企业版需求聚类分析.md,enterprise-02534,贵州习酒销售有限责任公司,企业任务管理,生产与制造管理,车间任务管理,,,,,,,,
enterprise,WPS项目管理企业版需求聚类分析.md,enterprise-02535,Lan xiong的企业,项目重要节点信息及时透明，项目立项、招标、合同、竣工结算、资金支付等重要节点审批程序合规,协同办公与流程审批,审批流程管理,,,,,,,,
enterprise,WPS项目管理企业版需求聚类分析.md,enterprise-02536,艾瑞数信,1,无,无,,,,,,,,
enterprise,WPS项目管理企业版需求聚类分析.md,enterprise-02537,橙子团队,我们是广告行业，户外LED大屏媒体发布业务为主。成本是媒体建设和维护，回佣提成，日常经营费用为主。收入是客户发布订单为主。需求是收入以订单为核心，管理应收账款。成本是以合同为核心管理应付账款。发布流程需要以刊播明细和要求为主的业务流程。,财务、合同与结算,收付款与回款管理,,,,,,,,
enterprise,WPS项目管理企业版需求聚类分析.md,enterprise-02538,金山环保集团有限公司,工程项目安装跟踪,项目与任务管理,项目进度跟踪,,,,,,,,
enterprise,WPS项目管理企业版需求聚类分析.md,enterprise-02539,麦田的企业,项目建设计划管理,工程与施工管理,工程进度管理,,,,,,,,
enterprise,WPS项目管理企业版需求聚类分析.md,enterprise-02540,凯诚担业务部,项目台账， 需要到期前1个月自动提醒,协同办公与流程审批,待办与提醒管理,,,,,,,,
enterprise,WPS项目管理企业版需求聚类分析.md,enterprise-02541,天水市经济发展投融资(集团)有限公司,部门工作安排和进展跟踪,项目与任务管理,项目进度跟踪,,,,,,,,
enterprise,WPS项目管理企业版需求聚类分析.md,enterprise-02542,碧海潮生的企业,系统集成项目管理,项目与任务管理,多项目组合管理,,,,,,,,
enterprise,WPS项目管理企业版需求聚类分析.md,enterprise-02543,中国联合水泥集团有限公司,建筑项目管理,工程与施工管理,基建与市政项目管理,,,,,,,,
enterprise,WPS项目管理企业版需求聚类分析.md,enterprise-02544,Hauru团队,管理小程序运维需求进度,服务、工单与运维,安装与实施交付,,,,,,,,
enterprise,WPS项目管理企业版需求聚类分析.md,enterprise-02545,萌鲸英语,多人协作守成几项任务，想看到每个任务完成的情况，以及追踪安排等,项目与任务管理,任务分配与协同,,,,,,,,
enterprise,WPS项目管理企业版需求聚类分析.md,enterprise-02546,融点财(杭州)网络科技有限公司,主要用于业务流程和审批，以及客户群聊功能，通过智能表单的方式，员工提交客户信息,协同办公与流程审批,审批流程管理,,,,,,,,
enterprise,WPS项目管理企业版需求聚类分析.md,enterprise-02547,烟草只是用来掩饰疼痛1384568630的企业,表格合并,协同办公与流程审批,协同办公,,,,,,,,
enterprise,WPS项目管理企业版需求聚类分析.md,enterprise-02548,武汉众恒星广告有限公司,餐饮订单,客户、销售与订单,订单管理,,,,,,,,
enterprise,WPS项目管理企业版需求聚类分析.md,enterprise-02549,时来运转的企业,vu与原来的,无,无,,,,,,,,
enterprise,WPS项目管理企业版需求聚类分析.md,enterprise-02550,深圳市赛格集团有限公司,信息系统实施管理,人力与组织管理,员工信息管理,,,,,,,,
enterprise,WPS项目管理企业版需求聚类分析.md,enterprise-02551,私人网盘,弱电项目,服务、工单与运维,故障与异常处理,,,,,,,,
enterprise,WPS项目管理企业版需求聚类分析.md,enterprise-02552,嘉兴市昊能科技股份有限公司,设备管理系统,服务、工单与运维,巡检管理,,,,,,,,
enterprise,WPS项目管理企业版需求聚类分析.md,enterprise-02553,金山办公培训演示公司,IT项目管理,项目与任务管理,项目台账管理,,,,,,,,
enterprise,WPS项目管理企业版需求聚类分析.md,enterprise-02554,绿禾物业,物业公司行政人事采购流程,协同办公与流程审批,行政事务管理,,,,,,,,
enterprise,WPS项目管理企业版需求聚类分析.md,enterprise-02555,哈尔滨博兴印务有限公司,进销存,无,无,,,,,,,,
enterprise,WPS项目管理企业版需求聚类分析.md,enterprise-02556,湖南星普电气科技有限公司,电子产品研发项目管理流程,研发与产品管理,研发项目管理,,,,,,,,
enterprise,WPS项目管理企业版需求聚类分析.md,enterprise-02557,上海密阳通信科技有限公司设计部,手机信号覆盖工程施工项目，有三个部门组成。,工程与施工管理,施工现场管理,,,,,,,,
enterprise,WPS项目管理企业版需求聚类分析.md,enterprise-02558,,1、商务部 2、设计部 3、交付部,,,,,,,,,,
enterprise,WPS项目管理企业版需求聚类分析.md,enterprise-02559,,商务部负责前期对接业主、项目基础信息等,,,,,,,,,,
enterprise,WPS项目管理企业版需求聚类分析.md,enterprise-02560,,设计部负责查勘现场、出设计图、设计会审、出施工图等,,,,,,,,,,
enterprise,WPS项目管理企业版需求聚类分析.md,enterprise-02561,,交付部负责现场施工问题,,,,,,,,,,
enterprise,WPS项目管理企业版需求聚类分析.md,enterprise-02562,我是刘大大的企业,会议纪要,协同办公与流程审批,会议与纪要管理,,,,,,,,
enterprise,WPS项目管理企业版需求聚类分析.md,enterprise-02563,苏南瑞丽航空有限公司,苏南瑞丽航空全货机引进项目,生产与制造管理,生产交付协同,,,,,,,,
enterprise,WPS项目管理企业版需求聚类分析.md,enterprise-02564,A的企业,账目,无,无,,,,,,,,
enterprise,WPS项目管理企业版需求聚类分析.md,enterprise-02565,吴嘉冬的企业,制作业项目进度跟踪,项目与任务管理,项目进度跟踪,,,,,,,,
enterprise,WPS项目管理企业版需求聚类分析.md,enterprise-02566,江苏省水利厅,设计一个网站，专门监测水文数据，并实时动态显示设备状态。前端：用 React + TypeScript + Vite,项目与任务管理,甘特图与排期可视化,,,,,,,,
enterprise,WPS项目管理企业版需求聚类分析.md,enterprise-02567,,后端：Rust（Actix-web/Rocket/Axum） + PostgreSQL,,,,,,,,,,
enterprise,WPS项目管理企业版需求聚类分析.md,enterprise-02568,,移动端：Rust（通过 FFI 或 Tauri） + React Native,,,,,,,,,,
enterprise,WPS项目管理企业版需求聚类分析.md,enterprise-02569,武子的企业,一键预算,财务、合同与结算,预算管理,,,,,,,,
enterprise,WPS项目管理企业版需求聚类分析.md,enterprise-02570,李生企业,项目全流程管理,项目与任务管理,项目计划管理,,,,,,,,
enterprise,WPS项目管理企业版需求聚类分析.md,enterprise-02571,马氏,1、我要输出甘特图2、我要客户及利益相关方的关系图,项目与任务管理,甘特图与排期可视化,,,,,,,,
enterprise,WPS项目管理企业版需求聚类分析.md,enterprise-02572,杭州中衡包装机械有限公司,售后配件进度跟踪,服务、工单与运维,售后服务管理,,,,,,,,
enterprise,WPS项目管理企业版需求聚类分析.md,enterprise-02573,黑子的企业,跟踪,无,无,,,,,,,,
enterprise,WPS项目管理企业版需求聚类分析.md,enterprise-02574,中国国际海运集装箱(集团)股份有限公司,WPS迁移项目,无,无,,,,,,,,
enterprise,WPS项目管理企业版需求聚类分析.md,enterprise-02575,河南印大侠软件科技有限公司,2,无,无,,,,,,,,
enterprise,WPS项目管理企业版需求聚类分析.md,enterprise-02576,晟金通资料,建筑装修类管理模版,工程与施工管理,装修装饰项目管理,,,,,,,,
enterprise,WPS项目管理企业版需求聚类分析.md,enterprise-02577,雅安市内四科,提示管理能力，协调人员，更合理分配任务及监督完成情况,人力与组织管理,绩效与提成管理,,,,,,,,
enterprise,WPS项目管理企业版需求聚类分析.md,enterprise-02578,昆山盈盛鑫航空新材料有限公司,111,无,无,,,,,,,,
enterprise,WPS项目管理企业版需求聚类分析.md,enterprise-02579,周口庄吉服装有限公司,生产进度,生产与制造管理,制造进度跟踪,,,,,,,,
enterprise,WPS项目管理企业版需求聚类分析.md,enterprise-02580,娴儿的企业,配网管理,服务、工单与运维,客服工单管理,,,,,,,,
enterprise,WPS项目管理企业版需求聚类分析.md,enterprise-02581,叶明明的企业,销售-交付-运维-售后,服务、工单与运维,售后服务管理,,,,,,,,
enterprise,WPS项目管理企业版需求聚类分析.md,enterprise-02582,中国民用航空局空中交通管理局,项目管理甘特图，多人线上协作,项目与任务管理,甘特图与排期可视化,,,,,,,,
enterprise,WPS项目管理企业版需求聚类分析.md,enterprise-02583,万科冰雪事业部,日历及任务督办,项目与任务管理,里程碑管理,,,,,,,,
enterprise,WPS项目管理企业版需求聚类分析.md,enterprise-02584,SINCHEY,任务管理中心,服务、工单与运维,维保管理,,,,,,,,
enterprise,WPS项目管理企业版需求聚类分析.md,enterprise-02585,陕西海森伯格分析测试有限公司,业务流程，项目管理,研发与产品管理,研发项目管理,,,,,,,,
enterprise,WPS项目管理企业版需求聚类分析.md,enterprise-02586,广州市良辰美景国际旅行社有限公司,合同,财务、合同与结算,合同与招投标管理,,,,,,,,
enterprise,WPS项目管理企业版需求聚类分析.md,enterprise-02587,四川镇铭企业管理咨询有限公司,5,无,无,,,,,,,,
enterprise,WPS项目管理企业版需求聚类分析.md,enterprise-02588,江西斯灏派网络科技有限公司,4r,无,无,,,,,,,,
enterprise,WPS项目管理企业版需求聚类分析.md,enterprise-02589,江西斯灏派网络科技有限公司,团队项目管理，我们是负责外卖配送管理、站长管理日常维度事务繁多,项目与任务管理,任务分配与协同,,,,,,,,
enterprise,WPS项目管理企业版需求聚类分析.md,enterprise-02590,珠海港兴管道天然气有限公司,多个相同流程项目的全周期管理,项目与任务管理,多项目组合管理,,,,,,,,
enterprise,WPS项目管理企业版需求聚类分析.md,enterprise-02591,河北顺欧丝网制品有限公司,材料的生产用料后期对账用,生产与制造管理,生产交付协同,,,,,,,,
enterprise,WPS项目管理企业版需求聚类分析.md,enterprise-02592,北京北广科技股份有限公司,项目进度管理,项目与任务管理,项目进度跟踪,,,,,,,,
enterprise,WPS项目管理企业版需求聚类分析.md,enterprise-02593,姚瑞的企业,进度,无,无,,,,,,,,
enterprise,WPS项目管理企业版需求聚类分析.md,enterprise-02594,浙江新柴股份有限公司,项目进度任务分解,项目与任务管理,项目进度跟踪,,,,,,,,
enterprise,WPS项目管理企业版需求聚类分析.md,enterprise-02595,南宁市江南区水利局,项目太多，项目过程任务多信息多跟踪需要细化管理,项目与任务管理,多项目组合管理,,,,,,,,
enterprise,WPS项目管理企业版需求聚类分析.md,enterprise-02596,JD军团交付部门,根据项目详细列出任务拆解每个任务可选择费用、投入工时、产出等选项,项目与任务管理,任务分配与协同,,,,,,,,
enterprise,WPS项目管理企业版需求聚类分析.md,enterprise-02597,贵州省公路开发公司平罗项目办,工程建设进度计划编制,工程与施工管理,工程进度管理,,,,,,,,
enterprise,WPS项目管理企业版需求聚类分析.md,enterprise-02598,大太阳的企业,半导体清洗设备制造厂商,生产与制造管理,非标制造管理,,,,,,,,
enterprise,WPS项目管理企业版需求聚类分析.md,enterprise-02599,招商蛇口-WPSAI试用,项目总进度计划,项目与任务管理,项目计划管理,,,,,,,,
enterprise,WPS项目管理企业版需求聚类分析.md,enterprise-02600,没有诗歌只剩田野^W^的企业,项目完成，项目节点,项目与任务管理,里程碑管理,,,,,,,,
enterprise,WPS项目管理企业版需求聚类分析.md,enterprise-02601,四川南方国际石油天然气服务有限公司,1,无,无,,,,,,,,
enterprise,WPS项目管理企业版需求聚类分析.md,enterprise-02602,会员中心,会员信息登记、礼品出入库与发放明细登记、会员与活动接待明细统计,协同办公与流程审批,台账与登记管理,,,,,,,,
enterprise,WPS项目管理企业版需求聚类分析.md,enterprise-02603,项目管理学,.,无,无,,,,,,,,
enterprise,WPS项目管理企业版需求聚类分析.md,enterprise-02604,存在!矛盾!体系!的企业,自媒体,无,无,,,,,,,,
enterprise,WPS项目管理企业版需求聚类分析.md,enterprise-02605,略的企业,商户信息审批工单流程,协同办公与流程审批,审批流程管理,,,,,,,,
enterprise,WPS项目管理企业版需求聚类分析.md,enterprise-02606,111222,1,无,无,,,,,,,,
enterprise,WPS项目管理企业版需求聚类分析.md,enterprise-02607,菁领信用,带有审批流程的金融咨询服务,协同办公与流程审批,审批流程管理,,,,,,,,
enterprise,WPS项目管理企业版需求聚类分析.md,enterprise-02608,南方医科大学第三附属医院,多项目管理，考虑项目工作分解，关联关系等,项目与任务管理,多项目组合管理,,,,,,,,
enterprise,WPS项目管理企业版需求聚类分析.md,enterprise-02609,珐琅工作室,人员管理,人力与组织管理,考勤管理,,,,,,,,
enterprise,WPS项目管理企业版需求聚类分析.md,enterprise-02610,北京燃气集团（天津）液化天然气有限公司,项目管理,项目与任务管理,项目台账管理,,,,,,,,
enterprise,WPS项目管理企业版需求聚类分析.md,enterprise-02611,墨御矩阵实验室,开发项目规划,研发与产品管理,研发项目管理,,,,,,,,
enterprise,WPS项目管理企业版需求聚类分析.md,enterprise-02612,鲁聊科技,1,无,无,,,,,,,,
enterprise,WPS项目管理企业版需求聚类分析.md,enterprise-02613,深圳市深美林房地产土地资产评估有限公司,我们是一家专业做资产评估公司，主要涉及基础法、收益法、结果报告、技术报告这几个模块，可以我这边上传相应的表格帮我生成模板吗？,研发与产品管理,技术文档管理,,,,,,,,
enterprise,WPS项目管理企业版需求聚类分析.md,enterprise-02614,李世烜的企业,暂无,无,无,,,,,,,,
enterprise,WPS项目管理企业版需求聚类分析.md,enterprise-02615,༺ༀ༒林中白狼༒ༀ༻的企业,项目管理,项目与任务管理,项目台账管理,,,,,,,,
enterprise,WPS项目管理企业版需求聚类分析.md,enterprise-02616,WPS_1658239377的企业,酒吧管理制度,客户、销售与订单,电商与门店运营,,,,,,,,
enterprise,WPS项目管理企业版需求聚类分析.md,enterprise-02617,湾钛temu,电商运营管理,客户、销售与订单,电商与门店运营,,,,,,,,
enterprise,WPS项目管理企业版需求聚类分析.md,enterprise-02618,洛阳敏捷会计服务有限公司,合同自动续签,财务、合同与结算,合同与招投标管理,,,,,,,,
enterprise,WPS项目管理企业版需求聚类分析.md,enterprise-02619,EBEN电商,我想把项目所涉及的各供应商的品牌、商品及营销资料记录下来，也想把销售情况统计记录。还想把销售网点信息记录。做成一个小型系统。,客户、销售与订单,客户信息管理,,,,,,,,
enterprise,WPS项目管理企业版需求聚类分析.md,enterprise-02620,,方便随时查看,,,,,,,,,,
enterprise,WPS项目管理企业版需求聚类分析.md,enterprise-02621,中恒昊天(北京)建设有限公司,项目合同金额，开票金额，收款金额，应收金额，对下合同金额，开票金额，付款金额，应付金额，所有出入账明细，发票明细，,财务、合同与结算,发票与结算管理,,,,,,,,
enterprise,WPS项目管理企业版需求聚类分析.md,enterprise-02622,上海氢氦软件有限公司,管理公司的项目进度以及监控完成过程,项目与任务管理,项目进度跟踪,,,,,,,,
enterprise,WPS项目管理企业版需求聚类分析.md,enterprise-02623,没有网名的企业,出库,无,无,,,,,,,,
enterprise,WPS项目管理企业版需求聚类分析.md,enterprise-02624,没有网名的企业,库管一系列流程方案,生产与制造管理,装配与调试管理,,,,,,,,
enterprise,WPS项目管理企业版需求聚类分析.md,enterprise-02625,广东省康网星科技有限公司,投标报名制作标书检查标书开标场景、电商过单下单送货报账全流程场景,协同办公与流程审批,台账与登记管理,,,,,,,,
enterprise,WPS项目管理企业版需求聚类分析.md,enterprise-02626,阿诺的企业,积木玩具年底总结及来年计划,无,无,,,,,,,,
enterprise,WPS项目管理企业版需求聚类分析.md,enterprise-02627,烽坤科技,项目管理,项目与任务管理,项目台账管理,,,,,,,,
enterprise,WPS项目管理企业版需求聚类分析.md,enterprise-02628,Cai的企业,总部基地办公楼装修项目,工程与施工管理,装修装饰项目管理,,,,,,,,
enterprise,WPS项目管理企业版需求聚类分析.md,enterprise-02629,上海艾西米科技发展有限公司,项目跟进，年审提醒管理,项目与任务管理,项目复盘与总结,,,,,,,,
enterprise,WPS项目管理企业版需求聚类分析.md,enterprise-02630,m的企业,不同产品采购进度实时展现,供应链与仓储物流,库存管理,,,,,,,,
enterprise,WPS项目管理企业版需求聚类分析.md,enterprise-02631,bjbz,gui,无,无,,,,,,,,
enterprise,WPS项目管理企业版需求聚类分析.md,enterprise-02632,鸡泽县张军的食品百货门市,收付工程款,工程与施工管理,工程结算管理,,,,,,,,
enterprise,WPS项目管理企业版需求聚类分析.md,enterprise-02633,常德卓润置业有限责任公司,建筑工程项目多人协同办公,协同办公与流程审批,协同办公,,,,,,,,
enterprise,WPS项目管理企业版需求聚类分析.md,enterprise-02634,屈原项目,项目进度控制,项目与任务管理,项目进度跟踪,,,,,,,,
enterprise,WPS项目管理企业版需求聚类分析.md,enterprise-02635,智合平台,asdf,无,无,,,,,,,,
enterprise,WPS项目管理企业版需求聚类分析.md,enterprise-02636,athrun的企业,IT项目管理,项目与任务管理,项目台账管理,,,,,,,,
enterprise,WPS项目管理企业版需求聚类分析.md,enterprise-02637,际华三五一三实业有限公司,管理项目，并进行项目进度的监控管理，多人协作，共享办公,项目与任务管理,项目进度跟踪,,,,,,,,
enterprise,WPS项目管理企业版需求聚类分析.md,enterprise-02638,广州禾泽易安企业管理有限公司,用于对项目成本、收益、推进进度的监控和可行性评估,数据分析与经营看板,可视化看板,,,,,,,,
enterprise,WPS项目管理企业版需求聚类分析.md,enterprise-02639,中国医药保健品有限公司,多业务线索跟进,客户、销售与订单,客户跟进管理,,,,,,,,
enterprise,WPS项目管理企业版需求聚类分析.md,enterprise-02640,黄仕玺的企业,物业公司和保安公司项目管理全流程及制度,质量、安全与合规,风险管理,,,,,,,,
enterprise,WPS项目管理企业版需求聚类分析.md,enterprise-02641,中国科学技术大学,我需要管理多个项目的试产验证进度情况；试产验证会有多轮，我希望了解每一轮的开始、结束；需要开始和结束时能提醒一下我；,研发与产品管理,研发阶段管理,,,,,,,,
enterprise,WPS项目管理企业版需求聚类分析.md,enterprise-02642,城乡建设局,工程项目流程管理,工程与施工管理,工程进度管理,,,,,,,,
enterprise,WPS项目管理企业版需求聚类分析.md,enterprise-02643,汕头高速公路,高速公路监控中心,数据分析与经营看板,可视化看板,,,,,,,,
enterprise,WPS项目管理企业版需求聚类分析.md,enterprise-02644,湖北篷客规划设计有限公司,文旅工程管理,工程与施工管理,工程清单与签证管理,,,,,,,,
enterprise,WPS项目管理企业版需求聚类分析.md,enterprise-02645,嘉兴市南湖区红正老兵服务中心,项目实施全过程,项目与任务管理,项目计划管理,,,,,,,,
enterprise,WPS项目管理企业版需求聚类分析.md,enterprise-02646,中交第二公路勘察设计研究院有限公司,项目进度管理,项目与任务管理,项目进度跟踪,,,,,,,,
enterprise,WPS项目管理企业版需求聚类分析.md,enterprise-02647,自然的企业,每日问题记录，工作交接,服务、工单与运维,客服工单管理,,,,,,,,
enterprise,WPS项目管理企业版需求聚类分析.md,enterprise-02648,生活如此的企业,组织架构,人力与组织管理,组织与岗位管理,,,,,,,,
enterprise,WPS项目管理企业版需求聚类分析.md,enterprise-02649,大连辰煜信息技术有限公司,敏捷开发,研发与产品管理,研发项目管理,,,,,,,,
enterprise,WPS项目管理企业版需求聚类分析.md,enterprise-02650,南昌市婧麒服饰有限公司,婴童产品开发师，以年度、季度、月度、周、日做好规格，以表格形式呈现,生产与制造管理,生产计划管理,,,,,,,,
enterprise,WPS项目管理企业版需求聚类分析.md,enterprise-02651,小谢的企业啊,我想生成一个项目管理模板,项目与任务管理,项目台账管理,,,,,,,,
enterprise,WPS项目管理企业版需求聚类分析.md,enterprise-02652,程前的企业,项目进度,项目与任务管理,项目进度跟踪,,,,,,,,
enterprise,WPS项目管理企业版需求聚类分析.md,enterprise-02653,拓网销售部,亚马逊电商运营每日每周每月固定日期必做事项,客户、销售与订单,电商与门店运营,,,,,,,,
enterprise,WPS项目管理企业版需求聚类分析.md,enterprise-02654,海南钧城煜管理有限责任公司,员工KPI考核,数据分析与经营看板,绩效与工作量分析,,,,,,,,
enterprise,WPS项目管理企业版需求聚类分析.md,enterprise-02655,郭艳的企业,降低心内科住院患者使用安典酮外渗发生率,无,无,,,,,,,,
enterprise,WPS项目管理企业版需求聚类分析.md,enterprise-02656,重庆广电数字传媒股份有限公司,研发项目管理，包含项目进度管理，研发人员工时管理，打卡管理等,研发与产品管理,研发项目管理,,,,,,,,
enterprise,WPS项目管理企业版需求聚类分析.md,enterprise-02657,宜宾殷文龙,mysql调用,无,无,,,,,,,,
enterprise,WPS项目管理企业版需求聚类分析.md,enterprise-02658,CGEC,工程咨询项目,研发与产品管理,设计评审管理,,,,,,,,
enterprise,WPS项目管理企业版需求聚类分析.md,enterprise-02659,Mr 彭的团队,主要描述了“铁三角”运营模式，涉及到营销经理、方案经理和交付经理三个角色。文件详细说明了这三个角色的职责，还有项目从线索收集到最终交付的全流程管理。,项目与任务管理,里程碑管理,,,,,,,,
enterprise,WPS项目管理企业版需求聚类分析.md,enterprise-02660,,用户想要一个项目计划表格式，我需要从文件中提取相关信息来设计这个表格。这个表格应该能够反映项目从开始到结束的完整过程，包括各个阶段、负责人、关键任务和所需表单等,,,,,,,,,,
enterprise,WPS项目管理企业版需求聚类分析.md,enterprise-02661,标物检测部,管理小型质控样品研发项目若干，要求立项后做好各阶段时间任务管理,研发与产品管理,打样与试制管理,,,,,,,,
enterprise,WPS项目管理企业版需求聚类分析.md,enterprise-02662,Qise Eco Lifestyle,今日工厂内两栋旧宿舍楼的楼顶准备加装太阳能板。针对这个工程的施工和验收，,工程与施工管理,装修装饰项目管理,,,,,,,,
enterprise,WPS项目管理企业版需求聚类分析.md,enterprise-02663,辅助施工,软件产品开发,研发与产品管理,产品开发管理,,,,,,,,
enterprise,WPS项目管理企业版需求聚类分析.md,enterprise-02664,辽宁雨泽网络科技有限公司,1,无,无,,,,,,,,
enterprise,WPS项目管理企业版需求聚类分析.md,enterprise-02665,何斌的企业,变电所运维,无,无,,,,,,,,
enterprise,WPS项目管理企业版需求聚类分析.md,enterprise-02666,成都华赞美建设有限公司,工程项目管理,工程与施工管理,工程进度管理,,,,,,,,
enterprise,WPS项目管理企业版需求聚类分析.md,enterprise-02667,Care。的企业,我是在湖北武汉做两季产品批发及线上个平台电商零售，线下我们的产品主要针对于，五金建材，卫浴日杂灯饰用户，现在新增正野品牌电风扇，帮我做一个项目营销的规划，及业务增长的一个方案,客户、销售与订单,电商与门店运营,,,,,,,,
enterprise,WPS项目管理企业版需求聚类分析.md,enterprise-02668,昆山毅润机械设备有限公司,0,无,无,,,,,,,,
enterprise,WPS项目管理企业版需求聚类分析.md,enterprise-02669,生意宝验证,666,无,无,,,,,,,,
enterprise,WPS项目管理企业版需求聚类分析.md,enterprise-02670,江西省桂能综合设计研究院有限公司,公司项目管理表，和项目人员安排表，项目进度表,项目与任务管理,项目进度跟踪,,,,,,,,
enterprise,WPS项目管理企业版需求聚类分析.md,enterprise-02671,WPS_1642584875的企业,软件开发项目,研发与产品管理,研发项目管理,,,,,,,,
enterprise,WPS项目管理企业版需求聚类分析.md,enterprise-02672,中启分销部,客户下单，打款后，财务审批，采购审批,协同办公与流程审批,审批流程管理,,,,,,,,
enterprise,WPS项目管理企业版需求聚类分析.md,enterprise-02673,Remember   me的企业,我想做一个全年的工作计划，可以穿插子任务的,项目与任务管理,项目计划管理,,,,,,,,
enterprise,WPS项目管理企业版需求聚类分析.md,enterprise-02674,熊猫栩栩,信息化项目管理,项目与任务管理,项目台账管理,,,,,,,,
enterprise,WPS项目管理企业版需求聚类分析.md,enterprise-02675,Viskou-Jiangyan的企业,cctv，系统集成项目管理,项目与任务管理,多项目组合管理,,,,,,,,
enterprise,WPS项目管理企业版需求聚类分析.md,enterprise-02676,兰山区国文手机店,手机连锁店任务达成进度分析,数据分析与经营看板,多维分析,,,,,,,,
enterprise,WPS项目管理企业版需求聚类分析.md,enterprise-02677,高测精密,计划表,项目与任务管理,项目计划管理,,,,,,,,
enterprise,WPS项目管理企业版需求聚类分析.md,enterprise-02678,team77,流程、工具,生产与制造管理,装配与调试管理,,,,,,,,
enterprise,WPS项目管理企业版需求聚类分析.md,enterprise-02679,_pan的企业,111,无,无,,,,,,,,
enterprise,WPS项目管理企业版需求聚类分析.md,enterprise-02680,海开控股,室内设计管理,工程与施工管理,装修装饰项目管理,,,,,,,,
enterprise,WPS项目管理企业版需求聚类分析.md,enterprise-02681,陈博的企业,帮我个人公司成长，记录经验教训,人力与组织管理,培训与人才发展管理,,,,,,,,
enterprise,WPS项目管理企业版需求聚类分析.md,enterprise-02682,江苏吉睿芯工程技术有限公司,项目从投标到采购到财务一体化管理,财务、合同与结算,合同与招投标管理,,,,,,,,
enterprise,WPS项目管理企业版需求聚类分析.md,enterprise-02683,广东嘉拓自动化技术有限公司,交期表格按需求交货优先级汇总交期,供应链与仓储物流,到货与交期管理,,,,,,,,
enterprise,WPS项目管理企业版需求聚类分析.md,enterprise-02684,tututu的企业,宏泰公司是重生九龙坡区从事光伏项目投资及运营的公司，现在根据公司领导安排，需要搭建一个表格，可以从项目立项（填写信息：到哪一次总办会，董事会，股东会审议通过）-签订合作协议（与电量消纳单位，有合作期限，电价等信息）-投资决策（填写信息：哪一次总办会，董事会，股东会）-招标（招标起止时间节点，限价，装机）-合同签订（单位信息，合同签约时间，签约价格）-建设（包括EPC建设过程，节点验收，竣工验收）-预转固-保险购置-工程结算-资料归档（质保期信息）-财务决算（时间，金额等）的全流程信息，按周期更新，便于公司领导随时掌握项目信息，作为工程技术经济部负责人，完成表格设计。,工程与施工管理,分包与班组管理,,,,,,,,
enterprise,WPS项目管理企业版需求聚类分析.md,enterprise-02685,Love  the  oath的企业,滇中引水工程台账管理,工程与施工管理,工程结算管理,,,,,,,,
enterprise,WPS项目管理企业版需求聚类分析.md,enterprise-02686,夜雨飘雪的企业,通信工程项目管理，光缆设备完成比例，预算,工程与施工管理,工程结算管理,,,,,,,,
enterprise,WPS项目管理企业版需求聚类分析.md,enterprise-02687,工作账号,项目分类分步骤管理,项目与任务管理,项目台账管理,,,,,,,,
enterprise,WPS项目管理企业版需求聚类分析.md,enterprise-02688,brodyh,l,无,无,,,,,,,,
enterprise,WPS项目管理企业版需求聚类分析.md,enterprise-02689,自有支付阿米巴,自有支付份额提升攻坚项目,人力与组织管理,薪酬与社保管理,,,,,,,,
enterprise,WPS项目管理企业版需求聚类分析.md,enterprise-02690,杭州品联科技有限公司,重卡超充项目研发，测试，产品项目管理,研发与产品管理,研发阶段管理,,,,,,,,
enterprise,WPS项目管理企业版需求聚类分析.md,enterprise-02691,奔跑的羊的企业,暂无,无,无,,,,,,,,
enterprise,WPS项目管理企业版需求聚类分析.md,enterprise-02692,James的企业,生成一份甲级写字楼机电工程安装进度计划,工程与施工管理,工程进度管理,,,,,,,,
enterprise,WPS项目管理企业版需求聚类分析.md,enterprise-02693,茶客 的企业,新野县,无,无,,,,,,,,
enterprise,WPS项目管理企业版需求聚类分析.md,enterprise-02694,小七很忙的企业,我需要记录每个业务的询盘数据，业务合同以及每月的销售总额,财务、合同与结算,利润与经营分析,,,,,,,,
enterprise,WPS项目管理企业版需求聚类分析.md,enterprise-02695,北京市怀柔区统计局,就是画个流程图,项目与任务管理,甘特图与排期可视化,,,,,,,,
enterprise,WPS项目管理企业版需求聚类分析.md,enterprise-02696,苏州史克塞斯模具科技有限公司,模具生产 注塑生产,生产与制造管理,生产交付协同,,,,,,,,
enterprise,WPS项目管理企业版需求聚类分析.md,enterprise-02697,河北汇诚致远消防科技有限公司,无,无,无,,,,,,,,
enterprise,WPS项目管理企业版需求聚类分析.md,enterprise-02698,小雨的企业,客户管理,客户、销售与订单,客户信息管理,,,,,,,,
enterprise,WPS项目管理企业版需求聚类分析.md,enterprise-02699,DEREK.木平的企业,工程项目管理,工程与施工管理,工程进度管理,,,,,,,,
enterprise,WPS项目管理企业版需求聚类分析.md,enterprise-02700,南昌鑫泓林电子商务有限公司,员工每日工作流程以及流程情况,人力与组织管理,工时与人员负荷管理,,,,,,,,
enterprise,WPS项目管理企业版需求聚类分析.md,enterprise-02701,希恩智能技术（山东）有限公司,自动化生产设备研发项目管理,生产与制造管理,非标制造管理,,,,,,,,
enterprise,WPS项目管理企业版需求聚类分析.md,enterprise-02702,能力有限公司,工程项目管理,工程与施工管理,工程进度管理,,,,,,,,
enterprise,WPS项目管理企业版需求聚类分析.md,enterprise-02703,斯的企业,项目管理,项目与任务管理,项目台账管理,,,,,,,,
enterprise,WPS项目管理企业版需求聚类分析.md,enterprise-02704,北京市海淀区卫生健康系统,项目进度月报和经费进度管理,项目与任务管理,项目进度跟踪,,,,,,,,
enterprise,WPS项目管理企业版需求聚类分析.md,enterprise-02705,人才公园环境任务清单,任务清单,项目与任务管理,任务分配与协同,,,,,,,,
enterprise,WPS项目管理企业版需求聚类分析.md,enterprise-02706,蒙自市新安所街道中心卫生院—医务科,无,无,无,,,,,,,,
enterprise,WPS项目管理企业版需求聚类分析.md,enterprise-02707,rangjian的企业,标准的项目管理，信息共享，进度查看，权限分配，任务追办、人员工时等， 移动端：里程碑节点展示、甘特图、任务进度看板、核心字段显示等；任务处理、快速审批。,项目与任务管理,甘特图与排期可视化,,,,,,,,
enterprise,WPS项目管理企业版需求聚类分析.md,enterprise-02708,芙蓉新余律师事务所,案件的管理，从工伤认定到劳动能力鉴定到仲裁到一审到二审到结算服务费,财务、合同与结算,应收应付管理,,,,,,,,
enterprise,WPS项目管理企业版需求聚类分析.md,enterprise-02709,沈阳铁路信号有限责任公司,项目进度,项目与任务管理,项目进度跟踪,,,,,,,,
enterprise,WPS项目管理企业版需求聚类分析.md,enterprise-02710,方文林的企业,现场发现问题附上原因和照片，然后发给相关人员进行整改，返照片描述，然后我这边在审核是否整改完成,质量、安全与合规,整改闭环管理,,,,,,,,
enterprise,WPS项目管理企业版需求聚类分析.md,enterprise-02711,鑫瑞景装饰,装修公司成本及预算系统,财务、合同与结算,成本核算管理,,,,,,,,
enterprise,WPS项目管理企业版需求聚类分析.md,enterprise-02712,镇江市第三人民医院,医院内部项目管理,项目与任务管理,项目台账管理,,,,,,,,
enterprise,WPS项目管理企业版需求聚类分析.md,enterprise-02713,郑州市上街实验学校,月考核,生产与制造管理,生产计划管理,,,,,,,,
enterprise,WPS项目管理企业版需求聚类分析.md,enterprise-02714,信息化李旸的企业,项目进度、风险、问题管理,项目与任务管理,项目进度跟踪,,,,,,,,
enterprise,WPS项目管理企业版需求聚类分析.md,enterprise-02715,保定洁缦佳纺织有限公司,表格,无,无,,,,,,,,
enterprise,WPS项目管理企业版需求聚类分析.md,enterprise-02716,大激梨 - Jerry的企业,1,无,无,,,,,,,,
enterprise,WPS项目管理企业版需求聚类分析.md,enterprise-02717,( ゚́ω゚`)的企业,所有人员的每日任务完成情况，各自填报汇总,人力与组织管理,工时与人员负荷管理,,,,,,,,
enterprise,WPS项目管理企业版需求聚类分析.md,enterprise-02718,山南水北的企业,多项目流程管理,项目与任务管理,多项目组合管理,,,,,,,,
enterprise,WPS项目管理企业版需求聚类分析.md,enterprise-02719,叶半城微凉,项目任务分配，单个项目分配给多人，需要体现分配给编写人员、审核人员、项目名称、预算、项目商务负责人、是否为公司项目、是否存在竞争关系,项目与任务管理,任务分配与协同,,,,,,,,
enterprise,WPS项目管理企业版需求聚类分析.md,enterprise-02720,王进的企业,保安公司业务,服务、工单与运维,维保管理,,,,,,,,
enterprise,WPS项目管理企业版需求聚类分析.md,enterprise-02721,郑州大学第三附属医院【河南省妇幼保健院】,甘特图,项目与任务管理,甘特图与排期可视化,,,,,,,,
enterprise,WPS项目管理企业版需求聚类分析.md,enterprise-02722,电信-电子运维,软件开发项目,研发与产品管理,研发项目管理,,,,,,,,
enterprise,WPS项目管理企业版需求聚类分析.md,enterprise-02723,深圳市六诚电子商务有限公司,生产管理,生产与制造管理,排产管理,,,,,,,,
enterprise,WPS项目管理企业版需求聚类分析.md,enterprise-02724,煤炭事业部人力资源部,人力资源工作任务分配，进度追踪，完成工作统计,人力与组织管理,工时与人员负荷管理,,,,,,,,
enterprise,WPS项目管理企业版需求聚类分析.md,enterprise-02725,CallMrZhang的企业,项目进度管理,项目与任务管理,项目进度跟踪,,,,,,,,
enterprise,WPS项目管理企业版需求聚类分析.md,enterprise-02726,J吉的企业,想体验,无,无,,,,,,,,
enterprise,WPS项目管理企业版需求聚类分析.md,enterprise-02727,刘清茂的企业,销售和同与采购合同的关联,客户、销售与订单,商机与销售过程管理,,,,,,,,
enterprise,WPS项目管理企业版需求聚类分析.md,enterprise-02728,呼图壁县发展和改革委员会,县级发改委统计调度县域内水利、农业、城建、能源、文旅等领域的项目，多为需要招投标的项目。需要日常掌握项目前期手续进展情况，以及项目开复工后的施工情况,工程与施工管理,工程进度管理,,,,,,,,
enterprise,WPS项目管理企业版需求聚类分析.md,enterprise-02729,张飞元的企业,医学检验科，人、机、料、法、环、测各个环节的管理,服务、工单与运维,巡检管理,,,,,,,,
enterprise,WPS项目管理企业版需求聚类分析.md,enterprise-02730,武浩辰的企业,项目进度,项目与任务管理,项目进度跟踪,,,,,,,,
enterprise,WPS项目管理企业版需求聚类分析.md,enterprise-02731,BU5-2026,非标自动化项目管理,生产与制造管理,非标制造管理,,,,,,,,
enterprise,WPS项目管理企业版需求聚类分析.md,enterprise-02732,中国农业大学,银龄教师招募,人力与组织管理,培训与人才发展管理,,,,,,,,
enterprise,WPS项目管理企业版需求聚类分析.md,enterprise-02733,天志,记录会计做账过帐中每个事项是否完成,财务、合同与结算,应收应付管理,,,,,,,,
enterprise,WPS项目管理企业版需求聚类分析.md,enterprise-02734,攀西融资租赁(上海)有限公司,我们是一家融资租赁公司，我主要需要融资、投放和风险管理三个方面,质量、安全与合规,风险管理,,,,,,,,
enterprise,WPS项目管理企业版需求聚类分析.md,enterprise-02735,江苏驰威,按照每一个项目编号，推进项目流程，跟踪项目采购订单，开票情况，回款情况，付款情况，收票情况，入库情况等问题反馈,财务、合同与结算,发票与结算管理,,,,,,,,
enterprise,WPS项目管理企业版需求聚类分析.md,enterprise-02736,声动人生的企业,品牌运营策划,研发与产品管理,产品开发管理,,,,,,,,
enterprise,WPS项目管理企业版需求聚类分析.md,enterprise-02737,WPS_1667637677的企业,工业领域应用的产品研发项目管理,研发与产品管理,研发项目管理,,,,,,,,
enterprise,WPS项目管理企业版需求聚类分析.md,enterprise-02738,宝玉的企业,11,无,无,,,,,,,,
enterprise,WPS项目管理企业版需求聚类分析.md,enterprise-02739,武汉软件工程职业学院,1,无,无,,,,,,,,
enterprise,WPS项目管理企业版需求聚类分析.md,enterprise-02740,局外人的企业,公众号推文,无,无,,,,,,,,
enterprise,WPS项目管理企业版需求聚类分析.md,enterprise-02741,石渠太阳部落生态农业发展有限公司,1,无,无,,,,,,,,
enterprise,WPS项目管理企业版需求聚类分析.md,enterprise-02742,haha~xin,企业项目管理  信息、进展汇总,研发与产品管理,研发项目管理,,,,,,,,
enterprise,WPS项目管理企业版需求聚类分析.md,enterprise-02743,AS凡凡妈妈的企业,ss,无,无,,,,,,,,
enterprise,WPS项目管理企业版需求聚类分析.md,enterprise-02744,樊范儿TEMU外套小组,服装行业，制衣厂，主要管理，服装订单进厂后，车缝车间对服装制造及制造完成后，尾部处理，剪线，熨烫，质检，挂牌，包装，完成出货的过程，中间的人员管理，服装出货的效率问题,生产与制造管理,排产管理,,,,,,,,
enterprise,WPS项目管理企业版需求聚类分析.md,enterprise-02745,右医附院后勤部,热钢铁股,无,无,,,,,,,,
enterprise,WPS项目管理企业版需求聚类分析.md,enterprise-02746,伍定金的企业,数据统计,数据分析与经营看板,统计汇总,,,,,,,,
enterprise,WPS项目管理企业版需求聚类分析.md,enterprise-02747,佛山福毅贤信高分子材料有限公司,新产品开发,研发与产品管理,产品开发管理,,,,,,,,
enterprise,WPS项目管理企业版需求聚类分析.md,enterprise-02748,Serendipity的企业,10,无,无,,,,,,,,
enterprise,WPS项目管理企业版需求聚类分析.md,enterprise-02749,烟草售前团队文档,轻量项目管理,项目与任务管理,项目台账管理,,,,,,,,
enterprise,WPS项目管理企业版需求聚类分析.md,enterprise-02750,GMGN,不用,无,无,,,,,,,,
enterprise,WPS项目管理企业版需求聚类分析.md,enterprise-02751,柏源科技工程(广东)有限公司,工程项目管理,工程与施工管理,工程进度管理,,,,,,,,
enterprise,WPS项目管理企业版需求聚类分析.md,enterprise-02752,办公室行政办公,明确重要工作事项的时间节点和要求,项目与任务管理,项目计划管理,,,,,,,,
enterprise,WPS项目管理企业版需求聚类分析.md,enterprise-02753,WPS_1766226438的企业,test,无,无,,,,,,,,
enterprise,WPS项目管理企业版需求聚类分析.md,enterprise-02754,中原建设有限公司,项目计划管理,项目与任务管理,项目计划管理,,,,,,,,
enterprise,WPS项目管理企业版需求聚类分析.md,enterprise-02755,严严的企业,外贸公司从推广产品到促成订单到生产出货最终收汇的跟进全过程,客户、销售与订单,发货与交付跟踪,,,,,,,,
enterprise,WPS项目管理企业版需求聚类分析.md,enterprise-02756,北京中企时代科技有限公司,两地五矿网络改造,无,无,,,,,,,,
enterprise,WPS项目管理企业版需求聚类分析.md,enterprise-02757,西安陕柴重工核应急装备有限公司,机组成套设计,生产与制造管理,装配与调试管理,,,,,,,,
enterprise,WPS项目管理企业版需求聚类分析.md,enterprise-02758,南京海贝斯智能科技有限公司,需求管理，测试覆盖，项目进度追踪,项目与任务管理,项目进度跟踪,,,,,,,,
enterprise,WPS项目管理企业版需求聚类分析.md,enterprise-02759,安徽思危特安全技术服务有限公司,安全设施三同时项目管理,质量、安全与合规,安全管理,,,,,,,,
enterprise,WPS项目管理企业版需求聚类分析.md,enterprise-02760,灵雨工作室,1,无,无,,,,,,,,
enterprise,WPS项目管理企业版需求聚类分析.md,enterprise-02761,哆啦小A梦的企业,人力资源管理,人力与组织管理,考勤管理,,,,,,,,
enterprise,WPS项目管理企业版需求聚类分析.md,enterprise-02762,高效工作V快乐生活,你先退出,无,无,,,,,,,,
enterprise,WPS项目管理企业版需求聚类分析.md,enterprise-02763,上海金埔旅游商务咨询有限公司,一个项目从开始制作产品，开代理说明会、上架售卖，掌握销售情况，收款提示等全流程监控,数据分析与经营看板,可视化看板,,,,,,,,
enterprise,WPS项目管理企业版需求聚类分析.md,enterprise-02764,李博的团队,个人项目跟踪模板,项目与任务管理,甘特图与排期可视化,,,,,,,,
enterprise,WPS项目管理企业版需求聚类分析.md,enterprise-02765,武汉盘龙城镇建设发展有限公司,天府国际还能,无,无,,,,,,,,
enterprise,WPS项目管理企业版需求聚类分析.md,enterprise-02766,凉梦的企业,项目梳理,项目与任务管理,项目复盘与总结,,,,,,,,
enterprise,WPS项目管理企业版需求聚类分析.md,enterprise-02767,李先生的企业,生产型企业,生产与制造管理,生产交付协同,,,,,,,,
enterprise,WPS项目管理企业版需求聚类分析.md,enterprise-02768,山东诺好佳-朴鲜鲜销售中心,项目管理,项目与任务管理,项目台账管理,,,,,,,,
enterprise,WPS项目管理企业版需求聚类分析.md,enterprise-02769,河北省建筑材料工业设计研究院有限公司,进度计划表,项目与任务管理,里程碑管理,,,,,,,,
enterprise,WPS项目管理企业版需求聚类分析.md,enterprise-02770,问南风风,需要财务和人事的表格，多人协作，方便快捷且智能,协同办公与流程审批,协同办公,,,,,,,,
enterprise,WPS项目管理企业版需求聚类分析.md,enterprise-02771,微信用户的企业,OK,无,无,,,,,,,,
enterprise,WPS项目管理企业版需求聚类分析.md,enterprise-02772,啊哈哈1,管理项目,研发与产品管理,研发项目管理,,,,,,,,
enterprise,WPS项目管理企业版需求聚类分析.md,enterprise-02773,半颗心的暖的企业,工程进度管理,工程与施工管理,工程进度管理,,,,,,,,
enterprise,WPS项目管理企业版需求聚类分析.md,enterprise-02774,三水余歌的企业,协作项目个人任务分工进度,项目与任务管理,任务分配与协同,,,,,,,,
enterprise,WPS项目管理企业版需求聚类分析.md,enterprise-02775,苏州范玛仕动力科技有限公司,产品开发,研发与产品管理,产品开发管理,,,,,,,,
enterprise,WPS项目管理企业版需求聚类分析.md,enterprise-02776,广西百色工业投资发展集团有限公司,科技项目管理,研发与产品管理,研发项目管理,,,,,,,,
enterprise,WPS项目管理企业版需求聚类分析.md,enterprise-02777,ruiruiaixuexi,no,无,无,,,,,,,,
enterprise,WPS项目管理企业版需求聚类分析.md,enterprise-02778,曹翔的企业,产品开发,研发与产品管理,产品开发管理,,,,,,,,
enterprise,WPS项目管理企业版需求聚类分析.md,enterprise-02779,XXADR,电力设计院项目管理,工程与施工管理,装修装饰项目管理,,,,,,,,
enterprise,WPS项目管理企业版需求聚类分析.md,enterprise-02780,苏州纽威阀门股份有限公司,文件归档记录,协同办公与流程审批,文档与档案管理,,,,,,,,
enterprise,WPS项目管理企业版需求聚类分析.md,enterprise-02781,宛如一个智障的企业,审计业务项目管理,质量、安全与合规,内控与审计合规,,,,,,,,
enterprise,WPS项目管理企业版需求聚类分析.md,enterprise-02782,数据罗盘,记录项目,项目与任务管理,项目台账管理,,,,,,,,
enterprise,WPS项目管理企业版需求聚类分析.md,enterprise-02783,Always online的企业,项目现场管理,工程与施工管理,施工现场管理,,,,,,,,
enterprise,WPS项目管理企业版需求聚类分析.md,enterprise-02784,湖南华中-戴晓洪的企业,设计任务派单规章制度,项目与任务管理,项目计划管理,,,,,,,,
enterprise,WPS项目管理企业版需求聚类分析.md,enterprise-02785,,一、目的,,,,,,,,,,
enterprise,WPS项目管理企业版需求聚类分析.md,enterprise-02786,,为确保设计工作高效、有序开展，明确设计任务分配、内容要求及时间节点，提高设计质量和项目整体推进效率，特制定本规章制度。,,,,,,,,,,
enterprise,WPS项目管理企业版需求聚类分析.md,enterprise-02787,,二、适用范围,,,,,,,,,,
enterprise,WPS项目管理企业版需求聚类分析.md,enterprise-02788,,本制度适用于公司内所有涉及环保除尘设备设计任务的分配与执行，包括设计部门及相关协作部门。,,,,,,,,,,
enterprise,WPS项目管理企业版需求聚类分析.md,enterprise-02789,,三、设计任务派单流程及要求,,,,,,,,,,
enterprise,WPS项目管理企业版需求聚类分析.md,enterprise-02790,,（一）设计任务发起,,,,,,,,,,
enterprise,WPS项目管理企业版需求聚类分析.md,enterprise-02791,,适用情况：销售部门获取客户环保除尘设备需求信息，或公司基于市场调研与产品规划确定新的设计项目。,,,,,,,,,,
enterprise,WPS项目管理企业版需求聚类分析.md,enterprise-02792,,执行规则：,,,,,,,,,,
enterprise,WPS项目管理企业版需求聚类分析.md,enterprise-02793,,销售部门或项目发起部门填写《设计任务需求表》，详细说明客户需求，如设备处理风量、除尘效率要求、使用场地环境、预算范围、期望交付时间等内容。同时，,,,,,,,,,,
enterprise,WPS项目管理企业版需求聚类分析.md,enterprise-02794,烯世达材料科技有限公司,采购业务-出库业务,供应链与仓储物流,采购流程管理,,,,,,,,
enterprise,WPS项目管理企业版需求聚类分析.md,enterprise-02795,云南冠柏石化有限公司,横州飞龙风电场一期工程-交通工程,工程与施工管理,工程进度管理,,,,,,,,
enterprise,WPS项目管理企业版需求聚类分析.md,enterprise-02796,广东誉华设计院有限公司,我在一家小型建筑设计院工作，是一位小组长，分管几个部门的业务，由于项目太多，需要定期更新项目进展和动态，但是容易忘记一些事情，需要协助完成报表，未能按时完成的原有,项目与任务管理,项目进度跟踪,,,,,,,,
enterprise,WPS项目管理企业版需求聚类分析.md,enterprise-02797,友联工程安装集团有限公司,隐患,数据分析与经营看板,异常预警分析,,,,,,,,
enterprise,WPS项目管理企业版需求聚类分析.md,enterprise-02798,重庆腾钢机械金山办公软件有限公司,考核,质量、安全与合规,质量检查与检验,,,,,,,,
enterprise,WPS项目管理企业版需求聚类分析.md,enterprise-02799,彭州市教育研究培训中心,各类计划总结提交,项目与任务管理,项目复盘与总结,,,,,,,,
enterprise,WPS项目管理企业版需求聚类分析.md,enterprise-02800,投流研究,面条供应链管理,供应链与仓储物流,供应商管理,,,,,,,,
enterprise,WPS项目管理企业版需求聚类分析.md,enterprise-02801,陈龙禅的企业,SMOM工业软件实施交付项目,服务、工单与运维,安装与实施交付,,,,,,,,
enterprise,WPS项目管理企业版需求聚类分析.md,enterprise-02802,北京旧改指挥部,123,无,无,,,,,,,,
enterprise,WPS项目管理企业版需求聚类分析.md,enterprise-02803,ZDZ的企业,抖音起号,无,无,,,,,,,,
enterprise,WPS项目管理企业版需求聚类分析.md,enterprise-02804,江苏万豪建设工程有限公司,工程项目,工程与施工管理,工程进度管理,,,,,,,,
enterprise,WPS项目管理企业版需求聚类分析.md,enterprise-02805,山东九佳的企业,产品生产日程项目跟踪,生产与制造管理,制造进度跟踪,,,,,,,,
enterprise,WPS项目管理企业版需求聚类分析.md,enterprise-02806,鐘的企业,项目每日各个流程进展,项目与任务管理,项目进度跟踪,,,,,,,,
enterprise,WPS项目管理企业版需求聚类分析.md,enterprise-02807,动装事业部,部门接口流转,服务、工单与运维,巡检管理,,,,,,,,
enterprise,WPS项目管理企业版需求聚类分析.md,enterprise-02808,BB_joymint的企业,提供项目管理甘特图,项目与任务管理,甘特图与排期可视化,,,,,,,,
enterprise,WPS项目管理企业版需求聚类分析.md,enterprise-02809,钢镚的阳光,审计项目计划从开始实施到项目形成审计报告,项目与任务管理,项目台账管理,,,,,,,,
enterprise,WPS项目管理企业版需求聚类分析.md,enterprise-02810,范生政的企业,人员安排及项目跟进,项目与任务管理,任务分配与协同,,,,,,,,
enterprise,WPS项目管理企业版需求聚类分析.md,enterprise-02811,阿花的企业,近期党群工作任务安排计划,项目与任务管理,项目计划管理,,,,,,,,
enterprise,WPS项目管理企业版需求聚类分析.md,enterprise-02812,邢台马刹尔汽车配件有限公司,刹车片生产，接单，搜样板图，采购钢背，附件，模具，钢印，上机生产,生产与制造管理,生产交付协同,,,,,,,,
enterprise,WPS项目管理企业版需求聚类分析.md,enterprise-02813,装备中心,机床装备产品研发,研发与产品管理,研发阶段管理,,,,,,,,
enterprise,WPS项目管理企业版需求聚类分析.md,enterprise-02814,明升恒电子(深圳)有限公司,24156,无,无,,,,,,,,
enterprise,WPS项目管理企业版需求聚类分析.md,enterprise-02815,耿云霞的企业,我正在制定2026年年度工作目标和工作计划，进行目标分解并分配到月。将来我还希望利用这个模板进行目标和任务跟进管理，能按月和按周生成月计划和周计划。,项目与任务管理,项目计划管理,,,,,,,,
enterprise,WPS项目管理企业版需求聚类分析.md,enterprise-02816,芜湖市湾沚区重点项目建设管理中心(芜湖市湾沚区节能监察中心、芜湖市湾沚区铁路建设管理处),区发改委需要建立一个区重点项目管理系统，需要具备项目储备、申报、进展等全流程管理功能,项目与任务管理,项目台账管理,,,,,,,,
enterprise,WPS项目管理企业版需求聚类分析.md,enterprise-02817,东莞市顺力勘测技术有限公司,岩土项目管理,工程与施工管理,工程进度管理,,,,,,,,
enterprise,WPS项目管理企业版需求聚类分析.md,enterprise-02818,强盛集团,计算机软件，测试服务,研发与产品管理,打样与试制管理,,,,,,,,
enterprise,WPS项目管理企业版需求聚类分析.md,enterprise-02819,无锡诺博瑞机电有限公司,客户项目订单有时候很多，会记不住哪个项目发货了没，什么时候到货，发货地址,客户、销售与订单,询价与报价管理,,,,,,,,
enterprise,WPS项目管理企业版需求聚类分析.md,enterprise-02820,广州市卫盈通科技有限公司,项目管理,项目与任务管理,项目台账管理,,,,,,,,
enterprise,WPS项目管理企业版需求聚类分析.md,enterprise-02821,中国电信集团有限公司赤峰分公司,视联网故障派单、调度、接单、回单、归档，故障原因填写，能够考核,服务、工单与运维,故障与异常处理,,,,,,,,
enterprise,WPS项目管理企业版需求聚类分析.md,enterprise-02822,四川佰匠荟酒业有限公司,我们是白酒小批量定制行业，需要管理接单、后勤确认订单，供应链生产，发货，开票,生产与制造管理,排产管理,,,,,,,,
enterprise,WPS项目管理企业版需求聚类分析.md,enterprise-02823,果果的企业,任务,项目与任务管理,任务分配与协同,,,,,,,,
enterprise,WPS项目管理企业版需求聚类分析.md,enterprise-02824,的企业,投标项目管理系统,项目与任务管理,项目台账管理,,,,,,,,
enterprise,WPS项目管理企业版需求聚类分析.md,enterprise-02825,宝玉(-.-)的企业,项目管理,项目与任务管理,项目台账管理,,,,,,,,
enterprise,WPS项目管理企业版需求聚类分析.md,enterprise-02826,20260116,项目的甘特图,项目与任务管理,甘特图与排期可视化,,,,,,,,
enterprise,WPS项目管理企业版需求聚类分析.md,enterprise-02827,雨凡 的企业,车间,无,无,,,,,,,,
enterprise,WPS项目管理企业版需求聚类分析.md,enterprise-02828,北京天禾翔云文化传媒有限公司,根据项目流程和岗位职责划分科学进行项目管理,项目与任务管理,项目台账管理,,,,,,,,
enterprise,WPS项目管理企业版需求聚类分析.md,enterprise-02829,Chantezy的企业,产品开发流程,研发与产品管理,产品开发管理,,,,,,,,
enterprise,WPS项目管理企业版需求聚类分析.md,enterprise-02830,311Proj,20人左右的团队，进行研发项目管理，包括任务分解、里程碑管理、周报收集等功能,项目与任务管理,任务分配与协同,,,,,,,,
enterprise,WPS项目管理企业版需求聚类分析.md,enterprise-02831,311Proj,科研项目管理,研发与产品管理,研发项目管理,,,,,,,,
enterprise,WPS项目管理企业版需求聚类分析.md,enterprise-02832,美瑞成（常州）传动科技有限公司,电机外贸行业的项目管理,生产与制造管理,生产交付协同,,,,,,,,
enterprise,WPS项目管理企业版需求聚类分析.md,enterprise-02833,cmvr,测试,无,无,,,,,,,,
enterprise,WPS项目管理企业版需求聚类分析.md,enterprise-02834,荣的企业,公司新药全国挂网项目,无,无,,,,,,,,
enterprise,WPS项目管理企业版需求聚类分析.md,enterprise-02835,北京星河漫步文化有限公司,产品开发，销售，,研发与产品管理,产品开发管理,,,,,,,,
enterprise,WPS项目管理企业版需求聚类分析.md,enterprise-02836,职工福利社,日常安排,生产与制造管理,生产计划管理,,,,,,,,
enterprise,WPS项目管理企业版需求聚类分析.md,enterprise-02837,山东临工工程机械有限公司,我想使用项目管理办公系统，来控制跟进项目的进度,项目与任务管理,项目台账管理,,,,,,,,
enterprise,WPS项目管理企业版需求聚类分析.md,enterprise-02838,四川精典汽车服务连锁股份有限公司,年度工作汇报,人力与组织管理,工时与人员负荷管理,,,,,,,,
enterprise,WPS项目管理企业版需求聚类分析.md,enterprise-02839,橘止的企业,工地混泥土工记工表,生产与制造管理,车间任务管理,,,,,,,,
enterprise,WPS项目管理企业版需求聚类分析.md,enterprise-02840,云之君兮的企业,无,无,无,,,,,,,,
enterprise,WPS项目管理企业版需求聚类分析.md,enterprise-02841,陈西东的企业,关闭窗口,无,无,,,,,,,,
enterprise,WPS项目管理企业版需求聚类分析.md,enterprise-02842,上海南洋（苏皖办）,信创集成项目,协同办公与流程审批,协同办公,,,,,,,,
enterprise,WPS项目管理企业版需求聚类分析.md,enterprise-02843,廖启霖的企业,Project,项目与任务管理,甘特图与排期可视化,,,,,,,,
enterprise,WPS项目管理企业版需求聚类分析.md,enterprise-02844,广州市花都区政务服务中心,工单报修,服务、工单与运维,报修管理,,,,,,,,
enterprise,WPS项目管理企业版需求聚类分析.md,enterprise-02845,玉米的企业,想解决中小型工弱电智能化项目工程量清单设备报价和采购供应商产品报价之间的快速筛选对应，以提炼出可以快速响应用户的报价需求。,供应链与仓储物流,物料采购管理,,,,,,,,
enterprise,WPS项目管理企业版需求聚类分析.md,enterprise-02846,海南纵海科技有限公司,弱电智能化施工,生产与制造管理,非标制造管理,,,,,,,,
enterprise,WPS项目管理企业版需求聚类分析.md,enterprise-02847,夏淑淑的企业,进度计划,工程与施工管理,工程进度管理,,,,,,,,
enterprise,WPS项目管理企业版需求聚类分析.md,enterprise-02848,《中国医疗保险》杂志社,视觉类需求工单的提交，项目进度的跟进，数据周报的生成,项目与任务管理,项目进度跟踪,,,,,,,,
enterprise,WPS项目管理企业版需求聚类分析.md,enterprise-02849,地质矿产院,项目过程管理，审核，质量，进度，成本，回款,财务、合同与结算,成本核算管理,,,,,,,,
enterprise,WPS项目管理企业版需求聚类分析.md,enterprise-02850,丹歌惊鸿的企业,业务上传，任务完成人，完成率,项目与任务管理,项目进度跟踪,,,,,,,,
enterprise,WPS项目管理企业版需求聚类分析.md,enterprise-02851,温州逾明控制设备有限公司,采购项目流程情况，内容需要有进度和难点以及时间解决难点,项目与任务管理,项目计划管理,,,,,,,,
enterprise,WPS项目管理企业版需求聚类分析.md,enterprise-02852,明华调度部,库存,供应链与仓储物流,库存管理,,,,,,,,
enterprise,WPS项目管理企业版需求聚类分析.md,enterprise-02853,立元的企业,项目管理,项目与任务管理,项目台账管理,,,,,,,,
enterprise,WPS项目管理企业版需求聚类分析.md,enterprise-02854,Q666666Y的企业,工厂合同加工进度以及付款进度管理,生产与制造管理,工序流转管理,,,,,,,,
enterprise,WPS项目管理企业版需求聚类分析.md,enterprise-02855,马上就报批效率团队,重大基础设施项目流程管理,项目与任务管理,项目计划管理,,,,,,,,
enterprise,WPS项目管理企业版需求聚类分析.md,enterprise-02856,大秦科技,·,无,无,,,,,,,,
enterprise,WPS项目管理企业版需求聚类分析.md,enterprise-02857,山东省教育厅直属幼儿园及中小学,工程合同,财务、合同与结算,合同与招投标管理,,,,,,,,
enterprise,WPS项目管理企业版需求聚类分析.md,enterprise-02858,山西寰宇天成绩效评价咨询服务有限公司,项目管理,项目与任务管理,项目台账管理,,,,,,,,
enterprise,WPS项目管理企业版需求聚类分析.md,enterprise-02859,广交经营发展部,项目管理,项目与任务管理,项目台账管理,,,,,,,,
enterprise,WPS项目管理企业版需求聚类分析.md,enterprise-02860,马鞍山市苏林保温材料有限公司,工程项目,工程与施工管理,工程进度管理,,,,,,,,
enterprise,WPS项目管理企业版需求聚类分析.md,enterprise-02861,東方傳奇,团队管理,人力与组织管理,组织与岗位管理,,,,,,,,
enterprise,WPS项目管理企业版需求聚类分析.md,enterprise-02862,ゞ灬膤魊駺メo的企业,设备修理改造,服务、工单与运维,报修管理,,,,,,,,
enterprise,WPS项目管理企业版需求聚类分析.md,enterprise-02863,WPS_1726213059的企业,帮我写一份全自动25kg包装机报价表,供应链与仓储物流,到货与交期管理,,,,,,,,
enterprise,WPS项目管理企业版需求聚类分析.md,enterprise-02864,哇咔咔111,我想要工程类的项目管理。,项目与任务管理,项目台账管理,,,,,,,,
enterprise,WPS项目管理企业版需求聚类分析.md,enterprise-02865,jialilin,作为一个工程建设项目的项目经理，希望对多个同时运行的项目进行管理,项目与任务管理,多项目组合管理,,,,,,,,
enterprise,WPS项目管理企业版需求聚类分析.md,enterprise-02866,广东万诺律师事务所李家宏律师团队,诉讼案件办理流程,协同办公与流程审批,审批流程管理,,,,,,,,
enterprise,WPS项目管理企业版需求聚类分析.md,enterprise-02867,Z的企业,IT软件项目开发,项目与任务管理,项目台账管理,,,,,,,,
enterprise,WPS项目管理企业版需求聚类分析.md,enterprise-02868,上海-首研,任务跟踪,项目与任务管理,甘特图与排期可视化,,,,,,,,
enterprise,WPS项目管理企业版需求聚类分析.md,enterprise-02869,天骄航空有限公司,合规推进,质量、安全与合规,安全管理,,,,,,,,
enterprise,WPS项目管理企业版需求聚类分析.md,enterprise-02870,深圳市亿众鑫科技有限公司,项目管理体系,项目与任务管理,项目台账管理,,,,,,,,
enterprise,WPS项目管理企业版需求聚类分析.md,enterprise-02871,Haydon的企业,qqqq,无,无,,,,,,,,
enterprise,WPS项目管理企业版需求聚类分析.md,enterprise-02872,WPS_1681705426的企业,1,无,无,,,,,,,,
enterprise,WPS项目管理企业版需求聚类分析.md,enterprise-02873,unique的企业,直线电机,无,无,,,,,,,,
enterprise,WPS项目管理企业版需求聚类分析.md,enterprise-02874,湖南据道人工智能应用软件有限公司,中央财政四大消费领域中的教育、科技、民生，依托金融技术线底座实现电纸同行。,研发与产品管理,技术文档管理,,,,,,,,
enterprise,WPS项目管理企业版需求聚类分析.md,enterprise-02875,重庆邦锐斯生物科技有限公司,项目编号，名称，创建时间，项目来源，结束时间，分析的人员，审核人员,数据分析与经营看板,多维分析,,,,,,,,
enterprise,WPS项目管理企业版需求聚类分析.md,enterprise-02876,山东兖矿易佳建筑安装工程有限公司,111,无,无,,,,,,,,
enterprise,WPS项目管理企业版需求聚类分析.md,enterprise-02877,abcd集团,分工协同,协同办公与流程审批,协同办公,,,,,,,,
enterprise,WPS项目管理企业版需求聚类分析.md,enterprise-02878,刁怀冰的企业,看看,无,无,,,,,,,,
enterprise,WPS项目管理企业版需求聚类分析.md,enterprise-02879,嶞峊噜的企业,1,无,无,,,,,,,,
enterprise,WPS项目管理企业版需求聚类分析.md,enterprise-02880,LINYOLO的企业,MEIYOU,无,无,,,,,,,,
enterprise,WPS项目管理企业版需求聚类分析.md,enterprise-02881,Amelie的企业,数字化,项目与任务管理,甘特图与排期可视化,,,,,,,,
enterprise,WPS项目管理企业版需求聚类分析.md,enterprise-02882,宏信天德工程顾问有限公司,工程咨询台账,工程与施工管理,工程验收管理,,,,,,,,
enterprise,WPS项目管理企业版需求聚类分析.md,enterprise-02883,杭州为家建筑装饰有限公司,跟单,无,无,,,,,,,,
enterprise,WPS项目管理企业版需求聚类分析.md,enterprise-02884,周丽的企业,个人上报数据，只能看自己上报的数据，我可以看到所有人上报的数据,数据分析与经营看板,统计汇总,,,,,,,,
enterprise,WPS项目管理企业版需求聚类分析.md,enterprise-02885,wxyjr,施工企业方案编制、资料管理,研发与产品管理,技术文档管理,,,,,,,,
enterprise,WPS项目管理企业版需求聚类分析.md,enterprise-02886,知风草Socialwork,你,无,无,,,,,,,,
enterprise,WPS项目管理企业版需求聚类分析.md,enterprise-02887,福建旺百家百货有限公司,工程装修,工程与施工管理,装修装饰项目管理,,,,,,,,
enterprise,WPS项目管理企业版需求聚类分析.md,enterprise-02888,胡思乱想的企业,监督改革,质量、安全与合规,整改闭环管理,,,,,,,,
enterprise,WPS项目管理企业版需求聚类分析.md,enterprise-02889,wpx的企业,项目管理,项目与任务管理,项目台账管理,,,,,,,,
enterprise,WPS项目管理企业版需求聚类分析.md,enterprise-02890,测试架构1,",,",无,无,,,,,,,,
enterprise,WPS项目管理企业版需求聚类分析.md,enterprise-02891,北京云鹤养老服务有限公司,项目进度记录,项目与任务管理,项目进度跟踪,,,,,,,,
enterprise,WPS项目管理企业版需求聚类分析.md,enterprise-02892,福州地铁科技有限公司,工作计划,工程与施工管理,工程进度管理,,,,,,,,
enterprise,WPS项目管理企业版需求聚类分析.md,enterprise-02893,浙江开化路产城建设发展有限公司,项目进度管理,项目与任务管理,项目进度跟踪,,,,,,,,
enterprise,WPS项目管理企业版需求聚类分析.md,enterprise-02894,puppy的企业,项目列表整理,项目与任务管理,项目台账管理,,,,,,,,
enterprise,WPS项目管理企业版需求聚类分析.md,enterprise-02895,江苏大津重工有限公司,制作一个项目的生产进行管理，输入交船期，自动生效生产周期图标,生产与制造管理,制造进度跟踪,,,,,,,,
enterprise,WPS项目管理企业版需求聚类分析.md,enterprise-02896,景耀玻璃,flowchart TD,财务、合同与结算,预算管理,,,,,,,,
enterprise,WPS项目管理企业版需求聚类分析.md,enterprise-02897,,Start1[预算费用执行开始] --> A1[采购物资台帐<br>责任人: 刘闪贤],,,,,,,,,,
enterprise,WPS项目管理企业版需求聚类分析.md,enterprise-02898,,A1 --> B1[各类物资出库<br>责任人: 各单位会计],,,,,,,,,,
enterprise,WPS项目管理企业版需求聚类分析.md,enterprise-02899,,B1 --> C1[产成品台帐<br>责任人: 卢兴党],,,,,,,,,,
enterprise,WPS项目管理企业版需求聚类分析.md,enterprise-02900,,C1 --> D1[营销费用台帐<br>责任人: 马晓红],,,,,,,,,,
enterprise,WPS项目管理企业版需求聚类分析.md,enterprise-02901,,D1 --> E1[采购费用台帐<br>责任人: 刘闪贤],,,,,,,,,,
enterprise,WPS项目管理企业版需求聚类分析.md,enterprise-02902,,E1 --> F1[集团办各岗位费用台帐<br>责任人: 曹露丹],,,,,,,,,,
enterprise,WPS项目管理企业版需求聚类分析.md,enterprise-02903,,F1 --> G1[预算费用实际发生费用<br>责任人: 各单位会计],,,,,,,,,,
enterprise,WPS项目管理企业版需求聚类分析.md,enterprise-02904,,G1 --> H1[各类款项费用支付<br>责任人: 邢计芳],,,,,,,,,,
enterprise,WPS项目管理企业版需求聚类分析.md,enterprise-02905,,H1 --> I1[数据核对<br>责任人: 各单位会计、邢计芳],,,,,,,,,,
enterprise,WPS项目管理企业版需求聚类分析.md,enterprise-02906,,I1 --> End1[预算费用执行结束],,,,,,,,,,
enterprise,WPS项目管理企业版需求聚类分析.md,enterprise-02907,LZ的企业,审计问题整改事项，外加整改证明资料，以部门划分落实到责任人,质量、安全与合规,内控与审计合规,,,,,,,,
enterprise,WPS项目管理企业版需求聚类分析.md,enterprise-02908,镜像巨人,客户开发进行管理、销售进度管理,客户、销售与订单,商机与销售过程管理,,,,,,,,
enterprise,WPS项目管理企业版需求聚类分析.md,enterprise-02909,二重(德阳)重型装备有限公司,22,无,无,,,,,,,,
enterprise,WPS项目管理企业版需求聚类分析.md,enterprise-02910,山西莱科律师事务所,律师事务所对已委托案件的集中管理跟进,客户、销售与订单,客户跟进管理,,,,,,,,
enterprise,WPS项目管理企业版需求聚类分析.md,enterprise-02911,HYT的企业,从订单发货全过程交付管理,客户、销售与订单,发货与交付跟踪,,,,,,,,
enterprise,WPS项目管理企业版需求聚类分析.md,enterprise-02912,数字信息化组,我想做一个变压器产品项目生产全流程管理,研发与产品管理,研发阶段管理,,,,,,,,
enterprise,WPS项目管理企业版需求聚类分析.md,enterprise-02913,WPS_1759812376的企业,的,无,无,,,,,,,,
enterprise,WPS项目管理企业版需求聚类分析.md,enterprise-02914,XGHong,我是施工单位的，现场的项目部，试用下这表格,工程与施工管理,施工现场管理,,,,,,,,
enterprise,WPS项目管理企业版需求聚类分析.md,enterprise-02915,"A黄强(监控安防,网络工程)的企业",手动阀手动阀,无,无,,,,,,,,
enterprise,WPS项目管理企业版需求聚类分析.md,enterprise-02916,张贤益的企业,成本管理,财务、合同与结算,成本核算管理,,,,,,,,
enterprise,WPS项目管理企业版需求聚类分析.md,enterprise-02917,WPS_1728524722的企业,整个公司由销售到出运的流程,客户、销售与订单,商机与销售过程管理,,,,,,,,
enterprise,WPS项目管理企业版需求聚类分析.md,enterprise-02918,爷爷的鱼塘,现场项目管理,工程与施工管理,施工现场管理,,,,,,,,
enterprise,WPS项目管理企业版需求聚类分析.md,enterprise-02919,浦江县四木日用品有限公司,1,无,无,,,,,,,,
enterprise,WPS项目管理企业版需求聚类分析.md,enterprise-02920,时光微凉、的企业,工程进度跟踪，责任到人  在线标记及时同步信息,项目与任务管理,项目进度跟踪,,,,,,,,
enterprise,WPS项目管理企业版需求聚类分析.md,enterprise-02921,广东栩诚建设有限公司,建筑施工,工程与施工管理,工程进度管理,,,,,,,,
enterprise,WPS项目管理企业版需求聚类分析.md,enterprise-02922,温州时川智能科技有限公司,汽配前期文件审批,协同办公与流程审批,审批流程管理,,,,,,,,
enterprise,WPS项目管理企业版需求聚类分析.md,enterprise-02923,中国人民财产保险股份有限公司天津市科创支公司,新就业形态人员职业伤害保障项目运营,服务、工单与运维,巡检管理,,,,,,,,
enterprise,WPS项目管理企业版需求聚类分析.md,enterprise-02924,青海智云电子科技有限公司,11,无,无,,,,,,,,
enterprise,WPS项目管理企业版需求聚类分析.md,enterprise-02925,三根棒棒糖的企业,帮忙生成周期性催报押品重估动态更新表,项目与任务管理,项目进度跟踪,,,,,,,,
enterprise,WPS项目管理企业版需求聚类分析.md,enterprise-02926,极比克项目管理,视频组主管下发视频编辑任务，视频组员工领取任务，并且大家能看到任务的是否完成,项目与任务管理,甘特图与排期可视化,,,,,,,,
enterprise,WPS项目管理企业版需求聚类分析.md,enterprise-02927,不不不贝（企业）,备考计划,项目与任务管理,项目复盘与总结,,,,,,,,
enterprise,WPS项目管理企业版需求聚类分析.md,enterprise-02928,戴金强的企业,工程进度甘特图,项目与任务管理,甘特图与排期可视化,,,,,,,,
enterprise,WPS项目管理企业版需求聚类分析.md,enterprise-02929,临沂一家网络科技有限公司,项目成本、项目进度、项目存档,项目与任务管理,项目进度跟踪,,,,,,,,
enterprise,WPS项目管理企业版需求聚类分析.md,enterprise-02930,苏州禾鼎艺装饰工程有限公司,工程项目明细清单,工程与施工管理,工程清单与签证管理,,,,,,,,
enterprise,WPS项目管理企业版需求聚类分析.md,enterprise-02931,GreeningShew的企业,药物研发项目管理,研发与产品管理,研发项目管理,,,,,,,,
enterprise,WPS项目管理企业版需求聚类分析.md,enterprise-02932,三峡旅游集团(旅游发展事业部市场营销中心),制定工作计划，督促执行情况,项目与任务管理,项目计划管理,,,,,,,,
enterprise,WPS项目管理企业版需求聚类分析.md,enterprise-02933,小兔乖乖(武汉市)信息技术有限公司,制作一个产品表,研发与产品管理,产品开发管理,,,,,,,,
enterprise,WPS项目管理企业版需求聚类分析.md,enterprise-02934,无锡惠山伟华,服装QC日常验货报告收集,质量、安全与合规,质量检查与检验,,,,,,,,
enterprise,WPS项目管理企业版需求聚类分析.md,enterprise-02935,厦门多氪氪工程技术有限公司,工程项目待收款项,工程与施工管理,工程结算管理,,,,,,,,
enterprise,WPS项目管理企业版需求聚类分析.md,enterprise-02936,刘述岩的企业,工程项目管理，包含材料、进度、质量、安全、成本等,质量、安全与合规,风险管理,,,,,,,,
enterprise,WPS项目管理企业版需求聚类分析.md,enterprise-02937,1半俗半雅的企业,111,无,无,,,,,,,,
enterprise,WPS项目管理企业版需求聚类分析.md,enterprise-02938,Zane的企业,任务倒排计划,项目与任务管理,任务分配与协同,,,,,,,,
enterprise,WPS项目管理企业版需求聚类分析.md,enterprise-02939,河北爱意童玩具有限公司,生产，销售,客户、销售与订单,商机与销售过程管理,,,,,,,,
enterprise,WPS项目管理企业版需求聚类分析.md,enterprise-02940,李顺刚的企业,施工进度计划网络图,项目与任务管理,甘特图与排期可视化,,,,,,,,
enterprise,WPS项目管理企业版需求聚类分析.md,enterprise-02941,航海的企业,项目计划,项目与任务管理,项目计划管理,,,,,,,,
enterprise,WPS项目管理企业版需求聚类分析.md,enterprise-02942,辽宁尚能能源科技有限公司,先看看  其他的,无,无,,,,,,,,
enterprise,WPS项目管理企业版需求聚类分析.md,enterprise-02943,子曰的企业,11111,无,无,,,,,,,,
enterprise,WPS项目管理企业版需求聚类分析.md,enterprise-02944,枫叶的企业,项目整合,项目与任务管理,任务分配与协同,,,,,,,,
enterprise,WPS项目管理企业版需求聚类分析.md,enterprise-02945,Crystal1996的企业,生产车间,生产与制造管理,车间任务管理,,,,,,,,
enterprise,WPS项目管理企业版需求聚类分析.md,enterprise-02946,中环置业招商运营中心,项目进度,项目与任务管理,项目进度跟踪,,,,,,,,
enterprise,WPS项目管理企业版需求聚类分析.md,enterprise-02947,湖南鸿毅建设有限公司,项目前期规划,工程与施工管理,工程进度管理,,,,,,,,
enterprise,WPS项目管理企业版需求聚类分析.md,enterprise-02948,郭海站的企业,项目管理,项目与任务管理,项目台账管理,,,,,,,,
enterprise,WPS项目管理企业版需求聚类分析.md,enterprise-02949,林忠伟的企业,女士钱包生产进度数字化,无,无,,,,,,,,
enterprise,WPS项目管理企业版需求聚类分析.md,enterprise-02950,采购1企业,装饰装修,工程与施工管理,装修装饰项目管理,,,,,,,,
enterprise,WPS项目管理企业版需求聚类分析.md,enterprise-02951,中邮人寿保险股份有限公司,每月各分公司填报疑难问题，提醒相应条线进行回答，回答完自动反馈问题提出人,协同办公与流程审批,待办与提醒管理,,,,,,,,
enterprise,WPS项目管理企业版需求聚类分析.md,enterprise-02952,谷城县庙滩镇蒋家套村村民委员会,高标准农田建设项目,工程与施工管理,工程进度管理,,,,,,,,
enterprise,WPS项目管理企业版需求聚类分析.md,enterprise-02953,吕慧明的企业,母线槽测量安装发货管理,供应链与仓储物流,到货与交期管理,,,,,,,,
enterprise,WPS项目管理企业版需求聚类分析.md,enterprise-02954,CQJ的企业版,KK项目管理,研发与产品管理,研发项目管理,,,,,,,,
enterprise,WPS项目管理企业版需求聚类分析.md,enterprise-02955,LUOYI的企业,根据表格的信息内容自动生成报告模板,数据分析与经营看板,统计汇总,,,,,,,,
enterprise,WPS项目管理企业版需求聚类分析.md,enterprise-02956,安徽恩测检测技术有限公司,进度,无,无,,,,,,,,
enterprise,WPS项目管理企业版需求聚类分析.md,enterprise-02957,WPS_1765429623的企业,产品项目管理,研发与产品管理,产品开发管理,,,,,,,,
enterprise,WPS项目管理企业版需求聚类分析.md,enterprise-02958,金融街证券股份有限公司,做一个自研项目的项目管理,项目与任务管理,项目复盘与总结,,,,,,,,
enterprise,WPS项目管理企业版需求聚类分析.md,enterprise-02959,开路者网络,定制服务进度表+售后,服务、工单与运维,售后服务管理,,,,,,,,
enterprise,WPS项目管理企业版需求聚类分析.md,enterprise-02960,"婲落鯰咿人,醉酒思紅颜.的企业",制造业项目设计、制造、生产、安调,生产与制造管理,生产交付协同,,,,,,,,
enterprise,WPS项目管理企业版需求聚类分析.md,enterprise-02961,静默的云的企业,施工计划安排，施工完成后工作量汇总，,工程与施工管理,工程进度管理,,,,,,,,
enterprise,WPS项目管理企业版需求聚类分析.md,enterprise-02962,萬訊電腦科技有限公司,多個項目同時跟進,项目与任务管理,多项目组合管理,,,,,,,,
enterprise,WPS项目管理企业版需求聚类分析.md,enterprise-02963,凌风的企业,1,无,无,,,,,,,,
enterprise,WPS项目管理企业版需求聚类分析.md,enterprise-02964,CISCO的企业,项目问题清单,项目与任务管理,项目台账管理,,,,,,,,
enterprise,WPS项目管理企业版需求聚类分析.md,enterprise-02965,wgx的企业,项目管理,项目与任务管理,项目台账管理,,,,,,,,
enterprise,WPS项目管理企业版需求聚类分析.md,enterprise-02966,征~的企业,建立一个工作流程表单，每项工作有对应的管理人，有目前工作的状态节点更新，有该状态节点的开始时间，有该工作的最晚结束时间，并按照开始时间和结束时间的差值设定不同颜色的紧急程度,项目与任务管理,项目进度跟踪,,,,,,,,
enterprise,WPS项目管理企业版需求聚类分析.md,enterprise-02967,蛙蛙集团,sop,无,无,,,,,,,,
enterprise,WPS项目管理企业版需求聚类分析.md,enterprise-02968,来年秋风起的企业,工程项目,工程与施工管理,工程进度管理,,,,,,,,
enterprise,WPS项目管理企业版需求聚类分析.md,enterprise-02969,金护百年,项目任务管理,项目与任务管理,项目台账管理,,,,,,,,
enterprise,WPS项目管理企业版需求聚类分析.md,enterprise-02970,广州医科大学,数智化十五五规划，跟踪各个系统建设进度,项目与任务管理,项目进度跟踪,,,,,,,,
enterprise,WPS项目管理企业版需求聚类分析.md,enterprise-02971,河源市高新技术开发区管理委员会财政局,财政评审项目登记,财务、合同与结算,应收应付管理,,,,,,,,
enterprise,WPS项目管理企业版需求聚类分析.md,enterprise-02972,方枪枪的企业,f,无,无,,,,,,,,
enterprise,WPS项目管理企业版需求聚类分析.md,enterprise-02973,Katherine的材料企业,多项目管理,项目与任务管理,多项目组合管理,,,,,,,,
enterprise,WPS项目管理企业版需求聚类分析.md,enterprise-02974,河北厦能新能源科技有限公司,v,无,无,,,,,,,,
enterprise,WPS项目管理企业版需求聚类分析.md,enterprise-02975,江苏京沪高速公路有限公司,通过输入总的工作计划，帮我搞定总的工作计划下面的各项子计划和子计划安排的时间进度。,项目与任务管理,项目计划管理,,,,,,,,
enterprise,WPS项目管理企业版需求聚类分析.md,enterprise-02976,南平市武夷山水茶业有限公司,产品开发,研发与产品管理,产品开发管理,,,,,,,,
enterprise,WPS项目管理企业版需求聚类分析.md,enterprise-02977,山金的企业,员工项目推进跟踪进度闭环模型,项目与任务管理,项目进度跟踪,,,,,,,,
enterprise,WPS项目管理企业版需求聚类分析.md,enterprise-02978,江西应用技术职业学院,q,无,无,,,,,,,,
enterprise,WPS项目管理企业版需求聚类分析.md,enterprise-02979,江西应用技术职业学院,任务分解,项目与任务管理,任务分配与协同,,,,,,,,
enterprise,WPS项目管理企业版需求聚类分析.md,enterprise-02980,企业公司,项目管理,项目与任务管理,项目台账管理,,,,,,,,
enterprise,WPS项目管理企业版需求聚类分析.md,enterprise-02981,临港嘉定科技城,跨部门文件编辑、归档、年月周日计划任务,生产与制造管理,生产计划管理,,,,,,,,
enterprise,WPS项目管理企业版需求聚类分析.md,enterprise-02982,CHL-127的企业,我需要一个软件工具，你帮我看看是否有满足需求的，具体使用场景及需求如下：在一次空中任务行动中，要持续实时12小时，需要出动总计70批共228架次各类型作战飞机，需要以甘特图形式向执飞人员和指挥员呈现整体进度，时间轴进度不高于5分钟，需要在时间轴信息中体现空中往返时间段、空中加油时间段、空中集结时间段、空中任务时间段，备注信息中则包括飞行员、职位、飞行员代号、任务类型、任务代码、机型、飞机编号、起飞机场、停机位、塔康、小队频率、武器挂载等相关信息。如果可以的话我想让这张图动起来，当我点击播放的时候，时间开始流动，时间轴上有相应体现，如果推迟起飞，我可以在甘特图中动态调整起始时间，如果飞机被击落，我可以提前终止被击落飞机时间轴并注明原因,项目与任务管理,甘特图与排期可视化,,,,,,,,
enterprise,WPS项目管理企业版需求聚类分析.md,enterprise-02983,廖波的企业,生产线异地复制，零部件采购本地化,生产与制造管理,生产交付协同,,,,,,,,
enterprise,WPS项目管理企业版需求聚类分析.md,enterprise-02984,后勤实验,t'r'tv,无,无,,,,,,,,
enterprise,WPS项目管理企业版需求聚类分析.md,enterprise-02985,右医后勤,项目立项，市场调研 采购专家评审 采购领导小组 院长办公会 党委会,研发与产品管理,设计评审管理,,,,,,,,
enterprise,WPS项目管理企业版需求聚类分析.md,enterprise-02986,成都领鑫安科技有限公司,加强物联网、能源管理、智能化项目的实施和咨询服务工作,服务、工单与运维,安装与实施交付,,,,,,,,
enterprise,WPS项目管理企业版需求聚类分析.md,enterprise-02987,WPS_1557488792的企业,数据管理,数据分析与经营看板,数据治理与数据台账,,,,,,,,
enterprise,WPS项目管理企业版需求聚类分析.md,enterprise-02988,武汉中新达商务有限公司,线索跟进管理、客户合同台账管理,客户、销售与订单,客户跟进管理,,,,,,,,
enterprise,WPS项目管理企业版需求聚类分析.md,enterprise-02989,茜的企业,根据采购数据，生成数据透析表，要求每一个公司分别生成，要求每一个公司、采购类型、采购预算、项目这几项进行数据分析,数据分析与经营看板,统计汇总,,,,,,,,
enterprise,WPS项目管理企业版需求聚类分析.md,enterprise-02990,东坡城里没有你的企业,设计一个标准软件开发的项目管理模板,研发与产品管理,研发项目管理,,,,,,,,
enterprise,WPS项目管理企业版需求聚类分析.md,enterprise-02991,AHTV的企业,传媒产业项目管理,研发与产品管理,研发项目管理,,,,,,,,
enterprise,WPS项目管理企业版需求聚类分析.md,enterprise-02992,东莞泓锐,项目计划，可以生成甘特图,项目与任务管理,甘特图与排期可视化,,,,,,,,
enterprise,WPS项目管理企业版需求聚类分析.md,enterprise-02993,广东翔丰科技有限公司,工程项目人员调度和工期管理,工程与施工管理,工程进度管理,,,,,,,,
enterprise,WPS项目管理企业版需求聚类分析.md,enterprise-02994,犬木塘BIM应用项目部,信息化项目实施和管理。,研发与产品管理,研发项目管理,,,,,,,,
enterprise,WPS项目管理企业版需求聚类分析.md,enterprise-02995,langyuexia179的企业,111,无,无,,,,,,,,
enterprise,WPS项目管理企业版需求聚类分析.md,enterprise-02996,常州千颂伊科技有限公司,项目管理，需要分配到不同项目组以及个人，实时知晓进展完成度，需要项目立项时间以及截止日期。,项目与任务管理,项目计划管理,,,,,,,,
enterprise,WPS项目管理企业版需求聚类分析.md,enterprise-02997,百思不得妮姐、的企业,OGSM拆分：我是大客户销售，26年关于工作拆分几个目标。1，26年个人目标500万，怎么完成?,客户、销售与订单,销售目标管理,,,,,,,,
enterprise,WPS项目管理企业版需求聚类分析.md,enterprise-02998,,2，个人复购300万，新签200万，怎么完成？,,,,,,,,,,
enterprise,WPS项目管理企业版需求聚类分析.md,enterprise-02999,,3，26年怎么搞定5个大客户完成目标？,,,,,,,,,,
enterprise,WPS项目管理企业版需求聚类分析.md,enterprise-03000,成飞民机的企业,主进度计划,工程与施工管理,工程进度管理,,,,,,,,
enterprise,WPS项目管理企业版需求聚类分析.md,enterprise-03001,安徽乐隆暖通工程有限公司,生产管理,生产与制造管理,排产管理,,,,,,,,
enterprise,WPS项目管理企业版需求聚类分析.md,enterprise-03002,六斤柴柴的企业,紫外光固化设备项目管理,生产与制造管理,非标制造管理,,,,,,,,
enterprise,WPS项目管理企业版需求聚类分析.md,enterprise-03003,中国检验认证(集团)有限公司,机械非标行业 同事并行很多项目 要落实到具体事项管理,项目与任务管理,多项目组合管理,,,,,,,,
enterprise,WPS项目管理企业版需求聚类分析.md,enterprise-03004,新陈代谢,团队是从事法律服务的律师团队，团队涉及的项目众多，项目类型包含诉讼项目和非诉讼项目。使用该功能主要是为在不同团队成员中同步项目进程、目标和时限，并希望在关键节点予以提示。,项目与任务管理,多项目组合管理,,,,,,,,
enterprise,WPS项目管理企业版需求聚类分析.md,enterprise-03005,꧁༺启航༻꧂  的企业,帮我生成一个每天有上煤，有发运，有总库存，还得有年报的项目模版,供应链与仓储物流,库存管理,,,,,,,,
enterprise,WPS项目管理企业版需求聚类分析.md,enterprise-03006,抠脚大汉的企业,我想要做我今年的产品项目进度表，要包含产品的开发到结束,研发与产品管理,研发项目管理,,,,,,,,
enterprise,WPS项目管理企业版需求聚类分析.md,enterprise-03007,Ycccccr.的企业,弱电集成商，对项目进行管理,生产与制造管理,非标制造管理,,,,,,,,
enterprise,WPS项目管理企业版需求聚类分析.md,enterprise-03008,唐琼-财务部的企业,项目管理,项目与任务管理,项目台账管理,,,,,,,,
enterprise,WPS项目管理企业版需求聚类分析.md,enterprise-03009,无锡联源物业,物业公司市场部开拓新项目，对开拓过程进行管理,研发与产品管理,产品开发管理,,,,,,,,
enterprise,WPS项目管理企业版需求聚类分析.md,enterprise-03010,西安重工装备制造集团有限公司,流程图,项目与任务管理,甘特图与排期可视化,,,,,,,,
enterprise,WPS项目管理企业版需求聚类分析.md,enterprise-03011,机加中心,我们是从事机械制造的企业，主要业务为航空航天领域，当前公司以项目管理的方式来对所有的业务进行管理，并且需要符合AS9100质量管理体系，在项目管理中需要有明确的风险管理、配置管理、变更控制等内容，且项目管理计划需明确层显给相关干系人，所呈现的相关项目管理计划应当清晰直观,质量、安全与合规,风险管理,,,,,,,,
enterprise,WPS项目管理企业版需求聚类分析.md,enterprise-03012,青海万邦建筑工程有限公司,施工现场考勤管理、材料管理、文档管理、资金管理,工程与施工管理,施工现场管理,,,,,,,,
enterprise,WPS项目管理企业版需求聚类分析.md,enterprise-03013,唐玉烽的企业,挂图作战，研究计划,项目与任务管理,甘特图与排期可视化,,,,,,,,
enterprise,WPS项目管理企业版需求聚类分析.md,enterprise-03014,萧源的企业,工程甘特图,项目与任务管理,甘特图与排期可视化,,,,,,,,
enterprise,WPS项目管理企业版需求聚类分析.md,enterprise-03015,Ray的企业,电力施工总承包企业多项目综合管理,工程与施工管理,分包与班组管理,,,,,,,,
enterprise,WPS项目管理企业版需求聚类分析.md,enterprise-03016,北京国研数通软件技术有限公司,负责某项AI应用产品的设计、推进开发落地、市场推广、反馈分析与产品迭代,研发与产品管理,产品开发管理,,,,,,,,
enterprise,WPS项目管理企业版需求聚类分析.md,enterprise-03017,安之若兮的企业,行政人事部,协同办公与流程审批,行政事务管理,,,,,,,,
enterprise,WPS项目管理企业版需求聚类分析.md,enterprise-03018,A1曹阿瞒(叶枫乡院)的企业,...,无,无,,,,,,,,
enterprise,WPS项目管理企业版需求聚类分析.md,enterprise-03019,Administrator的企业,财务,财务、合同与结算,收付款与回款管理,,,,,,,,
enterprise,WPS项目管理企业版需求聚类分析.md,enterprise-03020,Demons的企业,铝型材行业项目管理，涉及项目开发、设计、打样、量产、发货计划、物流运输、售后问题处理、开票结算等流程。,财务、合同与结算,发票与结算管理,,,,,,,,
enterprise,WPS项目管理企业版需求聚类分析.md,enterprise-03021,名名知道的企业,00,无,无,,,,,,,,
enterprise,WPS项目管理企业版需求聚类分析.md,enterprise-03022,小文的企业,报名签到信息收集,协同办公与流程审批,台账与登记管理,,,,,,,,
enterprise,WPS项目管理企业版需求聚类分析.md,enterprise-03023,郑州市颈肩腰腿痛医院,医保科填写提交医保智能审核违规情况（包含主管医师、临床科室、患者姓名、住院号、入院日期、出院日期、结算日期、诊断情况、违规特性、违规内容、扣款金额），反馈给相关临床科室和涉事主管医师。该医师对智能审核结果不认可的，提交书面材料至医保科，医保科将材料上传至智能审核系统进行申诉。系统通过申诉的，将不再进行扣款；系统未通过申诉的，将进行扣款。医保科在系统发现未申诉成功需要进行扣款的情况后，需要向财务科出具书面说明，该书面说明需要涉事医师、涉事科室负责人、医保科负责人、分管院长、院长5个人的签字。,财务、合同与结算,应收应付管理,,,,,,,,
enterprise,WPS项目管理企业版需求聚类分析.md,enterprise-03024,Jonathan的企业,项目管理,项目与任务管理,项目台账管理,,,,,,,,
enterprise,WPS项目管理企业版需求聚类分析.md,enterprise-03025,北京北燃环能科技发展有限公司,合同管理、销售订单管理、采购管理、项目全流程管理,客户、销售与订单,商机与销售过程管理,,,,,,,,
enterprise,WPS项目管理企业版需求聚类分析.md,enterprise-03026,梦幻源门,梦,无,无,,,,,,,,
enterprise,WPS项目管理企业版需求聚类分析.md,enterprise-03027,梦幻源门,无,无,无,,,,,,,,
enterprise,WPS项目管理企业版需求聚类分析.md,enterprise-03028,研发实验室,研发管理,研发与产品管理,研发项目管理,,,,,,,,
enterprise,WPS项目管理企业版需求聚类分析.md,enterprise-03029,达的企业,工程项目管理,工程与施工管理,工程进度管理,,,,,,,,
enterprise,WPS项目管理企业版需求聚类分析.md,enterprise-03030,lyhh的企业,消费电子小批量试产,研发与产品管理,打样与试制管理,,,,,,,,
enterprise,WPS项目管理企业版需求聚类分析.md,enterprise-03031,渔湖人居环境一期,记录每日施工台账，人材机数量记录，每日工作计划，未完成计划,工程与施工管理,施工现场管理,,,,,,,,
enterprise,WPS项目管理企业版需求聚类分析.md,enterprise-03032,Jane的企业,老板让我回溯一下项目的各个时间点，找出生产延误的原因,项目与任务管理,项目进度跟踪,,,,,,,,
enterprise,WPS项目管理企业版需求聚类分析.md,enterprise-03033,无手机号测试企业,无,无,无,,,,,,,,
enterprise,WPS项目管理企业版需求聚类分析.md,enterprise-03034,释怀的企业,生成文件,协同办公与流程审批,文档与档案管理,,,,,,,,
enterprise,WPS项目管理企业版需求聚类分析.md,enterprise-03035,云南机场集团有限责任公司,跨模块工作项目信息共享,项目与任务管理,多项目组合管理,,,,,,,,
enterprise,WPS项目管理企业版需求聚类分析.md,enterprise-03036,JK的企业,项目管理,项目与任务管理,项目台账管理,,,,,,,,
enterprise,WPS项目管理企业版需求聚类分析.md,enterprise-03037,上海普洛汇生物科技有限公司,团队成员负责事项进度管理，可各自更新进度，日常跟进，例会汇报,项目与任务管理,项目进度跟踪,,,,,,,,
enterprise,WPS项目管理企业版需求聚类分析.md,enterprise-03038,张林的企业,电气二次设备,无,无,,,,,,,,
enterprise,WPS项目管理企业版需求聚类分析.md,enterprise-03039,农业工程学院,作为一所大学的二级学院，工作安排上希望一是学院领导以周为单位将工作任务安排到相关的系部及科室。再以周为单位收集各系部及科室的工作完成情况。二是系部及科室可以将工作再细化到职工个人。三是学校有学院或年度的工作任务或专项工作任务，希望通过系统可以跟踪每项工作任务的完成情况，完成进度。四是收集任务完成情况的同时也可以收集工作反馈信息，对任务难点进行协同解决,工程与施工管理,分包与班组管理,,,,,,,,
enterprise,WPS项目管理企业版需求聚类分析.md,enterprise-03040,国际人才培养中心,学生成绩管理、学生资料管理、学生教学进度管理、简单的师生交流,人力与组织管理,绩效与提成管理,,,,,,,,
enterprise,WPS项目管理企业版需求聚类分析.md,enterprise-03041,baby Lu的企业,AIGC结合高校课程，主要有教学管理 应用管理 课程开发,研发与产品管理,研发项目管理,,,,,,,,
enterprise,WPS项目管理企业版需求聚类分析.md,enterprise-03042,乐山LSXL,多种业务及工作内容公司，对项目推进情况；项目运营情况、收入；工程建设进度；项目回款；安全等进行管理,工程与施工管理,工程进度管理,,,,,,,,
enterprise,WPS项目管理企业版需求聚类分析.md,enterprise-03043,苏苏的企业,“自然语言输入 + 多项目管理 + 联系人 + 全局视图”，另外增加AI建议或者总结，比如说当几个项目的交期相近时，智能给出一个时间点去联系共同的对接人，同时处理，以达到提高效率的目的。,项目与任务管理,多项目组合管理,,,,,,,,
enterprise,WPS项目管理企业版需求聚类分析.md,enterprise-03044,Lizp的企业,公司日常工作安排和任务安排，进度管理,生产与制造管理,车间任务管理,,,,,,,,
enterprise,WPS项目管理企业版需求聚类分析.md,enterprise-03045,刘光德的企业,生成甘特图,项目与任务管理,甘特图与排期可视化,,,,,,,,
enterprise,WPS项目管理企业版需求聚类分析.md,enterprise-03046,上海符隆电子工程科技有限公司,12,无,无,,,,,,,,
enterprise,WPS项目管理企业版需求聚类分析.md,enterprise-03047,Gabrielle的企业,生成一份项目管理流程节点跟踪表格,项目与任务管理,项目计划管理,,,,,,,,
enterprise,WPS项目管理企业版需求聚类分析.md,enterprise-03048,阿克苏华恒电子设备有限公司,清楚项目信息，保存项目资料,项目与任务管理,项目台账管理,,,,,,,,
enterprise,WPS项目管理企业版需求聚类分析.md,enterprise-03049,河南鼎盛,项目经理带队施工，需要实现每日费用记录，工人工时记录，工作日报，工作难点，工作经验，明日计划，项目完成进度表。,工程与施工管理,施工现场管理,,,,,,,,
enterprise,WPS项目管理企业版需求聚类分析.md,enterprise-03050,西安航空学院,创业,研发与产品管理,产品开发管理,,,,,,,,
enterprise,WPS项目管理企业版需求聚类分析.md,enterprise-03051,山西虎符机电设备有限公司,项目进度管理,项目与任务管理,项目进度跟踪,,,,,,,,
enterprise,WPS项目管理企业版需求聚类分析.md,enterprise-03052,2014拼了的企业,工程施工总进度计划横道图,项目与任务管理,甘特图与排期可视化,,,,,,,,
enterprise,WPS项目管理企业版需求聚类分析.md,enterprise-03053,江苏佳益建设工程有限公司(项目部),工程施工,工程与施工管理,工程进度管理,,,,,,,,
enterprise,WPS项目管理企业版需求聚类分析.md,enterprise-03054,上海市血液中心,pokpo[kp,无,无,,,,,,,,
enterprise,WPS项目管理企业版需求聚类分析.md,enterprise-03055,无锡启智凌芯传感科技有限公司,相机代工项目,项目与任务管理,甘特图与排期可视化,,,,,,,,
enterprise,WPS项目管理企业版需求聚类分析.md,enterprise-03056,Date的企业,生产管理,生产与制造管理,排产管理,,,,,,,,
enterprise,WPS项目管理企业版需求聚类分析.md,enterprise-03057,上海迪派斯智慧医疗科技有限公司,个人IP打造项目管理,项目与任务管理,项目台账管理,,,,,,,,
enterprise,WPS项目管理企业版需求聚类分析.md,enterprise-03058,Jerry&#39;sTeam,项目管理,项目与任务管理,项目台账管理,,,,,,,,
enterprise,WPS项目管理企业版需求聚类分析.md,enterprise-03059,沧冥望舒的企业,检测设备项目管理,服务、工单与运维,巡检管理,,,,,,,,
enterprise,WPS项目管理企业版需求聚类分析.md,enterprise-03060,,机 电 光 软 算  采购    运输,,,,,,,,,,
enterprise,WPS项目管理企业版需求聚类分析.md,enterprise-03061,佛山市南海三才塑胶有限公司,代加工,生产与制造管理,装配与调试管理,,,,,,,,
enterprise,WPS项目管理企业版需求聚类分析.md,enterprise-03062, 吹个球球玩球球的企业,甘特图,项目与任务管理,甘特图与排期可视化,,,,,,,,
enterprise,WPS项目管理企业版需求聚类分析.md,enterprise-03063,WPS_1655276052的企业,运营数据分析,数据分析与经营看板,统计汇总,,,,,,,,
enterprise,WPS项目管理企业版需求聚类分析.md,enterprise-03064,杭州熠盛数码科技有限公司,项目管理,项目与任务管理,项目台账管理,,,,,,,,
enterprise,WPS项目管理企业版需求聚类分析.md,enterprise-03065,南宁职业技术大学,高校教学行政业务工作,协同办公与流程审批,行政事务管理,,,,,,,,
enterprise,WPS项目管理企业版需求聚类分析.md,enterprise-03066,Mr吴的企业,0,无,无,,,,,,,,
enterprise,WPS项目管理企业版需求聚类分析.md,enterprise-03067,杭鑫的企业,工程管理,工程与施工管理,工程进度管理,,,,,,,,
enterprise,WPS项目管理企业版需求聚类分析.md,enterprise-03068,云南智研电力技术有限公司,1,无,无,,,,,,,,
enterprise,WPS项目管理企业版需求聚类分析.md,enterprise-03069,王立飞的企业,职业病危害项目评价,质量、安全与合规,风险管理,,,,,,,,
enterprise,WPS项目管理企业版需求聚类分析.md,enterprise-03070,深圳市伟润达科技有限公司,研发跟进,研发与产品管理,研发项目管理,,,,,,,,
enterprise,WPS项目管理企业版需求聚类分析.md,enterprise-03071,杭州安恒信息技术股份有限公司,安全服务项目管理,服务、工单与运维,维保管理,,,,,,,,
enterprise,WPS项目管理企业版需求聚类分析.md,enterprise-03072,飞叶的企业,跟进新产品模具准时率，用料评估准确率，产能准确率，模具结构合理性,研发与产品管理,产品开发管理,,,,,,,,
enterprise,WPS项目管理企业版需求聚类分析.md,enterprise-03073,。的企业,发,无,无,,,,,,,,
enterprise,WPS项目管理企业版需求聚类分析.md,enterprise-03074,闻闻的企业,项目跟进、项目资料管理,项目与任务管理,项目台账管理,,,,,,,,
enterprise,WPS项目管理企业版需求聚类分析.md,enterprise-03075,山东信宇制冷设备工程有限公司,项目跟单,项目与任务管理,项目复盘与总结,,,,,,,,
enterprise,WPS项目管理企业版需求聚类分析.md,enterprise-03076,Joker-Ea的企业,项目进度看板,项目与任务管理,项目进度跟踪,,,,,,,,
enterprise,WPS项目管理企业版需求聚类分析.md,enterprise-03077,燕州农业,小麦种植飞防,无,无,,,,,,,,
enterprise,WPS项目管理企业版需求聚类分析.md,enterprise-03078,晏的企业,部门项目进度管理,项目与任务管理,项目进度跟踪,,,,,,,,
enterprise,WPS项目管理企业版需求聚类分析.md,enterprise-03079,Edifier_cat的企业,企业单位隐患检查,数据分析与经营看板,异常预警分析,,,,,,,,
enterprise,WPS项目管理企业版需求聚类分析.md,enterprise-03080,Will   (徐昱伟)的企业,产品设计生产管理,生产与制造管理,生产交付协同,,,,,,,,
enterprise,WPS项目管理企业版需求聚类分析.md,enterprise-03081,ZC的个人,科研项目管理,研发与产品管理,研发项目管理,,,,,,,,
enterprise,WPS项目管理企业版需求聚类分析.md,enterprise-03082,一重工程装备-工程部,项目管理,项目与任务管理,项目台账管理,,,,,,,,
enterprise,WPS项目管理企业版需求聚类分析.md,enterprise-03083,陕西乐骏鹏建设工程有限公司,更好的做资料,数据分析与经营看板,报表管理,,,,,,,,
enterprise,WPS项目管理企业版需求聚类分析.md,enterprise-03084,石化共享,请花1分钟时间分享您希望通过产品解决的核心问题或业务场景，我们将为你准备合适的模板，帮助你快速了解产品。,研发与产品管理,研发阶段管理,,,,,,,,
enterprise,WPS项目管理企业版需求聚类分析.md,enterprise-03085,四川金达通信工程有限公司,财务合同管理,财务、合同与结算,合同与招投标管理,,,,,,,,
enterprise,WPS项目管理企业版需求聚类分析.md,enterprise-03086,达安临检生化免疫,医学检验实验室,质量、安全与合规,质量检查与检验,,,,,,,,
enterprise,WPS项目管理企业版需求聚类分析.md,enterprise-03087,河北港口集团检测技术有限公司曹妃甸项目部,甘特图,项目与任务管理,甘特图与排期可视化,,,,,,,,
enterprise,WPS项目管理企业版需求聚类分析.md,enterprise-03088,深圳市特易电子有限公司,询盘未下单跟进表,客户、销售与订单,客户跟进管理,,,,,,,,
enterprise,WPS项目管理企业版需求聚类分析.md,enterprise-03089,,日期	询盘ID	采购等级	客户类型	是否获取客户信息	客户姓名	联系电话或微信	询盘商品ID	合作意向度	首次未下单原因	下次计划跟进时间	实际跟进时间与记录	业务员,,,,,,,,,,
enterprise,WPS项目管理企业版需求聚类分析.md,enterprise-03090,家梦科技,项目管理,项目与任务管理,项目台账管理,,,,,,,,
enterprise,WPS项目管理企业版需求聚类分析.md,enterprise-03091,广东易春秋律师事务所,案件管理,人力与组织管理,考勤管理,,,,,,,,
enterprise,WPS项目管理企业版需求聚类分析.md,enterprise-03092,风中劲草的企业,甘特图,项目与任务管理,甘特图与排期可视化,,,,,,,,
enterprise,WPS项目管理企业版需求聚类分析.md,enterprise-03093,风中劲草的企业,123,无,无,,,,,,,,
enterprise,WPS项目管理企业版需求聚类分析.md,enterprise-03094,微信用户的企业,跟进客户的软件开发进度及账号覆盖率,客户、销售与订单,客户跟进管理,,,,,,,,
enterprise,WPS项目管理企业版需求聚类分析.md,enterprise-03095,沈阳恒驿科技有限公司,库房出入库,供应链与仓储物流,出入库与调拨管理,,,,,,,,
enterprise,WPS项目管理企业版需求聚类分析.md,enterprise-03096,江苏振亚制冷空调设备有限公司,制造企业订单项目管理,客户、销售与订单,订单管理,,,,,,,,
enterprise,WPS项目管理企业版需求聚类分析.md,enterprise-03097,珠海湘粤建设工程有限公司,工程项目,工程与施工管理,工程进度管理,,,,,,,,
enterprise,WPS项目管理企业版需求聚类分析.md,enterprise-03098,马桥XF,任务流程、任务进度、,项目与任务管理,任务分配与协同,,,,,,,,
enterprise,WPS项目管理企业版需求聚类分析.md,enterprise-03099,创始人账号,科研项目,项目与任务管理,甘特图与排期可视化,,,,,,,,
enterprise,WPS项目管理企业版需求聚类分析.md,enterprise-03100,深圳市忆博通数码电子有限公司,项目流程管理,项目与任务管理,项目台账管理,,,,,,,,
enterprise,WPS项目管理企业版需求聚类分析.md,enterprise-03101,文波的企业,我在做互联网运营的管理者，有很多渠道、产品的项目需要关注,研发与产品管理,技术文档管理,,,,,,,,
enterprise,WPS项目管理企业版需求聚类分析.md,enterprise-03102,CMDI-JN,9,无,无,,,,,,,,
enterprise,WPS项目管理企业版需求聚类分析.md,enterprise-03103,8192046306的企业,创建甘特图,项目与任务管理,甘特图与排期可视化,,,,,,,,
enterprise,WPS项目管理企业版需求聚类分析.md,enterprise-03104,一二三四,科技项目申报项目任务个人管理,项目与任务管理,项目台账管理,,,,,,,,
enterprise,WPS项目管理企业版需求聚类分析.md,enterprise-03105,范大大!的企业,能够实现会议纪要整理与任务分配、文档智能分类与检索等。,协同办公与流程审批,会议与纪要管理,,,,,,,,
enterprise,WPS项目管理企业版需求聚类分析.md,enterprise-03106,上海邻集网络科技有限公司,项目管理,项目与任务管理,项目台账管理,,,,,,,,
enterprise,WPS项目管理企业版需求聚类分析.md,enterprise-03107,重九的企业,监理,服务、工单与运维,巡检管理,,,,,,,,
enterprise,WPS项目管理企业版需求聚类分析.md,enterprise-03108,通源-吴中自动化运维,项目管理推进,研发与产品管理,研发项目管理,,,,,,,,
enterprise,WPS项目管理企业版需求聚类分析.md,enterprise-03109,WPS_1601906754的企业,吉利稳定杆,无,无,,,,,,,,
enterprise,WPS项目管理企业版需求聚类分析.md,enterprise-03110,昆山项目部,统计,数据分析与经营看板,统计汇总,,,,,,,,
enterprise,WPS项目管理企业版需求聚类分析.md,enterprise-03111,ThinkerUnion,需求，开发，发布，修复bug,服务、工单与运维,故障与异常处理,,,,,,,,
enterprise,WPS项目管理企业版需求聚类分析.md,enterprise-03112,WXC-HD,年度重点任务管理，任务名称、内容、负责人、完成情况等,项目与任务管理,里程碑管理,,,,,,,,
enterprise,WPS项目管理企业版需求聚类分析.md,enterprise-03113,WPS_438115192的企业,机电安装,服务、工单与运维,安装与实施交付,,,,,,,,
enterprise,WPS项目管理企业版需求聚类分析.md,enterprise-03114,QiPeng.Zhang的企业,项目进度表,项目与任务管理,项目进度跟踪,,,,,,,,
enterprise,WPS项目管理企业版需求聚类分析.md,enterprise-03115,HUIZHOUdfgshd,恶无非,无,无,,,,,,,,
enterprise,WPS项目管理企业版需求聚类分析.md,enterprise-03116,446-102,统筹生产流程管理,生产与制造管理,工序流转管理,,,,,,,,
enterprise,WPS项目管理企业版需求聚类分析.md,enterprise-03117,苏州千幕文化发展有限公司,会议会务活动，年会活动，品牌公关活动，商场景区人气活动,协同办公与流程审批,会议与纪要管理,,,,,,,,
enterprise,WPS项目管理企业版需求聚类分析.md,enterprise-03118,安全管理,安环管理,人力与组织管理,考勤管理,,,,,,,,
enterprise,WPS项目管理企业版需求聚类分析.md,enterprise-03119,德为斯数字化,科技项目申报管理的业务使用,研发与产品管理,技术文档管理,,,,,,,,
enterprise,WPS项目管理企业版需求聚类分析.md,enterprise-03120,山东金友设备安装工程有限公司,1,无,无,,,,,,,,
enterprise,WPS项目管理企业版需求聚类分析.md,enterprise-03121,锥风科技(杭州)有限公司,看见你；看见你,无,无,,,,,,,,
enterprise,WPS项目管理企业版需求聚类分析.md,enterprise-03122,Hilda辉辉的企业,生成中英文双语表格,无,无,,,,,,,,
enterprise,WPS项目管理企业版需求聚类分析.md,enterprise-03123,聪哥的企业,IT项目管理,项目与任务管理,项目台账管理,,,,,,,,
enterprise,WPS项目管理企业版需求聚类分析.md,enterprise-03124,徐浩的企业,IT项目,项目与任务管理,项目复盘与总结,,,,,,,,
enterprise,WPS项目管理企业版需求聚类分析.md,enterprise-03125,wuhuoumou,1,无,无,,,,,,,,
enterprise,WPS项目管理企业版需求聚类分析.md,enterprise-03126,微信用户的企业000,测量路基分层台账,数据分析与经营看板,可视化看板,,,,,,,,
enterprise,WPS项目管理企业版需求聚类分析.md,enterprise-03127,我的团体项目,工程管理,工程与施工管理,工程进度管理,,,,,,,,
enterprise,WPS项目管理企业版需求聚类分析.md,enterprise-03128,鸽江建设,工程,工程与施工管理,工程进度管理,,,,,,,,
enterprise,WPS项目管理企业版需求聚类分析.md,enterprise-03129,干线系统部,系统产品开发和项目管理,研发与产品管理,产品开发管理,,,,,,,,
enterprise,WPS项目管理企业版需求聚类分析.md,enterprise-03130,沉默的企业,行政工作,协同办公与流程审批,行政事务管理,,,,,,,,
enterprise,WPS项目管理企业版需求聚类分析.md,enterprise-03131,西峡县金方圆密封材料有限责任公司,盯进度,无,无,,,,,,,,
enterprise,WPS项目管理企业版需求聚类分析.md,enterprise-03132,王长林的企业,编制进度计划横道图,项目与任务管理,甘特图与排期可视化,,,,,,,,
enterprise,WPS项目管理企业版需求聚类分析.md,enterprise-03133,张金龙的企业,项目管理,项目与任务管理,项目台账管理,,,,,,,,
enterprise,WPS项目管理企业版需求聚类分析.md,enterprise-03134,wei的企业,订单管理,客户、销售与订单,订单管理,,,,,,,,
enterprise,WPS项目管理企业版需求聚类分析.md,enterprise-03135,云南君昌建筑工程有限公司,.,无,无,,,,,,,,
enterprise,WPS项目管理企业版需求聚类分析.md,enterprise-03136,恭城县鼎盛电子科技有限公司,生产、货物进出、员工考勤,生产与制造管理,车间任务管理,,,,,,,,
enterprise,WPS项目管理企业版需求聚类分析.md,enterprise-03137,马邑人建设有限公司,工程项目管理,工程与施工管理,工程进度管理,,,,,,,,
enterprise,WPS项目管理企业版需求聚类分析.md,enterprise-03138,oue fork,我是一家餐厅的运营负责人，需要全盘运营管理门店,客户、销售与订单,电商与门店运营,,,,,,,,
enterprise,WPS项目管理企业版需求聚类分析.md,enterprise-03139,上海至纯,项目进度管理表及甘特图,项目与任务管理,甘特图与排期可视化,,,,,,,,
enterprise,WPS项目管理企业版需求聚类分析.md,enterprise-03140,BIM项目管理,BIM项目实施管理,数据分析与经营看板,BI与经营分析,,,,,,,,
enterprise,WPS项目管理企业版需求聚类分析.md,enterprise-03141,疾控物业,打卡巡逻,人力与组织管理,考勤管理,,,,,,,,
enterprise,WPS项目管理企业版需求聚类分析.md,enterprise-03142,汪豪的企业,按照单个站点不同工序下列出必备材料和工具,生产与制造管理,装配与调试管理,,,,,,,,
enterprise,WPS项目管理企业版需求聚类分析.md,enterprise-03143,上海控进智能科技有限公司,公司在项目上的 支出和收入记录、进销发票记录、项目发票统计、项目应收应付统计,财务、合同与结算,发票与结算管理,,,,,,,,
enterprise,WPS项目管理企业版需求聚类分析.md,enterprise-03144,中铁十五局集团有限公司(上海新能源有限公司)(苍巴项目部),1,无,无,,,,,,,,
enterprise,WPS项目管理企业版需求聚类分析.md,enterprise-03145,固原指南针应急商贸有限公司,...,无,无,,,,,,,,
enterprise,WPS项目管理企业版需求聚类分析.md,enterprise-03146,南京市秦淮区徐家鸭子店,项目,无,无,,,,,,,,
enterprise,WPS项目管理企业版需求聚类分析.md,enterprise-03147,昕的企业,项目管理全流程,项目与任务管理,项目台账管理,,,,,,,,
enterprise,WPS项目管理企业版需求聚类分析.md,enterprise-03148,北京数码大方科技股份有限公司,项目计划编制,项目与任务管理,项目计划管理,,,,,,,,
enterprise,WPS项目管理企业版需求聚类分析.md,enterprise-03149,宁波兴业盛泰集团有限公司,项目流程和进度管理,研发与产品管理,研发项目管理,,,,,,,,
enterprise,WPS项目管理企业版需求聚类分析.md,enterprise-03150,宿命的企业,小型项目团队，项目数量多，但人员有限，需要交叉作业，需要能有效运用人力资源,人力与组织管理,工时与人员负荷管理,,,,,,,,
enterprise,WPS项目管理企业版需求聚类分析.md,enterprise-03151,德云的企业,项目管理,项目与任务管理,项目台账管理,,,,,,,,
enterprise,WPS项目管理企业版需求聚类分析.md,enterprise-03152,宋志超的企业,高速公路施工,工程与施工管理,基建与市政项目管理,,,,,,,,
enterprise,WPS项目管理企业版需求聚类分析.md,enterprise-03153,薛涛新的企业,生产车间的厂内搬迁（从一个车间场地搬到另外的车间场地）,生产与制造管理,车间任务管理,,,,,,,,
enterprise,WPS项目管理企业版需求聚类分析.md,enterprise-03154,渝武高速试验室,发大水,无,无,,,,,,,,
enterprise,WPS项目管理企业版需求聚类分析.md,enterprise-03155,罗帆的企业,工程施工项目管理,工程与施工管理,工程进度管理,,,,,,,,
enterprise,WPS项目管理企业版需求聚类分析.md,enterprise-03156,内蒙古超众电力工程有限公司,我们是一家电力工程施工单位，需要有线上的表格统计进行每天的电力工程施工进度管理，以及每天的抢修工程具体进展以及管理，汇总的文档，企业员工之间可以互相更改，和进度统计,数据分析与经营看板,统计汇总,,,,,,,,
enterprise,WPS项目管理企业版需求聚类分析.md,enterprise-03157,四川拓泰律师事务所-守创律师团队,123,无,无,,,,,,,,
enterprise,WPS项目管理企业版需求聚类分析.md,enterprise-03158,320国道杭州项目,任务跟踪执行,项目与任务管理,项目进度跟踪,,,,,,,,
enterprise,WPS项目管理企业版需求聚类分析.md,enterprise-03159,rain的企业,工程类房建项目,工程与施工管理,工程进度管理,,,,,,,,
enterprise,WPS项目管理企业版需求聚类分析.md,enterprise-03160,123的企业,1,无,无,,,,,,,,
enterprise,WPS项目管理企业版需求聚类分析.md,enterprise-03161,新疆铁门关市鲁平生物科技有限公司,下,无,无,,,,,,,,
enterprise,WPS项目管理企业版需求聚类分析.md,enterprise-03162,清欢渡.的企业,幼儿园安全隐患维修,质量、安全与合规,安全管理,,,,,,,,
enterprise,WPS项目管理企业版需求聚类分析.md,enterprise-03163,NSEI特检业务,项目管理合同管理客户管理,项目与任务管理,项目台账管理,,,,,,,,
enterprise,WPS项目管理企业版需求聚类分析.md,enterprise-03164,金飞的企业,前期,无,无,,,,,,,,
enterprise,WPS项目管理企业版需求聚类分析.md,enterprise-03165,无吾的企业,生成一份财务账单明细表,财务、合同与结算,收付款与回款管理,,,,,,,,
enterprise,WPS项目管理企业版需求聚类分析.md,enterprise-03166,红稀饭的企业,项目进度管理，预期时间与实际时间的关系和预警,项目与任务管理,项目进度跟踪,,,,,,,,
enterprise,WPS项目管理企业版需求聚类分析.md,enterprise-03167,汉哲咨询,项目进度控制,项目与任务管理,项目进度跟踪,,,,,,,,
enterprise,WPS项目管理企业版需求聚类分析.md,enterprise-03168,水银的企业,项目登记，合同明细，合同金额，发票登记，付款到账，收款到账,财务、合同与结算,发票与结算管理,,,,,,,,
enterprise,WPS项目管理企业版需求聚类分析.md,enterprise-03169, 的企业,产品开发进度项目管理,研发与产品管理,研发项目管理,,,,,,,,
enterprise,WPS项目管理企业版需求聚类分析.md,enterprise-03170,core_team,111,无,无,,,,,,,,
enterprise,WPS项目管理企业版需求聚类分析.md,enterprise-03171,辽宁锐晟工程咨询有限公司,项目进度管理,项目与任务管理,项目进度跟踪,,,,,,,,
enterprise,WPS项目管理企业版需求聚类分析.md,enterprise-03172,中弗汽车工业(宁波)有限公司,发动机空滤管路项目管理,生产与制造管理,工序流转管理,,,,,,,,
enterprise,WPS项目管理企业版需求聚类分析.md,enterprise-03173,べ遇見つ的企业,做为PMC主计划怎么能清楚的了解整个订单到交付的过程,客户、销售与订单,发货与交付跟踪,,,,,,,,
enterprise,WPS项目管理企业版需求聚类分析.md,enterprise-03174,微信用户的企业,那曲市高校毕业生创业孵化基地企业代表茶话会活动方案,项目与任务管理,项目计划管理,,,,,,,,
enterprise,WPS项目管理企业版需求聚类分析.md,enterprise-03175,,一、活动基本信息,,,,,,,,,,
enterprise,WPS项目管理企业版需求聚类分析.md,enterprise-03176,,1. 活动主题：暖冬聚首·创享未来——那曲创业孵化基地企业茶话会,,,,,,,,,,
enterprise,WPS项目管理企业版需求聚类分析.md,enterprise-03177,,2. 活动时间：,,,,,,,,,,
enterprise,WPS项目管理企业版需求聚类分析.md,enterprise-03178,,3. 活动地点：那曲市高校毕业生创业孵化基地,,,,,,,,,,
enterprise,WPS项目管理企业版需求聚类分析.md,enterprise-03179,,4. 参与对象：孵化基地入驻企业代表、基地运营团队成员,,,,,,,,,,
enterprise,WPS项目管理企业版需求聚类分析.md,enterprise-03180,,二、活动目的,,,,,,,,,,
enterprise,WPS项目管理企业版需求聚类分析.md,enterprise-03181,,1. 搭建企业间交流沟通的平台，增进入驻企业的情感联结与合作意向。,,,,,,,,,,
enterprise,WPS项目管理企业版需求聚类分析.md,enterprise-03182,,2. 倾听企业发展诉求与建议，优化基地后续运营服务内容。,,,,,,,,,,
enterprise,WPS项目管理企业版需求聚类分析.md,enterprise-03183,,3. 营造轻松愉悦的创业氛围，丰富企业代表的业余交流生活。,,,,,,,,,,
enterprise,WPS项目管理企业版需求聚类分析.md,enterprise-03184,,三、活动流程安排,,,,,,,,,,
enterprise,WPS项目管理企业版需求聚类分析.md,enterprise-03185,,时间节点 活动环节 具体内容,,,,,,,,,,
enterprise,WPS项目管理企业版需求聚类分析.md,enterprise-03186,,14:30-15:00 签到入场 1.  基地运营人员引导企业代表签到，2.  代表自由参观交流，享用提前准备的茶歇,,,,,,,,,,
enterprise,WPS项目管理企业版需求聚类分析.md,enterprise-03187,,15:00-15:10 开场致辞 基地负责人致辞，欢迎企业代表到来，说明茶话会目的与流程,,,,,,,,,,
enterprise,WPS项目管理企业版需求聚类分析.md,enterprise-03188,,15:10-16:00 畅聊分享 1.  企业代表轮流自我介绍（企业名称+主营方向+发展需求），时长控制在2分钟/人2.  开放自由交流环节，围绕创业经验、资源对接、基地服务建议展开讨论,,,,,,,,,,
enterprise,WPS项目管理企业版需求聚类分析.md,enterprise-03189,,16:00-17:00 才艺互动 1.  自愿报名的企业代表上台表演节目,,,,,,,,,,
enterprise,WPS项目管理企业版需求聚类分析.md,enterprise-03190,Administrator1的企业(分部),项目全生命周期管理，从商机获取，解决方案，招投标，前向合同签订，项目交付，项目验收，完结等,项目与任务管理,里程碑管理,,,,,,,,
enterprise,WPS项目管理企业版需求聚类分析.md,enterprise-03191,Augenstern的企业,要同一项目的不同阶段的不同操作人可以同时看到该动态文档，并且任何一个人对该文档进行操作时，该项目的相关人都会收到通知，希望它以一种简易OA的形式存在，即不需要审批手续，但是每个流程节点都能明确,协同办公与流程审批,审批流程管理,,,,,,,,
enterprise,WPS项目管理企业版需求聚类分析.md,enterprise-03192,未知,项目进度管理,项目与任务管理,项目进度跟踪,,,,,,,,
enterprise,WPS项目管理企业版需求聚类分析.md,enterprise-03193,江汉大学,项目经理分配项目阶段、项目阶段负责人、时间节点，项目阶段负责人细分到具体任务和对应的时间节点，统计任务、项目阶段的进度、生成甘特图,项目与任务管理,甘特图与排期可视化,,,,,,,,
enterprise,WPS项目管理企业版需求聚类分析.md,enterprise-03194,运达能源科技集团股份有限公司,自行查看模板,项目与任务管理,甘特图与排期可视化,,,,,,,,
enterprise,WPS项目管理企业版需求聚类分析.md,enterprise-03195,常州机电职业技术学院,学校双高项目管理,项目与任务管理,项目计划管理,,,,,,,,
enterprise,WPS项目管理企业版需求聚类分析.md,enterprise-03196,品透人情薄如纸的企业,项目,无,无,,,,,,,,
enterprise,WPS项目管理企业版需求聚类分析.md,enterprise-03197,中凯科技,11,无,无,,,,,,,,
enterprise,WPS项目管理企业版需求聚类分析.md,enterprise-03198,YIN-子聪的企业,问题部门,服务、工单与运维,故障与异常处理,,,,,,,,
enterprise,WPS项目管理企业版需求聚类分析.md,enterprise-03199,王小健的企业,需求开发跟进,研发与产品管理,研发项目管理,,,,,,,,
enterprise,WPS项目管理企业版需求聚类分析.md,enterprise-03200,桑九的企业,项目甘特图,项目与任务管理,甘特图与排期可视化,,,,,,,,
enterprise,WPS项目管理企业版需求聚类分析.md,enterprise-03201,中交机电工程局有限公司项目管理中心,管理多个项目经营数据，看清每一个项目数据，同时能够汇总分析,项目与任务管理,多项目组合管理,,,,,,,,
enterprise,WPS项目管理企业版需求聚类分析.md,enterprise-03202,I&#39;m henry 13269658466的企业,自动生成项目立项--项目正式落地的全过程管理工具,研发与产品管理,研发项目管理,,,,,,,,
enterprise,WPS项目管理企业版需求聚类分析.md,enterprise-03203,安徽亳泰中药科技有限公司,调度各个部门,服务、工单与运维,巡检管理,,,,,,,,
enterprise,WPS项目管理企业版需求聚类分析.md,enterprise-03204,Paisley的企业,车载软件开发项目,服务、工单与运维,安装与实施交付,,,,,,,,
enterprise,WPS项目管理企业版需求聚类分析.md,enterprise-03205,小小的企业,项目进度管理,项目与任务管理,项目进度跟踪,,,,,,,,
enterprise,WPS项目管理企业版需求聚类分析.md,enterprise-03206,西藏自治区住房和城乡建设厅,管理平台,人力与组织管理,考勤管理,,,,,,,,
enterprise,WPS项目管理企业版需求聚类分析.md,enterprise-03207,中国民航大学,督促和管理学生毕业设计进度,人力与组织管理,培训与人才发展管理,,,,,,,,
enterprise,WPS项目管理企业版需求聚类分析.md,enterprise-03208,医务-行风组,完成医院行风管理核心制度20个分项制度的推进,项目与任务管理,任务分配与协同,,,,,,,,
enterprise,WPS项目管理企业版需求聚类分析.md,enterprise-03209,重庆智飞互联网科技有限公司,实现工作计划的管理,工程与施工管理,工程进度管理,,,,,,,,
enterprise,WPS项目管理企业版需求聚类分析.md,enterprise-03210,兰州伟远达网络技术有限责任公司,信息化集成公司,协同办公与流程审批,协同办公,,,,,,,,
enterprise,WPS项目管理企业版需求聚类分析.md,enterprise-03211,BYRNE COMPUTING LIMITED,自动化项目,项目与任务管理,甘特图与排期可视化,,,,,,,,
enterprise,WPS项目管理企业版需求聚类分析.md,enterprise-03212,武汉三石海科技发展有限公司,工程量统计以及分析,数据分析与经营看板,绩效与工作量分析,,,,,,,,
enterprise,WPS项目管理企业版需求聚类分析.md,enterprise-03213,Jeff He的企业,职域业务项目安排,项目与任务管理,项目计划管理,,,,,,,,
enterprise,WPS项目管理企业版需求聚类分析.md,enterprise-03214,陕西研筑信息科技有限公司,项目管理和项目成本管理,财务、合同与结算,成本核算管理,,,,,,,,
enterprise,WPS项目管理企业版需求聚类分析.md,enterprise-03215,西北5A级胡子的企业,通用航空企业业务管理,人力与组织管理,考勤管理,,,,,,,,
enterprise,WPS项目管理企业版需求聚类分析.md,enterprise-03216,淚的企业,项目现场管理,工程与施工管理,施工现场管理,,,,,,,,
enterprise,WPS项目管理企业版需求聚类分析.md,enterprise-03217,HASWB,111,无,无,,,,,,,,
enterprise,WPS项目管理企业版需求聚类分析.md,enterprise-03218,易事特集团股份有限公司,IT系统项目管理,项目与任务管理,项目台账管理,,,,,,,,
enterprise,WPS项目管理企业版需求聚类分析.md,enterprise-03219,WPS_1687501010的企业,每天记录，明天计划、进度，时间节点等相关,项目与任务管理,项目计划管理,,,,,,,,
enterprise,WPS项目管理企业版需求聚类分析.md,enterprise-03220,山西太原,大型活动统筹、项目管理,项目与任务管理,多项目组合管理,,,,,,,,
enterprise,WPS项目管理企业版需求聚类分析.md,enterprise-03221,研发团队,项目管理,项目与任务管理,项目台账管理,,,,,,,,
enterprise,WPS项目管理企业版需求聚类分析.md,enterprise-03222,0°C的企业,政府科室工作,协同办公与流程审批,行政事务管理,,,,,,,,
enterprise,WPS项目管理企业版需求聚类分析.md,enterprise-03223,奋斗的企业,固装家具的全链条项目管理,工程与施工管理,装修装饰项目管理,,,,,,,,
enterprise,WPS项目管理企业版需求聚类分析.md,enterprise-03224,山河已秋,项目人员组织架构及岗位职责分解,人力与组织管理,组织与岗位管理,,,,,,,,
enterprise,WPS项目管理企业版需求聚类分析.md,enterprise-03225,世道人心1419920700的企业,我是做医疗器械，有个粘膜切开刀项目，想从研发到注册完成全流程，帮我生成一个全流程管理模板,研发与产品管理,研发阶段管理,,,,,,,,
enterprise,WPS项目管理企业版需求聚类分析.md,enterprise-03226,湖州办事处,项目管理流程,项目与任务管理,项目台账管理,,,,,,,,
enterprise,WPS项目管理企业版需求聚类分析.md,enterprise-03227,机电运输科合同,解决项目的符合性,项目与任务管理,项目复盘与总结,,,,,,,,
enterprise,WPS项目管理企业版需求聚类分析.md,enterprise-03228,WPS_1682559511的企业,重点项目跟进,项目与任务管理,项目进度跟踪,,,,,,,,
enterprise,WPS项目管理企业版需求聚类分析.md,enterprise-03229,知识力量,EPS转向,无,无,,,,,,,,
enterprise,WPS项目管理企业版需求聚类分析.md,enterprise-03230,广西民族大学ISpec团队,待办,无,无,,,,,,,,
enterprise,WPS项目管理企业版需求聚类分析.md,enterprise-03231,刘传政的企业,工程项目管理,工程与施工管理,工程进度管理,,,,,,,,
enterprise,WPS项目管理企业版需求聚类分析.md,enterprise-03232,007的企业,项目,无,无,,,,,,,,
enterprise,WPS项目管理企业版需求聚类分析.md,enterprise-03233,目愈的企业,通过项目管理，实现不同项目进展，时间节点，各板块负责人，负责事务进展，目标达成情况，同时体现风险以及风险规避措施。,项目与任务管理,项目计划管理,,,,,,,,
enterprise,WPS项目管理企业版需求聚类分析.md,enterprise-03234,南宁半岛科技,退出,无,无,,,,,,,,
enterprise,WPS项目管理企业版需求聚类分析.md,enterprise-03235,周个人文档,其他,无,无,,,,,,,,
enterprise,WPS项目管理企业版需求聚类分析.md,enterprise-03236,丹丹叔叔的企业,网络设备、安防设备销售、售后等,服务、工单与运维,巡检管理,,,,,,,,
enterprise,WPS项目管理企业版需求聚类分析.md,enterprise-03237,深创投广场环境部,物业管理、清洁卫生、绿化,质量、安全与合规,质量管理,,,,,,,,
enterprise,WPS项目管理企业版需求聚类分析.md,enterprise-03238,ANNA的企业,律师案件管理,客户、销售与订单,商机与销售过程管理,,,,,,,,
enterprise,WPS项目管理企业版需求聚类分析.md,enterprise-03239,Fireiss的企业,项目进度管理,项目与任务管理,项目进度跟踪,,,,,,,,
enterprise,WPS项目管理企业版需求聚类分析.md,enterprise-03240,梦中の婚礼的企业,游戏项目开发 新增 bug  内容优化 待验收,项目与任务管理,项目复盘与总结,,,,,,,,
enterprise,WPS项目管理企业版需求聚类分析.md,enterprise-03241,采薇阁居士的企业,我们是做电机维修的企业，希望管理订单,生产与制造管理,排产管理,,,,,,,,
enterprise,WPS项目管理企业版需求聚类分析.md,enterprise-03242,苏州天欣健康科技有限公司,对公司信息化建设项目及相关批发业务项目建立可视化项目管控,项目与任务管理,甘特图与排期可视化,,,,,,,,
enterprise,WPS项目管理企业版需求聚类分析.md,enterprise-03243,产品体验测试,订单管理,客户、销售与订单,订单管理,,,,,,,,
enterprise,WPS项目管理企业版需求聚类分析.md,enterprise-03244,GW交付项目管理,统计看板内展示项目名称、相关对接人信息、上门地址、上门时间、上门实施事项、设备类别、业务来源时间、实施服务站、站点站号、上门人员信息、结费标准、上门工单、是否完成费用结算、费用结算金额、超标服务费用等,数据分析与经营看板,可视化看板,,,,,,,,
enterprise,WPS项目管理企业版需求聚类分析.md,enterprise-03245,GX集团,针对各级子公司关于项目前期工作进展管理，前期工作分为做地、方案、施工图，同时各阶段部分工作为前一阶段的前置工作，各阶段部分工作可以前置进行。我需对整个集团前期工作推进有明晰把握。,工程与施工管理,工程进度管理,,,,,,,,
enterprise,WPS项目管理企业版需求聚类分析.md,enterprise-03246,北京大国之兴建设集团有限公司,工程,工程与施工管理,工程进度管理,,,,,,,,
enterprise,WPS项目管理企业版需求聚类分析.md,enterprise-03247,重庆公共交通运营有限公司,员工用餐签字表,协同办公与流程审批,待办与提醒管理,,,,,,,,
enterprise,WPS项目管理企业版需求聚类分析.md,enterprise-03248,上海乐享惠电子商务有限公司,1,无,无,,,,,,,,
enterprise,WPS项目管理企业版需求聚类分析.md,enterprise-03249,上海乐享惠电子商务有限公司,1,无,无,,,,,,,,
enterprise,WPS项目管理企业版需求聚类分析.md,enterprise-03250,陶麒的企业,1,无,无,,,,,,,,
enterprise,WPS项目管理企业版需求聚类分析.md,enterprise-03251,常州市端杰模具有限公司1,GGFDG,无,无,,,,,,,,
enterprise,WPS项目管理企业版需求聚类分析.md,enterprise-03252,高效又厉害的管理团队,项目管理,项目与任务管理,项目台账管理,,,,,,,,
enterprise,WPS项目管理企业版需求聚类分析.md,enterprise-03253,绍兴柯桥哲宸纺织品有限公司,111,无,无,,,,,,,,
enterprise,WPS项目管理企业版需求聚类分析.md,enterprise-03254,上善若水的企业,需求管理,研发与产品管理,需求分析管理,,,,,,,,
enterprise,WPS项目管理企业版需求聚类分析.md,enterprise-03255,Alex.yu的企业,项目进度,项目与任务管理,项目进度跟踪,,,,,,,,
enterprise,WPS项目管理企业版需求聚类分析.md,enterprise-03256,呼和浩特市商贸旅游职业学校,文件流转,协同办公与流程审批,文档与档案管理,,,,,,,,
enterprise,WPS项目管理企业版需求聚类分析.md,enterprise-03257,西和县中宝矿业有限公司,无,无,无,,,,,,,,
enterprise,WPS项目管理企业版需求聚类分析.md,enterprise-03258,柏艺仿真植物,仿真植物重原料到组装到成品,供应链与仓储物流,物料采购管理,,,,,,,,
enterprise,WPS项目管理企业版需求聚类分析.md,enterprise-03259,中建市政西北院,数据统计分析,数据分析与经营看板,统计汇总,,,,,,,,
enterprise,WPS项目管理企业版需求聚类分析.md,enterprise-03260,Mushyco的企业,建立合规风险清单和法律汇编库，需要定期更新和复审合规状况。每周要形成合规审核周报。,质量、安全与合规,内控与审计合规,,,,,,,,
enterprise,WPS项目管理企业版需求聚类分析.md,enterprise-03261,Enjoy life的企业,管理各个项目进度目标如期完成,项目与任务管理,项目进度跟踪,,,,,,,,
enterprise,WPS项目管理企业版需求聚类分析.md,enterprise-03262,fairy鑫的企业,1,无,无,,,,,,,,
enterprise,WPS项目管理企业版需求聚类分析.md,enterprise-03263,无事大神仙的企业,项目整体进度管理与把控,研发与产品管理,研发项目管理,,,,,,,,
enterprise,WPS项目管理企业版需求聚类分析.md,enterprise-03264,老马2017的企业,问我,无,无,,,,,,,,
enterprise,WPS项目管理企业版需求聚类分析.md,enterprise-03265,无锡贝拉德瑞克电子商务有限公司,化妆品研发、检测、生产、销售,研发与产品管理,打样与试制管理,,,,,,,,
enterprise,WPS项目管理企业版需求聚类分析.md,enterprise-03266,中国煤炭科工集团有限公司,行政管理通用,协同办公与流程审批,行政事务管理,,,,,,,,
enterprise,WPS项目管理企业版需求聚类分析.md,enterprise-03267,合烟烟烟,11,无,无,,,,,,,,
enterprise,WPS项目管理企业版需求聚类分析.md,enterprise-03268,Speace X,项目生产进度计划,工程与施工管理,工程进度管理,,,,,,,,
enterprise,WPS项目管理企业版需求聚类分析.md,enterprise-03269,运维服务,项目登记、下单、工单预算、工单实施、工单结算,工程与施工管理,工程结算管理,,,,,,,,
enterprise,WPS项目管理企业版需求聚类分析.md,enterprise-03270,K丶的企业,工程进度计划,工程与施工管理,工程进度管理,,,,,,,,
enterprise,WPS项目管理企业版需求聚类分析.md,enterprise-03271,盛卡精密,二位,无,无,,,,,,,,
enterprise,WPS项目管理企业版需求聚类分析.md,enterprise-03272,集团公司,解决任务发布、接收、上报,项目与任务管理,任务分配与协同,,,,,,,,
enterprise,WPS项目管理企业版需求聚类分析.md,enterprise-03273,叫试用’的企业,重复性模版，任务流程不变,项目与任务管理,项目复盘与总结,,,,,,,,
enterprise,WPS项目管理企业版需求聚类分析.md,enterprise-03274,Z .的企业,我需要了解项目的合同号，用户名称、最终用户名称，回款进度，项目负责人，项目阶段，能够从别的表格中读取这些内容,项目与任务管理,项目台账管理,,,,,,,,
enterprise,WPS项目管理企业版需求聚类分析.md,enterprise-03275,李游律师的企业,显示多个项目进展,项目与任务管理,项目进度跟踪,,,,,,,,
enterprise,WPS项目管理企业版需求聚类分析.md,enterprise-03276,王渊的企业,项目管理,项目与任务管理,项目台账管理,,,,,,,,
enterprise,WPS项目管理企业版需求聚类分析.md,enterprise-03277,生鱼片的企业,多个项目管理,项目与任务管理,多项目组合管理,,,,,,,,
enterprise,WPS项目管理企业版需求聚类分析.md,enterprise-03278,佳木斯市佳大建筑工程有限公司,我们企业有景观项目部，装修项目部，旧改项目部、市政项目部，土建项目部，有厂部，职能部门有行政综合办、物资部、商务部、技术部、财务部,工程与施工管理,基建与市政项目管理,,,,,,,,
enterprise,WPS项目管理企业版需求聚类分析.md,enterprise-03279,四川九载工程项目管理集团有限公司,我是招标代理机构，需要对每一个招标项目按照招标流程进行管理,财务、合同与结算,合同与招投标管理,,,,,,,,
enterprise,WPS项目管理企业版需求聚类分析.md,enterprise-03280,远方的企业,防水连接器,无,无,,,,,,,,
enterprise,WPS项目管理企业版需求聚类分析.md,enterprise-03281,贾艳潇的企业,软件行业的项目计划,项目与任务管理,项目计划管理,,,,,,,,
enterprise,WPS项目管理企业版需求聚类分析.md,enterprise-03282,浙江百圣建设有限公司,建筑工程,工程与施工管理,工程进度管理,,,,,,,,
enterprise,WPS项目管理企业版需求聚类分析.md,enterprise-03283,CCUS,工程项目计划管理,工程与施工管理,工程进度管理,,,,,,,,
enterprise,WPS项目管理企业版需求聚类分析.md,enterprise-03284,郭庆的企业,建筑公司如何管理各项目工期、进度、质量，以及上游工程款收回金额时间，下游支付情况,工程与施工管理,工程结算管理,,,,,,,,
enterprise,WPS项目管理企业版需求聚类分析.md,enterprise-03285,上海安可信燃气设备有限公司,燃气设备安装工程,服务、工单与运维,安装与实施交付,,,,,,,,
enterprise,WPS项目管理企业版需求聚类分析.md,enterprise-03286,遵义市跃顺畅矿业有限公司,111,无,无,,,,,,,,
enterprise,WPS项目管理企业版需求聚类分析.md,enterprise-03287,Aera Era Limited,竞品动态跟踪表,项目与任务管理,甘特图与排期可视化,,,,,,,,
enterprise,WPS项目管理企业版需求聚类分析.md,enterprise-03288,cccc的企业,项目进度任务管理,项目与任务管理,项目进度跟踪,,,,,,,,
enterprise,WPS项目管理企业版需求聚类分析.md,enterprise-03289,张振华2017的企业,项目进度表,项目与任务管理,项目进度跟踪,,,,,,,,
enterprise,WPS项目管理企业版需求聚类分析.md,enterprise-03290,王博律师的企业,每日记录已完成的任务,项目与任务管理,里程碑管理,,,,,,,,
enterprise,WPS项目管理企业版需求聚类分析.md,enterprise-03291,赤兔的企业,铝材销售,供应链与仓储物流,物料采购管理,,,,,,,,
enterprise,WPS项目管理企业版需求聚类分析.md,enterprise-03292,机械工程系,我是一名教师，负责管理和统计各班违规违纪扣分情况。每日违规违纪情况由各学生会成员上传，包括宿舍违规违纪和个人违规违纪两部分。希望能有一个系统，方便每个学生会成员上传查处的违规违纪情况，也方便我统计各班每日、每月的扣分情况。,协同办公与流程审批,台账与登记管理,,,,,,,,
enterprise,WPS项目管理企业版需求聚类分析.md,enterprise-03293,842247654@qq.com的企业,项目管理对应人员产值发放,人力与组织管理,薪酬与社保管理,,,,,,,,
enterprise,WPS项目管理企业版需求聚类分析.md,enterprise-03294,四川铮程科技有限公司,1111111111111111,无,无,,,,,,,,
enterprise,WPS项目管理企业版需求聚类分析.md,enterprise-03295,湖南百宜云商科技有限公司,任务进度表,项目与任务管理,甘特图与排期可视化,,,,,,,,
enterprise,WPS项目管理企业版需求聚类分析.md,enterprise-03296,上海大音信息科技有限公司,项目管理从售前到售后的流程流转,客户、销售与订单,商机与销售过程管理,,,,,,,,
enterprise,WPS项目管理企业版需求聚类分析.md,enterprise-03297,上海康定医疗器械有限公司,项目管理,项目与任务管理,项目台账管理,,,,,,,,
enterprise,WPS项目管理企业版需求聚类分析.md,enterprise-03298,冬的企业,暂时不需要,无,无,,,,,,,,
enterprise,WPS项目管理企业版需求聚类分析.md,enterprise-03299,WPS_1601801963的企业,汽车行业项目管理,研发与产品管理,研发阶段管理,,,,,,,,
enterprise,WPS项目管理企业版需求聚类分析.md,enterprise-03300,秦皇岛银行股份有限公司,整个部门项目的进度,研发与产品管理,研发项目管理,,,,,,,,
enterprise,WPS项目管理企业版需求聚类分析.md,enterprise-03301,pllp的企业,客户跟进记录,客户、销售与订单,客户跟进管理,,,,,,,,
enterprise,WPS项目管理企业版需求聚类分析.md,enterprise-03302,lynn的企业,我负责人员管理，主要党建、行政、业务、培训工作，员工均外勤工作，我们管理团队3个人，2个人负责业务，1个人负责党务与行政，我需要定期关注员工思想动态、业务情况、出勤率等工作，还有员工的绩效成绩，帮我将繁杂工作梳理汇总成任务看板与数据看板，能够清晰了解队伍情况,数据分析与经营看板,可视化看板,,,,,,,,
enterprise,WPS项目管理企业版需求聚类分析.md,enterprise-03303,玉环达丰,技术项目,研发与产品管理,技术文档管理,,,,,,,,
enterprise,WPS项目管理企业版需求聚类分析.md,enterprise-03304,亳州市人民医院体检中心,体检中心团检单位年度签约金额汇总,财务、合同与结算,应收应付管理,,,,,,,,
enterprise,WPS项目管理企业版需求聚类分析.md,enterprise-03305,林润信的企业,宽表开发项目,项目与任务管理,甘特图与排期可视化,,,,,,,,
enterprise,WPS项目管理企业版需求聚类分析.md,enterprise-03306,菜菜的企业,小规模企业项目账单,财务、合同与结算,成本核算管理,,,,,,,,
enterprise,WPS项目管理企业版需求聚类分析.md,enterprise-03307,先生.的企业,我们是一个五金冲压公司，我需要能直观的看到每一个项目的进度,生产与制造管理,制造进度跟踪,,,,,,,,
enterprise,WPS项目管理企业版需求聚类分析.md,enterprise-03308,市场交付群,燃气开发 智家创值,财务、合同与结算,利润与经营分析,,,,,,,,
enterprise,WPS项目管理企业版需求聚类分析.md,enterprise-03309,陈波的企业,装备制造板块，主要想控制各单位材料的使用领用及单价定额,生产与制造管理,非标制造管理,,,,,,,,
enterprise,WPS项目管理企业版需求聚类分析.md,enterprise-03310,爱笑的企业,销量和备货统计,供应链与仓储物流,到货与交期管理,,,,,,,,
enterprise,WPS项目管理企业版需求聚类分析.md,enterprise-03311,践行生命的企业,任务管路,项目与任务管理,甘特图与排期可视化,,,,,,,,
enterprise,WPS项目管理企业版需求聚类分析.md,enterprise-03312,郭轩的企业,订单生产,客户、销售与订单,订单管理,,,,,,,,
enterprise,WPS项目管理企业版需求聚类分析.md,enterprise-03313,纸尚纸美壁纸唐俊伟的企业,计划需要看现场报价的项目，勘察确定施工的项目，已经施工的项目。已完成的项目,工程与施工管理,工程进度管理,,,,,,,,
enterprise,WPS项目管理企业版需求聚类分析.md,enterprise-03314,韩先森!的企业,项目管理,项目与任务管理,项目台账管理,,,,,,,,
enterprise,WPS项目管理企业版需求聚类分析.md,enterprise-03315,中国海洋大学后勤保障处修缮中心,多项目并行管理,项目与任务管理,多项目组合管理,,,,,,,,
enterprise,WPS项目管理企业版需求聚类分析.md,enterprise-03316,物资供应,能不能我自己来,无,无,,,,,,,,
enterprise,WPS项目管理企业版需求聚类分析.md,enterprise-03317,中设建联工程设计有限公司华北分公司的企业,合同,财务、合同与结算,合同与招投标管理,,,,,,,,
enterprise,WPS项目管理企业版需求聚类分析.md,enterprise-03318,中国海洋大学,111,无,无,,,,,,,,
enterprise,WPS项目管理企业版需求聚类分析.md,enterprise-03319,AIME,用于外贸报价,客户、销售与订单,询价与报价管理,,,,,,,,
enterprise,WPS项目管理企业版需求聚类分析.md,enterprise-03320,青海耐维工程设计咨询有限公司,进行设计项目管理、设计人员安排以及合同管理,研发与产品管理,设计评审管理,,,,,,,,
enterprise,WPS项目管理企业版需求聚类分析.md,enterprise-03321,融银集团(项目部),解决推进过程中的流程标注,生产与制造管理,工序流转管理,,,,,,,,
enterprise,WPS项目管理企业版需求聚类分析.md,enterprise-03322,山河二中,独立游戏项目迭代化敏捷开发项目管理,研发与产品管理,研发项目管理,,,,,,,,
enterprise,WPS项目管理企业版需求聚类分析.md,enterprise-03323,黔东南民族职业技术学院,各系部办公事务,协同办公与流程审批,行政事务管理,,,,,,,,
enterprise,WPS项目管理企业版需求聚类分析.md,enterprise-03324,上海乐享惠电子商务有限公司,发布项目需求给成员并催促成员及时完成任务上传任务信息,项目与任务管理,任务分配与协同,,,,,,,,
enterprise,WPS项目管理企业版需求聚类分析.md,enterprise-03325,昆山市嘉华精密模具有限公司,塑胶模具和注塑,工程与施工管理,装修装饰项目管理,,,,,,,,
enterprise,WPS项目管理企业版需求聚类分析.md,enterprise-03326,佛山陀普科技有限公司,电池系统项目开发,人力与组织管理,考勤管理,,,,,,,,
enterprise,WPS项目管理企业版需求聚类分析.md,enterprise-03327,MJFIVE,工业产品开发项目,研发与产品管理,产品开发管理,,,,,,,,
enterprise,WPS项目管理企业版需求聚类分析.md,enterprise-03328,深圳市雷米洛科技有限公司,跨境电商产品开发,研发与产品管理,产品开发管理,,,,,,,,
enterprise,WPS项目管理企业版需求聚类分析.md,enterprise-03329,热控团队,项目中显示总项目其中分类为：已完成、进行中、暂停、未开始。每个项目通过小组，人员，开始时间，结束时间，进度条，同时对物料入库出库剩余等统计,项目与任务管理,项目进度跟踪,,,,,,,,
enterprise,WPS项目管理企业版需求聚类分析.md,enterprise-03330,园林办,1,无,无,,,,,,,,
enterprise,WPS项目管理企业版需求聚类分析.md,enterprise-03331,数字信息化办公室,实现全校的信息化项目的全程管理，具有项目库的完整能力。,项目与任务管理,多项目组合管理,,,,,,,,
enterprise,WPS项目管理企业版需求聚类分析.md,enterprise-03332,木子李有限公司,审计,质量、安全与合规,内控与审计合规,,,,,,,,
enterprise,WPS项目管理企业版需求聚类分析.md,enterprise-03333,芹菜的企业,新开发产品项目进度节点跟进，以及管理,研发与产品管理,产品开发管理,,,,,,,,
enterprise,WPS项目管理企业版需求聚类分析.md,enterprise-03334,磐石关务,团队任务分配、进度管理,项目与任务管理,任务分配与协同,,,,,,,,
enterprise,WPS项目管理企业版需求聚类分析.md,enterprise-03335,芥菜的企业,需要更好的管理项目,研发与产品管理,研发项目管理,,,,,,,,
enterprise,WPS项目管理企业版需求聚类分析.md,enterprise-03336,内蒙古达能仁监理咨询有限责任公司,归档项目,项目与任务管理,项目复盘与总结,,,,,,,,
enterprise,WPS项目管理企业版需求聚类分析.md,enterprise-03337,雨滴竹梢的企业,市场营销,客户、销售与订单,电商与门店运营,,,,,,,,
enterprise,WPS项目管理企业版需求聚类分析.md,enterprise-03338,高培鑫-交付的企业,企业内部培训项目和企业政企培训类业务交付,人力与组织管理,培训与人才发展管理,,,,,,,,
enterprise,WPS项目管理企业版需求聚类分析.md,enterprise-03339,追光者的企业,项目开工准备、启动、人、材、机过程控制、成本控制,财务、合同与结算,成本核算管理,,,,,,,,
enterprise,WPS项目管理企业版需求聚类分析.md,enterprise-03340,WPS体验版,1,无,无,,,,,,,,
enterprise,WPS项目管理企业版需求聚类分析.md,enterprise-03341,雲惔風凊的企业,职场安全主管年终总结报告,质量、安全与合规,整改闭环管理,,,,,,,,
enterprise,WPS项目管理企业版需求聚类分析.md,enterprise-03342,黄俊峰的企业,项目过程管控,项目与任务管理,项目计划管理,,,,,,,,
enterprise,WPS项目管理企业版需求聚类分析.md,enterprise-03343,欧扬心晴的企业,归档工程项目文件,项目与任务管理,项目复盘与总结,,,,,,,,
enterprise,WPS项目管理企业版需求聚类分析.md,enterprise-03344,丽水一元科技有限公司,项目无数据，无成果，又是多项目多团队同时进行，进度完全控制不了，拖延，年度总结没数据,项目与任务管理,项目复盘与总结,,,,,,,,
enterprise,WPS项目管理企业版需求聚类分析.md,enterprise-03345,中铝数为（成都）科技有限责任公司,项目管理工作千头百绪，需要一个管理软件帮我,项目与任务管理,项目台账管理,,,,,,,,
enterprise,WPS项目管理企业版需求聚类分析.md,enterprise-03346,张贝的企业,工程,工程与施工管理,工程进度管理,,,,,,,,
enterprise,WPS项目管理企业版需求聚类分析.md,enterprise-03347,用友汽车信息科技(上海)股份有限公司,JMC非生产采购重构项目,生产与制造管理,生产交付协同,,,,,,,,
enterprise,WPS项目管理企业版需求聚类分析.md,enterprise-03348,Kenny的企业,生成一个甘特图模板，给一个初创生产企业导入全自动生产线，需要采购设备、原材料。重点在生成资金使用的日程甘特不表。,项目与任务管理,甘特图与排期可视化,,,,,,,,
enterprise,WPS项目管理企业版需求聚类分析.md,enterprise-03349,栾廷刚的企业,项目开发,研发与产品管理,研发项目管理,,,,,,,,
enterprise,WPS项目管理企业版需求聚类分析.md,enterprise-03350,WPS_1726036852的企业,对于系统的各个功能模块进行自我总结及之后的参考,项目与任务管理,项目复盘与总结,,,,,,,,
enterprise,WPS项目管理企业版需求聚类分析.md,enterprise-03351,雷先生Remi的企业,我现在正在塑胶工厂的MES系统上线协调工作,服务、工单与运维,安装与实施交付,,,,,,,,
enterprise,WPS项目管理企业版需求聚类分析.md,enterprise-03352,工作 云文档1,1,无,无,,,,,,,,
enterprise,WPS项目管理企业版需求聚类分析.md,enterprise-03353,江苏腾耀玻璃科技有限公司(分公司),高效工作,生产与制造管理,车间任务管理,,,,,,,,
enterprise,WPS项目管理企业版需求聚类分析.md,enterprise-03354,vivi的企业,跟进财政项目预算执行,财务、合同与结算,预算管理,,,,,,,,
enterprise,WPS项目管理企业版需求聚类分析.md,enterprise-03355,正在编辑的企业,施工进度横道图,项目与任务管理,甘特图与排期可视化,,,,,,,,
enterprise,WPS项目管理企业版需求聚类分析.md,enterprise-03356,WPS_1601451225的企业,项目回款管理,财务、合同与结算,收付款与回款管理,,,,,,,,
enterprise,WPS项目管理企业版需求聚类分析.md,enterprise-03357,Administrator的企业,工程,工程与施工管理,工程进度管理,,,,,,,,
enterprise,WPS项目管理企业版需求聚类分析.md,enterprise-03358,甘肃展凌建筑工程有限公司,共享资料,协同办公与流程审批,协同办公,,,,,,,,
enterprise,WPS项目管理企业版需求聚类分析.md,enterprise-03359,这个号用2年的企业,薪资发放,人力与组织管理,薪酬与社保管理,,,,,,,,
enterprise,WPS项目管理企业版需求聚类分析.md,enterprise-03360,拼多多客服,甘特图,项目与任务管理,甘特图与排期可视化,,,,,,,,
enterprise,WPS项目管理企业版需求聚类分析.md,enterprise-03361,兲的企业,产品开发过程中  会涉及到很多问题点需要跟踪记录,生产与制造管理,制造进度跟踪,,,,,,,,
enterprise,WPS项目管理企业版需求聚类分析.md,enterprise-03362,中企华建友工程管理有限公司,工程造价咨询全过程管理,工程与施工管理,工程结算管理,,,,,,,,
enterprise,WPS项目管理企业版需求聚类分析.md,enterprise-03363,MTBE烷基化,公司自动化管理,协同办公与流程审批,行政事务管理,,,,,,,,
enterprise,WPS项目管理企业版需求聚类分析.md,enterprise-03364,山东诚隆机电设备有限公司,我小公司电梯行业，需要合同项目的管理，需求：与电梯工厂签订买卖合同，与用户签到项目合同。实现自动管理，自动核算项目成本，开票，利润等项目合同管理,财务、合同与结算,成本核算管理,,,,,,,,
enterprise,WPS项目管理企业版需求聚类分析.md,enterprise-03365,星达装饰小廖的企业,装修公司装修项目账目,工程与施工管理,装修装饰项目管理,,,,,,,,
enterprise,WPS项目管理企业版需求聚类分析.md,enterprise-03366,小金毛的企业,管理项目进度，人员分配任务，根据任务优先级自动插队,项目与任务管理,项目进度跟踪,,,,,,,,
enterprise,WPS项目管理企业版需求聚类分析.md,enterprise-03367,C的企业,pk赛预热福利列表,质量、安全与合规,安全管理,,,,,,,,
enterprise,WPS项目管理企业版需求聚类分析.md,enterprise-03368,中车戚墅堰机车车辆工艺研究所有限公司,潜在失效模式分析项目过程进度监控，提醒，每日编辑执行情况汇总分析，工作效率监控以及整体编审批流程,协同办公与流程审批,审批流程管理,,,,,,,,
enterprise,WPS项目管理企业版需求聚类分析.md,enterprise-03369,齐齐哈尔市文化街道社区卫生服务中心,住院医师规范化培训，全科基层实践基地,人力与组织管理,培训与人才发展管理,,,,,,,,
enterprise,WPS项目管理企业版需求聚类分析.md,enterprise-03370,北京建工坦桑尼亚分公司松巴万加机场,建筑、市政、道路工程管理,工程与施工管理,基建与市政项目管理,,,,,,,,
enterprise,WPS项目管理企业版需求聚类分析.md,enterprise-03371,舍予 开 彳亍的企业,配件管理，解决配件借出后归还,供应链与仓储物流,出入库与调拨管理,,,,,,,,
enterprise,WPS项目管理企业版需求聚类分析.md,enterprise-03372,项目管理,人员派工排表,生产与制造管理,车间任务管理,,,,,,,,
enterprise,WPS项目管理企业版需求聚类分析.md,enterprise-03373,開發部看板,面料开发部门，进度看板,数据分析与经营看板,可视化看板,,,,,,,,
enterprise,WPS项目管理企业版需求聚类分析.md,enterprise-03374,湖北中一科技股份有限公司,纤维,无,无,,,,,,,,
enterprise,WPS项目管理企业版需求聚类分析.md,enterprise-03375,圣辉伦教修理项目部,修理项目委托清单,服务、工单与运维,报修管理,,,,,,,,
enterprise,WPS项目管理企业版需求聚类分析.md,enterprise-03376,子杨的企业,工程项目进度,工程与施工管理,工程进度管理,,,,,,,,
enterprise,WPS项目管理企业版需求聚类分析.md,enterprise-03377,°Regret的企业,动画镜头   审核 返修 日期 下发,项目与任务管理,甘特图与排期可视化,,,,,,,,
enterprise,WPS项目管理企业版需求聚类分析.md,enterprise-03378,Alice的企业,融捷集团尽职调查,协同办公与流程审批,流程标准化与SOP,,,,,,,,
enterprise,WPS项目管理企业版需求聚类分析.md,enterprise-03379,wen的企业,旅游规划,项目与任务管理,甘特图与排期可视化,,,,,,,,
enterprise,WPS项目管理企业版需求聚类分析.md,enterprise-03380,郎酒-技委办-成果板块,（1）项目申报：提交高质量材料（契合指南+符合公司科研布局），力争立项；,项目与任务管理,里程碑管理,,,,,,,,
enterprise,WPS项目管理企业版需求聚类分析.md,enterprise-03381,,（2）项目立项：签订任务书，确保项目按任务书推进，技术指标如期达成，补助资金合规使用；,,,,,,,,,,
enterprise,WPS项目管理企业版需求聚类分析.md,enterprise-03382,,（3）项目执行：通过主管部门中期检查，展现项目良好执行状态，完成阶段成果归档；,,,,,,,,,,
enterprise,WPS项目管理企业版需求聚类分析.md,enterprise-03383,,（4）项目验收：完成项目验收，获得结题批复，形成可归档的完整成果档案。,,,,,,,,,,
enterprise,WPS项目管理企业版需求聚类分析.md,enterprise-03384,中山立臻照明有限公司,2026年产品目录册,研发与产品管理,产品开发管理,,,,,,,,
enterprise,WPS项目管理企业版需求聚类分析.md,enterprise-03385,佳艺教育,公司样品间品类更新，需要做家纺品类，当前时间计划--,生产与制造管理,生产计划管理,,,,,,,,
enterprise,WPS项目管理企业版需求聚类分析.md,enterprise-03386,,1.10出风格-小施,,,,,,,,,,
enterprise,WPS项目管理企业版需求聚类分析.md,enterprise-03387,,1.16品类SKU规划、货架陈列方案、预算-卫总,,,,,,,,,,
enterprise,WPS项目管理企业版需求聚类分析.md,enterprise-03388,,1.21定总体设计方案（平面+空间）-卫总（同步采购跑面料市场）,,,,,,,,,,
enterprise,WPS项目管理企业版需求聚类分析.md,enterprise-03389,,1.31完成选品、样品安排、货架采买-卫总 2月工厂准备样品过年休息 3月15日工厂完货到样，样品间布置装饰平面收尾，3.30日完工,,,,,,,,,,
enterprise,WPS项目管理企业版需求聚类分析.md,enterprise-03390,赵杰的企业,非常vv,无,无,,,,,,,,
enterprise,WPS项目管理企业版需求聚类分析.md,enterprise-03391,姜志欢的企业,电子板卡研发,无,无,,,,,,,,
enterprise,WPS项目管理企业版需求聚类分析.md,enterprise-03392,leo-liu的企业,市政工程施工,工程与施工管理,基建与市政项目管理,,,,,,,,
enterprise,WPS项目管理企业版需求聚类分析.md,enterprise-03393,国科恒泰(北京)医疗科技股份有限公司(客户运营部),项目-一级任务-二级任务管理,项目与任务管理,任务分配与协同,,,,,,,,
enterprise,WPS项目管理企业版需求聚类分析.md,enterprise-03394,姚瑶的企业,核心是解决“组织管理从1到1.5”的瓶颈，补足“0-1”阶段缺失的SOP标准与跨部门联动机制，支撑“1-1.5”阶段规模化扩张；提升整体中层管理团队能力，从“经验驱动”转向“流程驱动”；确保体系符合化妆品行业合规要求。,协同办公与流程审批,流程标准化与SOP,,,,,,,,
enterprise,WPS项目管理企业版需求聚类分析.md,enterprise-03395,浙江农林大学,项目管理,项目与任务管理,项目台账管理,,,,,,,,
enterprise,WPS项目管理企业版需求聚类分析.md,enterprise-03396,濮阳市濮能实业有限公司,无杆排水采气工程（中原项目）,工程与施工管理,工程结算管理,,,,,,,,
enterprise,WPS项目管理企业版需求聚类分析.md,enterprise-03397,勿忘初心的企业,区域	月份	日期	项目编码	站址编码	站址名称	具体工作	服务项目	服务内容	是否利旧	是否完工	是否付款	付款时间	请款金额	数量	单价	回款金额（不含税）	总部折扣	总部利润	区域利润	回款金额（含税）	利润	备注	是否有反库单	物资存放位置	回款进度	收款人	是否有派工单	是否有验收证书	拆站照片（前中后）	给塔厂（陈）	给塔厂（康）,财务、合同与结算,收付款与回款管理,,,,,,,,
enterprise,WPS项目管理企业版需求聚类分析.md,enterprise-03398,广西天誉特种设备检测有限责任公司,检验进度,质量、安全与合规,质量检查与检验,,,,,,,,
enterprise,WPS项目管理企业版需求聚类分析.md,enterprise-03399,finder的企业1号,机电一体化多部门协调的研发项目,项目与任务管理,多项目组合管理,,,,,,,,
enterprise,WPS项目管理企业版需求聚类分析.md,enterprise-03400,smileplume❤️的企业,科研课题管理,研发与产品管理,技术文档管理,,,,,,,,
enterprise,WPS项目管理企业版需求聚类分析.md,enterprise-03401,辐安监测,项目管理,项目与任务管理,项目台账管理,,,,,,,,
enterprise,WPS项目管理企业版需求聚类分析.md,enterprise-03402,1D小宇宙的企业,用于统计学生缴费信息的表格，在分享出去的时候用户只能访问自己的信息，不能查看他人的信息。,人力与组织管理,员工信息管理,,,,,,,,
enterprise,WPS项目管理企业版需求聚类分析.md,enterprise-03403,,内容包括：日期、缴费金额、孩子姓名、家长姓名及联系电话、对应班级老师,,,,,,,,,,
enterprise,WPS项目管理企业版需求聚类分析.md,enterprise-03404,深圳市翰图建筑劳务有限公司,工程项目管理，每个项目的报销审批，进度款申请、工资发放,协同办公与流程审批,审批流程管理,,,,,,,,
enterprise,WPS项目管理企业版需求聚类分析.md,enterprise-03405,五成电子商务集团,"产品开发,电商运营",研发与产品管理,产品开发管理,,,,,,,,
enterprise,WPS项目管理企业版需求聚类分析.md,enterprise-03406,张业花的企业,工程项目财务、材料、机械、合同、资料管理,财务、合同与结算,成本核算管理,,,,,,,,
enterprise,WPS项目管理企业版需求聚类分析.md,enterprise-03407,出家人的企业,工程项目施工过程管理,工程与施工管理,工程进度管理,,,,,,,,
enterprise,WPS项目管理企业版需求聚类分析.md,enterprise-03408,yuyang841011的企业,工程项目进度管理,工程与施工管理,工程进度管理,,,,,,,,
enterprise,WPS项目管理企业版需求聚类分析.md,enterprise-03409,四川卓庚科技有限公司,工程管理,工程与施工管理,工程进度管理,,,,,,,,
enterprise,WPS项目管理企业版需求聚类分析.md,enterprise-03410,微信用户的企业,商业综合体管理,客户、销售与订单,商机与销售过程管理,,,,,,,,
enterprise,WPS项目管理企业版需求聚类分析.md,enterprise-03411,享·的企业,bug管理,服务、工单与运维,故障与异常处理,,,,,,,,
enterprise,WPS项目管理企业版需求聚类分析.md,enterprise-03412,WPS_1670384177的企业,客户信息-商机报备-项目内容-履约情况-财务报销,财务、合同与结算,费用与报销管理,,,,,,,,
enterprise,WPS项目管理企业版需求聚类分析.md,enterprise-03413,巨野县冠通装饰工程有限公司,123,无,无,,,,,,,,
enterprise,WPS项目管理企业版需求聚类分析.md,enterprise-03414,淄博热力案建项目,民事诉讼案件管理项目,协同办公与流程审批,文档与档案管理,,,,,,,,
enterprise,WPS项目管理企业版需求聚类分析.md,enterprise-03415,杰能机电,工程项目管理，工人工资，考勤，借支，,工程与施工管理,工程结算管理,,,,,,,,
enterprise,WPS项目管理企业版需求聚类分析.md,enterprise-03416,Xxiao的企业,项目采购招标及合同执行情况台账登记,财务、合同与结算,合同与招投标管理,,,,,,,,
enterprise,WPS项目管理企业版需求聚类分析.md,enterprise-03417,冰块的企业,任务分配,项目与任务管理,任务分配与协同,,,,,,,,
enterprise,WPS项目管理企业版需求聚类分析.md,enterprise-03418,你若成风&的企业,23,无,无,,,,,,,,
enterprise,WPS项目管理企业版需求聚类分析.md,enterprise-03419,Allen的企业,冲压产品开发项目进度表,研发与产品管理,产品开发管理,,,,,,,,
enterprise,WPS项目管理企业版需求聚类分析.md,enterprise-03420,品质管理,部门内部管理问题,人力与组织管理,组织与岗位管理,,,,,,,,
enterprise,WPS项目管理企业版需求聚类分析.md,enterprise-03421,Jess  ✨的企业,行政管理对上对下的任务接收与分配形成闭环,人力与组织管理,绩效与提成管理,,,,,,,,
enterprise,WPS项目管理企业版需求聚类分析.md,enterprise-03422,川的企业,生产项目,生产与制造管理,生产交付协同,,,,,,,,
enterprise,WPS项目管理企业版需求聚类分析.md,enterprise-03423,秋名山车神,项目管理,项目与任务管理,项目台账管理,,,,,,,,
enterprise,WPS项目管理企业版需求聚类分析.md,enterprise-03424,苏州晟成光伏设备有限公司-项目7组,整个项目从销售端前期的技术协议，方案布局、技术支持、下单采购、发货、现场安装进度计划，签证人员管理、问题点处理、收集标准文件进度、验收阶段的管控,项目与任务管理,里程碑管理,,,,,,,,
enterprise,WPS项目管理企业版需求聚类分析.md,enterprise-03425,大连源中科技有限公司,1,无,无,,,,,,,,
enterprise,WPS项目管理企业版需求聚类分析.md,enterprise-03426,江苏扬子江高速通道管理有限公司,项目进度每周更新，负责人确认,项目与任务管理,项目进度跟踪,,,,,,,,
enterprise,WPS项目管理企业版需求聚类分析.md,enterprise-03427,陈伟的企业,基建项目,工程与施工管理,基建与市政项目管理,,,,,,,,
enterprise,WPS项目管理企业版需求聚类分析.md,enterprise-03428,浙江中力机械股份有限公司,1111,无,无,,,,,,,,
enterprise,WPS项目管理企业版需求聚类分析.md,enterprise-03429,Mr.lee的企业,我是一名供应商汽车塑料件内外饰项目经理，请帮忙制作一份项目进度跟踪管理文件,项目与任务管理,项目进度跟踪,,,,,,,,
enterprise,WPS项目管理企业版需求聚类分析.md,enterprise-03430,广东省广晟控股集团有限公司,项目管理,项目与任务管理,项目台账管理,,,,,,,,
enterprise,WPS项目管理企业版需求聚类分析.md,enterprise-03431,建均的企业,个人工作项目管理,项目与任务管理,项目台账管理,,,,,,,,
enterprise,WPS项目管理企业版需求聚类分析.md,enterprise-03432,批量报表,方便36家企业填报不同的信息，在填报时自动将所填产品类别分类，且企业填报的信息仅自己和收集人可见。,数据分析与经营看板,统计汇总,,,,,,,,
enterprise,WPS项目管理企业版需求聚类分析.md,enterprise-03433,yuye的企业,设备搬迁与安装计划,服务、工单与运维,维保管理,,,,,,,,
enterprise,WPS项目管理企业版需求聚类分析.md,enterprise-03434,朱军的企业,项目管理,项目与任务管理,项目台账管理,,,,,,,,
enterprise,WPS项目管理企业版需求聚类分析.md,enterprise-03435,大型项目团队,大型机房搬迁项目管理,工程与施工管理,分包与班组管理,,,,,,,,
enterprise,WPS项目管理企业版需求聚类分析.md,enterprise-03436,武汉原谷生物科技有限责任公司,1,无,无,,,,,,,,
enterprise,WPS项目管理企业版需求聚类分析.md,enterprise-03437,陕西农林职业技术大学,建筑施工项目管理，本工程为某中学教学楼，该教学楼为一栋5层砖混结构，总建筑面积4710m²。基础为天然基础 根据地质钻探资料，现场地下水位较低，施工时基槽不会出现地下水，基础持力层为黏土，钢筋混凝 条形基础，混凝土垫层。主体结构为砖混结构，三毡四油屋面防水。外墙装饰为水刷石，内墙装饮 为一般抹灰，水磨石及水泥楼地面，铝合金门窗、夹板门。,工程与施工管理,基建与市政项目管理,,,,,,,,
enterprise,WPS项目管理企业版需求聚类分析.md,enterprise-03438,冲压工程部,冲压零部件制造，项目多，开发涵盖 模具 工装制作，首样，OTS样件，PPAP阶段，以及转量产阶段。 多项目同步运行，难管控进度,生产与制造管理,装配与调试管理,,,,,,,,
enterprise,WPS项目管理企业版需求聚类分析.md,enterprise-03439,刘星辰的企业,产品开发、主视觉的设计、以及营销活动场景的落地，为大学的校庆日进行准备,研发与产品管理,设计评审管理,,,,,,,,
enterprise,WPS项目管理企业版需求聚类分析.md,enterprise-03440,陶阳华的企业,弱电项目管理,服务、工单与运维,故障与异常处理,,,,,,,,
enterprise,WPS项目管理企业版需求聚类分析.md,enterprise-03441,崔星星的企业,不同焊接方式焊接效果可行性评估项目,工程与施工管理,工程验收管理,,,,,,,,
enterprise,WPS项目管理企业版需求聚类分析.md,enterprise-03442,李向君的企业,生产线不同产线管理,生产与制造管理,生产交付协同,,,,,,,,
enterprise,WPS项目管理企业版需求聚类分析.md,enterprise-03443,Renmin Fan的企业,软件交付项目管理,项目与任务管理,项目台账管理,,,,,,,,
enterprise,WPS项目管理企业版需求聚类分析.md,enterprise-03444,空天阔海的企业,我要在泰国建设一个非金属钾盐矿项目，3年建设期，第四年头长，帮我生成一个项目计划表和项目甘特图,项目与任务管理,甘特图与排期可视化,,,,,,,,
enterprise,WPS项目管理企业版需求聚类分析.md,enterprise-03445,BoJack的企业,0,无,无,,,,,,,,
enterprise,WPS项目管理企业版需求聚类分析.md,enterprise-03446,To Be A Better Man的企业,仓储物流项目启动,供应链与仓储物流,出入库与调拨管理,,,,,,,,
enterprise,WPS项目管理企业版需求聚类分析.md,enterprise-03447,Dream ranger的企业,客户订单完成追踪,客户、销售与订单,发货与交付跟踪,,,,,,,,
enterprise,WPS项目管理企业版需求聚类分析.md,enterprise-03448,H的企业,年度项目进度表生成一个甘特图,项目与任务管理,甘特图与排期可视化,,,,,,,,
enterprise,WPS项目管理企业版需求聚类分析.md,enterprise-03449,林有限责任公司,每日订单管理，订单进度,客户、销售与订单,订单管理,,,,,,,,
enterprise,WPS项目管理企业版需求聚类分析.md,enterprise-03450,新疆三五九物业管理有限公司,物业,工程与施工管理,装修装饰项目管理,,,,,,,,
enterprise,WPS项目管理企业版需求聚类分析.md,enterprise-03451,诚业信息工程,记录项目开始与结束时间，项目的相关进程,项目与任务管理,项目进度跟踪,,,,,,,,
enterprise,WPS项目管理企业版需求聚类分析.md,enterprise-03452,爱思国际,我们是一个集团公司，而且很多员工都是在集团的各个分公司任职的，相互之间有很多任务交错在一起,人力与组织管理,组织与岗位管理,,,,,,,,
enterprise,WPS项目管理企业版需求聚类分析.md,enterprise-03453,段光耀000,项目,无,无,,,,,,,,
enterprise,WPS项目管理企业版需求聚类分析.md,enterprise-03454,ᅠ的企业,招投标,财务、合同与结算,合同与招投标管理,,,,,,,,
enterprise,WPS项目管理企业版需求聚类分析.md,enterprise-03455,Mr逗的企业,项目管理,项目与任务管理,项目台账管理,,,,,,,,
enterprise,WPS项目管理企业版需求聚类分析.md,enterprise-03456,常梅杏的企业,施工项目,工程与施工管理,工程进度管理,,,,,,,,
enterprise,WPS项目管理企业版需求聚类分析.md,enterprise-03457,酿余生TEL的企业,生产排单 流程监控,数据分析与经营看板,可视化看板,,,,,,,,
enterprise,WPS项目管理企业版需求聚类分析.md,enterprise-03458,Techfoam,甘特图，进度管理，任务管理,项目与任务管理,甘特图与排期可视化,,,,,,,,
enterprise,WPS项目管理企业版需求聚类分析.md,enterprise-03459,&amp;的企业,市场调研,财务、合同与结算,利润与经营分析,,,,,,,,
enterprise,WPS项目管理企业版需求聚类分析.md,enterprise-03460,郴州市美雅乐环保建材有限公司,我想生成装修报价表,工程与施工管理,装修装饰项目管理,,,,,,,,
enterprise,WPS项目管理企业版需求聚类分析.md,enterprise-03461,国药外协团队,项目管理,项目与任务管理,项目台账管理,,,,,,,,
enterprise,WPS项目管理企业版需求聚类分析.md,enterprise-03462,Terry_Pan的企业,项目管理,项目与任务管理,项目台账管理,,,,,,,,
enterprise,WPS项目管理企业版需求聚类分析.md,enterprise-03463,瑞雪博物,项目进程年度规划,项目与任务管理,项目计划管理,,,,,,,,
enterprise,WPS项目管理企业版需求聚类分析.md,enterprise-03464,流浪记的企业,项目进度管理,项目与任务管理,项目进度跟踪,,,,,,,,
enterprise,WPS项目管理企业版需求聚类分析.md,enterprise-03465,格尼集團有限公司-竞价部门,我想生成一个询盘管理和分析系统,数据分析与经营看板,可视化看板,,,,,,,,
enterprise,WPS项目管理企业版需求聚类分析.md,enterprise-03466,M 的企业,生产宿舍楼两栋地下一层地上19层的施工横道图,项目与任务管理,甘特图与排期可视化,,,,,,,,
enterprise,WPS项目管理企业版需求聚类分析.md,enterprise-03467,耿耿的企业,对企业各种项目从立项到结项的项目管理,研发与产品管理,研发项目管理,,,,,,,,
enterprise,WPS项目管理企业版需求聚类分析.md,enterprise-03468,江杨伟的企业,软件项目管理,项目与任务管理,项目台账管理,,,,,,,,
enterprise,WPS项目管理企业版需求聚类分析.md,enterprise-03469,余仲勋的企业,统计汇总项目数据,数据分析与经营看板,统计汇总,,,,,,,,
enterprise,WPS项目管理企业版需求聚类分析.md,enterprise-03470,谨年的企业,11,无,无,,,,,,,,
enterprise,WPS项目管理企业版需求聚类分析.md,enterprise-03471,heeyong,guanbi,无,无,,,,,,,,
enterprise,WPS项目管理企业版需求聚类分析.md,enterprise-03472,VIP用户十的企业,无,无,无,,,,,,,,
enterprise,WPS项目管理企业版需求聚类分析.md,enterprise-03473,Vily的企业,项目管理问题,项目与任务管理,项目台账管理,,,,,,,,
enterprise,WPS项目管理企业版需求聚类分析.md,enterprise-03474,石首热能项目,采购燃料，生产热能，锅炉管理,生产与制造管理,生产交付协同,,,,,,,,
enterprise,WPS项目管理企业版需求聚类分析.md,enterprise-03475,韩冰的企业,诉讼案件进度管理,客户、销售与订单,客户跟进管理,,,,,,,,
enterprise,WPS项目管理企业版需求聚类分析.md,enterprise-03476,Becky的企业,主播打榜数据分析和统计,数据分析与经营看板,统计汇总,,,,,,,,
enterprise,WPS项目管理企业版需求聚类分析.md,enterprise-03477,北京旧改项目集管理,无,无,无,,,,,,,,
enterprise,WPS项目管理企业版需求聚类分析.md,enterprise-03478,山东云汉木业有限公司,我们是一家装企，现在需要给商务端做一个从接待到设计合同以及施工合同签定，项目施工过程监督的工作流程,工程与施工管理,工程进度管理,,,,,,,,
enterprise,WPS项目管理企业版需求聚类分析.md,enterprise-03479,程琛的企业,研发,研发与产品管理,研发项目管理,,,,,,,,
enterprise,WPS项目管理企业版需求聚类分析.md,enterprise-03480,云尚生物科技有限公司,设备仪器销售项目跟进,研发与产品管理,产品开发管理,,,,,,,,
enterprise,WPS项目管理企业版需求聚类分析.md,enterprise-03481, 努力  才幸福 的企业,1,无,无,,,,,,,,
enterprise,WPS项目管理企业版需求聚类分析.md,enterprise-03482,金城武的企业,实验计划,研发与产品管理,打样与试制管理,,,,,,,,
enterprise,WPS项目管理企业版需求聚类分析.md,enterprise-03483,A。的企业,项目日期到期动态管理,项目与任务管理,项目进度跟踪,,,,,,,,
enterprise,WPS项目管理企业版需求聚类分析.md,enterprise-03484,切莫的企业,建筑业,工程与施工管理,装修装饰项目管理,,,,,,,,
enterprise,WPS项目管理企业版需求聚类分析.md,enterprise-03485,千悦的企业,暂无,无,无,,,,,,,,
enterprise,WPS项目管理企业版需求聚类分析.md,enterprise-03486,杰尼杰尼屋,新工厂建设项目,工程与施工管理,工程进度管理,,,,,,,,
enterprise,WPS项目管理企业版需求聚类分析.md,enterprise-03487,广东科学技术职业学院,工程项目管理,工程与施工管理,工程进度管理,,,,,,,,
enterprise,WPS项目管理企业版需求聚类分析.md,enterprise-03488,钟青海的企业,员工完成每日不同工作内容并总结，不同工作内容完成进度查询是否完成，提醒跟进,协同办公与流程审批,待办与提醒管理,,,,,,,,
enterprise,WPS项目管理企业版需求聚类分析.md,enterprise-03489,南京市秦淮区润耀建筑材料经营部,项目,无,无,,,,,,,,
enterprise,WPS项目管理企业版需求聚类分析.md,enterprise-03490,张陈亮的企业,嗯,无,无,,,,,,,,
enterprise,WPS项目管理企业版需求聚类分析.md,enterprise-03491,谋义的企业,设计项目管理,研发与产品管理,设计评审管理,,,,,,,,
enterprise,WPS项目管理企业版需求聚类分析.md,enterprise-03492,办公用品 礼品  崔粉丽13653565118的企业,工资薪金怎么分配,人力与组织管理,薪酬与社保管理,,,,,,,,
enterprise,WPS项目管理企业版需求聚类分析.md,enterprise-03493,南雷的企业,随时记录会议内容，电话内容，现场问题等，分项目，分人员，专业来处理，有时间线跟踪是否解决,协同办公与流程审批,会议与纪要管理,,,,,,,,
enterprise,WPS项目管理企业版需求聚类分析.md,enterprise-03494,Give me a gun的企业,1111,无,无,,,,,,,,
enterprise,WPS项目管理企业版需求聚类分析.md,enterprise-03495,上海市建筑装饰工程集团有限公司第三工程公司,11,无,无,,,,,,,,
enterprise,WPS项目管理企业版需求聚类分析.md,enterprise-03496,sisi的企业,酒店仓存盘点,无,无,,,,,,,,
enterprise,WPS项目管理企业版需求聚类分析.md,enterprise-03497,蓝色花海的梦的企业,计算执行率按绩效发工资,人力与组织管理,绩效与提成管理,,,,,,,,
enterprise,WPS项目管理企业版需求聚类分析.md,enterprise-03498,中南集成服务部,从线索到项目验收全流程项目管理系统,项目与任务管理,里程碑管理,,,,,,,,
enterprise,WPS项目管理企业版需求聚类分析.md,enterprise-03499,龙城冰雪,我是一个体育用品和日用品销售的公司，销售渠道主要为企事业单位，销售程序比较繁琐，分为商品报价，商品上架，采购，送货，验收发送给客户材料,客户、销售与订单,商机与销售过程管理,,,,,,,,
enterprise,WPS项目管理企业版需求聚类分析.md,enterprise-03500,没电的耳机,工程管理,工程与施工管理,工程进度管理,,,,,,,,
enterprise,WPS项目管理企业版需求聚类分析.md,enterprise-03501,1368802341的企业,工程内业,工程与施工管理,工程进度管理,,,,,,,,
enterprise,WPS项目管理企业版需求聚类分析.md,enterprise-03502,中国科学院大学,完成我的博士论文,无,无,,,,,,,,
enterprise,WPS项目管理企业版需求聚类分析.md,enterprise-03503,小珺同学的企业,计算各项目部费用,财务、合同与结算,成本核算管理,,,,,,,,
enterprise,WPS项目管理企业版需求聚类分析.md,enterprise-03504,@Peng的企业,工程进度,工程与施工管理,工程进度管理,,,,,,,,
enterprise,WPS项目管理企业版需求聚类分析.md,enterprise-03505,项杰的企业,开始着手启动以下年度重点专项工作,质量、安全与合规,整改闭环管理,,,,,,,,
enterprise,WPS项目管理企业版需求聚类分析.md,enterprise-03506,,1.减人增效专项，不局限于自动化一种方式,,,,,,,,,,
enterprise,WPS项目管理企业版需求聚类分析.md,enterprise-03507,,2.周转率改善专项,,,,,,,,,,
enterprise,WPS项目管理企业版需求聚类分析.md,enterprise-03508,,3.部门质量损失改善专项,,,,,,,,,,
enterprise,WPS项目管理企业版需求聚类分析.md,enterprise-03509,,4.比亚迪项目导入改善专项,,,,,,,,,,
enterprise,WPS项目管理企业版需求聚类分析.md,enterprise-03510,研发中心办公室,集成电路先进封装高端装备的研发,研发与产品管理,技术文档管理,,,,,,,,
enterprise,WPS项目管理企业版需求聚类分析.md,enterprise-03511,电信、广电.工程维护,我主要是做通信工程的项目 需要管理日常维护工单，上钉钉单的流程，竣工流程，结算流程，到款流程。实时控制项目结算进度,工程与施工管理,工程结算管理,,,,,,,,
enterprise,WPS项目管理企业版需求聚类分析.md,enterprise-03512,贵州天利工程技术有限公司,项目管理,项目与任务管理,项目台账管理,,,,,,,,
enterprise,WPS项目管理企业版需求聚类分析.md,enterprise-03513,四川鑫展辉钢结构有限公司,哈哈哈,无,无,,,,,,,,
enterprise,WPS项目管理企业版需求聚类分析.md,enterprise-03514,香港新致遠國際建築科技有限公司,Multi Project Management,项目与任务管理,多项目组合管理,,,,,,,,
enterprise,WPS项目管理企业版需求聚类分析.md,enterprise-03515,智旅科技,管理公司所有项目，员工按项目报工，技术经理指派员工工作任务，项目经理和技术经理审核员工报工，并统计项目用工情况和工作重点、人员工时、任务工时等情况，公司领导查看全局项目情况，风险监控及提醒，成本核实，绩效考核依据,数据分析与经营看板,可视化看板,,,,,,,,
enterprise,WPS项目管理企业版需求聚类分析.md,enterprise-03516,王超하늘님的企业,项目实施计划,项目与任务管理,项目计划管理,,,,,,,,
enterprise,WPS项目管理企业版需求聚类分析.md,enterprise-03517,admin的企业,是,无,无,,,,,,,,
enterprise,WPS项目管理企业版需求聚类分析.md,enterprise-03518,上海苏靖建筑工程有限公司,安装工程,服务、工单与运维,安装与实施交付,,,,,,,,
enterprise,WPS项目管理企业版需求聚类分析.md,enterprise-03519,李建波的企业,日常工作安排，包括工作内容、负责人 、完成时间、重要程度等,协同办公与流程审批,行政事务管理,,,,,,,,
enterprise,WPS项目管理企业版需求聚类分析.md,enterprise-03520,飛的企业,产品失效分析工作,服务、工单与运维,故障与异常处理,,,,,,,,
enterprise,WPS项目管理企业版需求聚类分析.md,enterprise-03521,石狮市特丽奇服饰辅料有限公司,年度工作计划表，能够追溯,项目与任务管理,项目进度跟踪,,,,,,,,
enterprise,WPS项目管理企业版需求聚类分析.md,enterprise-03522,东莞市友辰精密机械有限公司,客户分级管理,客户、销售与订单,客户信息管理,,,,,,,,
enterprise,WPS项目管理企业版需求聚类分析.md,enterprise-03523,南京市玄酉服饰贸易有限公司,人员销售目标和绩效,客户、销售与订单,销售目标管理,,,,,,,,
enterprise,WPS项目管理企业版需求聚类分析.md,enterprise-03524,liqingquan的企业,施工横道图,项目与任务管理,甘特图与排期可视化,,,,,,,,
enterprise,WPS项目管理企业版需求聚类分析.md,enterprise-03525,上海广川科技有限公司,项目管理，多团队协作,项目与任务管理,多项目组合管理,,,,,,,,
enterprise,WPS项目管理企业版需求聚类分析.md,enterprise-03526,爱的企业,工程变更项目管理,工程与施工管理,工程进度管理,,,,,,,,
enterprise,WPS项目管理企业版需求聚类分析.md,enterprise-03527,嗨嗨造价,施工企业项目管理,工程与施工管理,工程进度管理,,,,,,,,
enterprise,WPS项目管理企业版需求聚类分析.md,enterprise-03528,nannan的企业,一个关键环节,无,无,,,,,,,,
enterprise,WPS项目管理企业版需求聚类分析.md,enterprise-03529,Tanya的任务管理,点对点发送工作任务,生产与制造管理,车间任务管理,,,,,,,,
enterprise,WPS项目管理企业版需求聚类分析.md,enterprise-03530,浙江海亚国际货运代理有限公司,装箱计划,项目与任务管理,项目计划管理,,,,,,,,
enterprise,WPS项目管理企业版需求聚类分析.md,enterprise-03531,史荣辉的企业,项目管理,项目与任务管理,项目台账管理,,,,,,,,
enterprise,WPS项目管理企业版需求聚类分析.md,enterprise-03532,帅的企业,目前做厦门项目流程跟进的事项，询价，报价，打样，出货，下单跟进，出货，对账,客户、销售与订单,发货与交付跟踪,,,,,,,,
enterprise,WPS项目管理企业版需求聚类分析.md,enterprise-03533,飞飞飞的企业,生成HRP软件实施项目经理，对项目的管理工具，包括授权，合同，客户信息，实施内容，文档，售后交付文档等,协同办公与流程审批,文档与档案管理,,,,,,,,
enterprise,WPS项目管理企业版需求聚类分析.md,enterprise-03534,Hamburger的企业,一键生成合同及附件,财务、合同与结算,合同与招投标管理,,,,,,,,
enterprise,WPS项目管理企业版需求聚类分析.md,enterprise-03535,北京市自来水设计有限责任公司,具有国际,无,无,,,,,,,,
enterprise,WPS项目管理企业版需求聚类分析.md,enterprise-03536,永嘉微电,解决项目里程碑及整个过程的可视化监督,项目与任务管理,里程碑管理,,,,,,,,
enterprise,WPS项目管理企业版需求聚类分析.md,enterprise-03537,你少管的企业,人力外包项目人员管理和结算管理,人力与组织管理,考勤管理,,,,,,,,
enterprise,WPS项目管理企业版需求聚类分析.md,enterprise-03538,A@MMMMMM的企业,针对燃气公司跟进进度，超声波产品客户售卖进度，到期款跟进进度制作三分实时跟进报表，并且要有每周对客户的动作和下周对客户的计划,客户、销售与订单,客户跟进管理,,,,,,,,
enterprise,WPS项目管理企业版需求聚类分析.md,enterprise-03539,只愿为你停留的企业,交易计划,财务、合同与结算,收付款与回款管理,,,,,,,,
enterprise,WPS项目管理企业版需求聚类分析.md,enterprise-03540,辽宁中医药大学后勤管理处,高校后勤日常管理,人力与组织管理,考勤管理,,,,,,,,
enterprise,WPS项目管理企业版需求聚类分析.md,enterprise-03541,创景天下(湖南)的企业,设计单位回款进度、责任人、回款数据等情况,财务、合同与结算,收付款与回款管理,,,,,,,,
enterprise,WPS项目管理企业版需求聚类分析.md,enterprise-03542,荤素搭配,11,无,无,,,,,,,,
enterprise,WPS项目管理企业版需求聚类分析.md,enterprise-03543,douxi的企业,11,无,无,,,,,,,,
enterprise,WPS项目管理企业版需求聚类分析.md,enterprise-03544,Qing的企业,软件开发管理,研发与产品管理,研发项目管理,,,,,,,,
enterprise,WPS项目管理企业版需求聚类分析.md,enterprise-03545,QQ糖的团队,项目流程、节点把控,项目与任务管理,项目计划管理,,,,,,,,
enterprise,WPS项目管理企业版需求聚类分析.md,enterprise-03546,安徽数美信息技术有限责任公司,11,无,无,,,,,,,,
enterprise,WPS项目管理企业版需求聚类分析.md,enterprise-03547,江永翰的企业,项目前期工作推进计划,工程与施工管理,工程进度管理,,,,,,,,
enterprise,WPS项目管理企业版需求聚类分析.md,enterprise-03548,杭州远昊科技有限公司,jlpzj.net,无,无,,,,,,,,
enterprise,WPS项目管理企业版需求聚类分析.md,enterprise-03549,song的企业,数据分析,数据分析与经营看板,统计汇总,,,,,,,,
enterprise,WPS项目管理企业版需求聚类分析.md,enterprise-03550,山东国邦药业有限公司,但是,无,无,,,,,,,,
enterprise,WPS项目管理企业版需求聚类分析.md,enterprise-03551,12345.的企业,集团公司融资部，解决贷款到期提醒 链接直接制定合同,财务、合同与结算,合同与招投标管理,,,,,,,,
enterprise,WPS项目管理企业版需求聚类分析.md,enterprise-03552,黑龙江亚美国际旅行社有限公司,收客录入模版,项目与任务管理,甘特图与排期可视化,,,,,,,,
enterprise,WPS项目管理企业版需求聚类分析.md,enterprise-03553,冬疯的企业,无人机整机项目管理,项目与任务管理,甘特图与排期可视化,,,,,,,,
enterprise,WPS项目管理企业版需求聚类分析.md,enterprise-03554,VirtualSSS的企业,项目集管理,项目与任务管理,项目台账管理,,,,,,,,
enterprise,WPS项目管理企业版需求聚类分析.md,enterprise-03555,河北志成束源科技有限公司,项目管理,项目与任务管理,项目台账管理,,,,,,,,
enterprise,WPS项目管理企业版需求聚类分析.md,enterprise-03556,四川浩力尔森建设工程有限公司,工程项目使用，记录人材机数据等,项目与任务管理,项目台账管理,,,,,,,,
enterprise,WPS项目管理企业版需求聚类分析.md,enterprise-03557,静默成诗画的企业,工程项目管理,工程与施工管理,工程进度管理,,,,,,,,
enterprise,WPS项目管理企业版需求聚类分析.md,enterprise-03558,我就醉了的企业,项目管理清晰明了，收支汇总,工程与施工管理,工程结算管理,,,,,,,,
enterprise,WPS项目管理企业版需求聚类分析.md,enterprise-03559,深圳市金阳建筑科技有限公司,短视频制作,项目与任务管理,甘特图与排期可视化,,,,,,,,
enterprise,WPS项目管理企业版需求聚类分析.md,enterprise-03560,王子翔的企业,工作任务提醒,协同办公与流程审批,待办与提醒管理,,,,,,,,
enterprise,WPS项目管理企业版需求聚类分析.md,enterprise-03561,猪咪喵喵喵,没有,无,无,,,,,,,,
enterprise,WPS项目管理企业版需求聚类分析.md,enterprise-03562,WAy的企业,要做一个引才工作的挂图作战表，三个部门（人才办、科技、工信），两个维度，纵向是走访调研、梳理收集资源、政策宣贯、材料辅导、定期调度。横向是拓展资源，包括对上沟通争取，发挥省市人才集团作用，发挥镇长团、科技人才专员作用，走访重点企业平台，走访专家，发挥基金作用，要求清晰明了,数据分析与经营看板,多维分析,,,,,,,,
enterprise,WPS项目管理企业版需求聚类分析.md,enterprise-03563,HoloLens的企业,工作人天统计,人力与组织管理,工时与人员负荷管理,,,,,,,,
enterprise,WPS项目管理企业版需求聚类分析.md,enterprise-03564,鸿蒙智行空港用户中心,无,无,无,,,,,,,,
enterprise,WPS项目管理企业版需求聚类分析.md,enterprise-03565,签十八的企业,无,无,无,,,,,,,,
enterprise,WPS项目管理企业版需求聚类分析.md,enterprise-03566,WPS_1623291879的企业,施工日期,工程与施工管理,工程进度管理,,,,,,,,
enterprise,WPS项目管理企业版需求聚类分析.md,enterprise-03567,娜可不一样的企业,计量检定受理查询业务和台账,协同办公与流程审批,台账与登记管理,,,,,,,,
enterprise,WPS项目管理企业版需求聚类分析.md,enterprise-03568,上海张江国信安地产有限公司,zxl,无,无,,,,,,,,
enterprise,WPS项目管理企业版需求聚类分析.md,enterprise-03569,O打小朋U的企业,熟悉软件应用,项目与任务管理,项目台账管理,,,,,,,,
enterprise,WPS项目管理企业版需求聚类分析.md,enterprise-03570,余倩的企业,项目执行管理,项目与任务管理,项目台账管理,,,,,,,,
enterprise,WPS项目管理企业版需求聚类分析.md,enterprise-03571,深圳市宏亦轩网络,ERP系统的后端微服务研发,服务、工单与运维,安装与实施交付,,,,,,,,
enterprise,WPS项目管理企业版需求聚类分析.md,enterprise-03572,GIS_WMS,IT运维工单管理,协同办公与流程审批,审批流程管理,,,,,,,,
enterprise,WPS项目管理企业版需求聚类分析.md,enterprise-03573,众和公司,工程管理公司,工程与施工管理,工程进度管理,,,,,,,,
enterprise,WPS项目管理企业版需求聚类分析.md,enterprise-03574,珠海市华亚智能科技有限公司苏州分公司,非标机械设计公司，项目管理，从项目立项开始，管控评估，设计，交期等全流程,研发与产品管理,设计评审管理,,,,,,,,
enterprise,WPS项目管理企业版需求聚类分析.md,enterprise-03575,Admin的企业,1,无,无,,,,,,,,
enterprise,WPS项目管理企业版需求聚类分析.md,enterprise-03576,浙江南湖数据发展集团有限公司,信息化项目管理,项目与任务管理,项目台账管理,,,,,,,,
enterprise,WPS项目管理企业版需求聚类分析.md,enterprise-03577,yan sir的企业,工程项目,工程与施工管理,工程进度管理,,,,,,,,
enterprise,WPS项目管理企业版需求聚类分析.md,enterprise-03578,lina的企业,项目管理,项目与任务管理,项目台账管理,,,,,,,,
enterprise,WPS项目管理企业版需求聚类分析.md,enterprise-03579,TS-雪莲的政府关系,帮我梳理一份浙江省、杭州市、上城区商务局、农村农业局、经信局、文旅局和宣传部等部门的政府关系拜访计划，就项目申报、荣誉申请等内容向政府各个处、科室争取资源,数据分析与经营看板,多维分析,,,,,,,,
enterprise,WPS项目管理企业版需求聚类分析.md,enterprise-03580,右耳口丁的企业,计划,项目与任务管理,项目计划管理,,,,,,,,
enterprise,WPS项目管理企业版需求聚类分析.md,enterprise-03581,佛山市华禅能燃气设计有限公司,设计项目,工程与施工管理,装修装饰项目管理,,,,,,,,
enterprise,WPS项目管理企业版需求聚类分析.md,enterprise-03582,王瑗的企业,预算分析,财务、合同与结算,预算管理,,,,,,,,
enterprise,WPS项目管理企业版需求聚类分析.md,enterprise-03583,小张的企业,高效管理各项在手工程进度、做到施工、资料、结算全过程记录,工程与施工管理,工程结算管理,,,,,,,,
enterprise,WPS项目管理企业版需求聚类分析.md,enterprise-03584,随心的企业,工业自动化设备项目管理与交付,服务、工单与运维,安装与实施交付,,,,,,,,
enterprise,WPS项目管理企业版需求聚类分析.md,enterprise-03585,Wangkejin的企业,11,无,无,,,,,,,,
enterprise,WPS项目管理企业版需求聚类分析.md,enterprise-03586,科技创新小组,井工煤矿每班人员井下人数控制,人力与组织管理,工时与人员负荷管理,,,,,,,,
enterprise,WPS项目管理企业版需求聚类分析.md,enterprise-03587,Jay的企业,装修公司家装报价系统，成本核算及客户报价清晰明了,工程与施工管理,装修装饰项目管理,,,,,,,,
enterprise,WPS项目管理企业版需求聚类分析.md,enterprise-03588,半阙临安的企业,制造业电容交付,生产与制造管理,生产交付协同,,,,,,,,
enterprise,WPS项目管理企业版需求聚类分析.md,enterprise-03589,青岛海大学术交流中心有限公司,酒店行业会议通知单填写-审核-盖章-下发,协同办公与流程审批,会议与纪要管理,,,,,,,,
enterprise,WPS项目管理企业版需求聚类分析.md,enterprise-03590,上海泰宇信息技术股份有限公司,档案项目管理,协同办公与流程审批,文档与档案管理,,,,,,,,
enterprise,WPS项目管理企业版需求聚类分析.md,enterprise-03591,梵辰的企业,市政道路工程施工,工程与施工管理,基建与市政项目管理,,,,,,,,
enterprise,WPS项目管理企业版需求聚类分析.md,enterprise-03592,沭阳县豪普运输中心,2,无,无,,,,,,,,
enterprise,WPS项目管理企业版需求聚类分析.md,enterprise-03593,杜的企业,工作任务安排，进度反馈,项目与任务管理,项目复盘与总结,,,,,,,,
enterprise,WPS项目管理企业版需求聚类分析.md,enterprise-03594,香港中畜集團有限公司,我们是一家卖牛羊肉的公司,无,无,,,,,,,,
enterprise,WPS项目管理企业版需求聚类分析.md,enterprise-03595,囡囡的企业,1,无,无,,,,,,,,
enterprise,WPS项目管理企业版需求聚类分析.md,enterprise-03596,kangwen的企业,公司产品包装组年度规划,研发与产品管理,产品开发管理,,,,,,,,
enterprise,WPS项目管理企业版需求聚类分析.md,enterprise-03597,Hollis的企业,项目管理,项目与任务管理,项目台账管理,,,,,,,,
enterprise,WPS项目管理企业版需求聚类分析.md,enterprise-03598,林^_^1+1的企业,考情表,项目与任务管理,甘特图与排期可视化,,,,,,,,
enterprise,WPS项目管理企业版需求聚类分析.md,enterprise-03599,张梦珂的企业,甘特图,项目与任务管理,甘特图与排期可视化,,,,,,,,
enterprise,WPS项目管理企业版需求聚类分析.md,enterprise-03600,昵称的企业,我是一名物业项目经理 请帮我设计一份月度资金计划表及月度工作计划表,项目与任务管理,项目计划管理,,,,,,,,
enterprise,WPS项目管理企业版需求聚类分析.md,enterprise-03601,图强林业局广播电视台,新媒体（公众号）宣传的绩效管理,数据分析与经营看板,报表管理,,,,,,,,
enterprise,WPS项目管理企业版需求聚类分析.md,enterprise-03602,芜湖百齐电子商务有限公司,跟进项目工作,项目与任务管理,项目进度跟踪,,,,,,,,
enterprise,WPS项目管理企业版需求聚类分析.md,enterprise-03603,上航检测结构试验室,多人协同合作完成不定期下发试验任务,协同办公与流程审批,协同办公,,,,,,,,
enterprise,WPS项目管理企业版需求聚类分析.md,enterprise-03604,Tony的企业,公司内部运营考核,生产与制造管理,制造进度跟踪,,,,,,,,
enterprise,WPS项目管理企业版需求聚类分析.md,enterprise-03605,M的企业,2,无,无,,,,,,,,
enterprise,WPS项目管理企业版需求聚类分析.md,enterprise-03606,中国科学院上海高等研究院,大工程进度管理,工程与施工管理,工程进度管理,,,,,,,,
enterprise,WPS项目管理企业版需求聚类分析.md,enterprise-03607,东莞市欣柯达能源有限公司订单跟进汇总,订单管理,客户、销售与订单,订单管理,,,,,,,,
enterprise,WPS项目管理企业版需求聚类分析.md,enterprise-03608,思源新电子科技,信息化项目管理,项目与任务管理,项目台账管理,,,,,,,,
enterprise,WPS项目管理企业版需求聚类分析.md,enterprise-03609,雷管的企业,。,无,无,,,,,,,,
enterprise,WPS项目管理企业版需求聚类分析.md,enterprise-03610,黔颜的企业,合同管理,财务、合同与结算,合同与招投标管理,,,,,,,,
enterprise,WPS项目管理企业版需求聚类分析.md,enterprise-03611,深海的企业,施工计划进度,工程与施工管理,工程进度管理,,,,,,,,
enterprise,WPS项目管理企业版需求聚类分析.md,enterprise-03612,桥梁工程部,项目管理,项目与任务管理,项目台账管理,,,,,,,,
enterprise,WPS项目管理企业版需求聚类分析.md,enterprise-03613,LI的企业,业务团队建立初期，管理者在部门搭建和业务布局上工作任务,人力与组织管理,组织与岗位管理,,,,,,,,
enterprise,WPS项目管理企业版需求聚类分析.md,enterprise-03614,赵勇凯的企业,我是个人使用，主要是管理自己的所有工作，包括工作计划，工作安排。,协同办公与流程审批,行政事务管理,,,,,,,,
enterprise,WPS项目管理企业版需求聚类分析.md,enterprise-03615,雷峰的企业,工程项目管理,工程与施工管理,工程进度管理,,,,,,,,
enterprise,WPS项目管理企业版需求聚类分析.md,enterprise-03616,糸糸的企业,项目管理,项目与任务管理,项目台账管理,,,,,,,,
enterprise,WPS项目管理企业版需求聚类分析.md,enterprise-03617,创新科技,打造知情系统,协同办公与流程审批,待办与提醒管理,,,,,,,,
enterprise,WPS项目管理企业版需求聚类分析.md,enterprise-03618,YJH-123456的企业,企鹅企鹅武切维奇我饿,无,无,,,,,,,,
enterprise,WPS项目管理企业版需求聚类分析.md,enterprise-03619,技术中心,研发项目,研发与产品管理,研发项目管理,,,,,,,,
enterprise,WPS项目管理企业版需求聚类分析.md,enterprise-03620,河南谷鹏餐饮的企业,谷鹏麻鸭面门店三级手册（店长手册、前厅后厨主管手册、员工执行手册）,生产与制造管理,车间任务管理,,,,,,,,
enterprise,WPS项目管理企业版需求聚类分析.md,enterprise-03621,湖南涟邵建设工程(集团)有限责任公司昌江分公司,项目管理看板,数据分析与经营看板,可视化看板,,,,,,,,
enterprise,WPS项目管理企业版需求聚类分析.md,enterprise-03622,明澜（南京）电子有限公司,客户的询盘清单，怎样和整个报价，不同的MOQ细致化,客户、销售与订单,询价与报价管理,,,,,,,,
enterprise,WPS项目管理企业版需求聚类分析.md,enterprise-03623,廊坊荣上五金件有限公司,报价,客户、销售与订单,询价与报价管理,,,,,,,,
enterprise,WPS项目管理企业版需求聚类分析.md,enterprise-03624,谭雪松Run for R的企业,作为一个管理咨询公司的研发顾问，输出一个202年到月，到周的产品与技术体系变革咨询项目计划,研发与产品管理,技术文档管理,,,,,,,,
enterprise,WPS项目管理企业版需求聚类分析.md,enterprise-03625,榆林贝力体育文化传播有限公司,归档项目资料,项目与任务管理,项目复盘与总结,,,,,,,,
enterprise,WPS项目管理企业版需求聚类分析.md,enterprise-03626,Sonia的企业,研发、打样、批量销售，包含成本控制,研发与产品管理,打样与试制管理,,,,,,,,
enterprise,WPS项目管理企业版需求聚类分析.md,enterprise-03627,333的企业,APQP,无,无,,,,,,,,
enterprise,WPS项目管理企业版需求聚类分析.md,enterprise-03628,wangning的企业,财政评审工作,财务、合同与结算,利润与经营分析,,,,,,,,
enterprise,WPS项目管理企业版需求聚类分析.md,enterprise-03629,枯风的企业,项目计划,项目与任务管理,项目计划管理,,,,,,,,
enterprise,WPS项目管理企业版需求聚类分析.md,enterprise-03630,浙江吉成实业,项目开发进度，会议决策问题跟踪，项目负责人工作绩效,协同办公与流程审批,会议与纪要管理,,,,,,,,
enterprise,WPS项目管理企业版需求聚类分析.md,enterprise-03631,陈的企业,建筑行业项目管理,工程与施工管理,工程进度管理,,,,,,,,
enterprise,WPS项目管理企业版需求聚类分析.md,enterprise-03632,Randy.Xu的企业,项目计划管理,项目与任务管理,项目计划管理,,,,,,,,
enterprise,WPS项目管理企业版需求聚类分析.md,enterprise-03633,ZOVIN BOUTIQUE,新媒体工作进程,数据分析与经营看板,报表管理,,,,,,,,
enterprise,WPS项目管理企业版需求聚类分析.md,enterprise-03634,长安的企业,项目策划,项目与任务管理,项目计划管理,,,,,,,,
enterprise,WPS项目管理企业版需求聚类分析.md,enterprise-03635,小巫仙的企业,商机-投标-中标-合同签订-发票开具-项目回款,财务、合同与结算,发票与结算管理,,,,,,,,
enterprise,WPS项目管理企业版需求聚类分析.md,enterprise-03636,天拓筑猎部,1,无,无,,,,,,,,
enterprise,WPS项目管理企业版需求聚类分析.md,enterprise-03637,Heisenberg的企业,制造流程领料及生产进度监控,数据分析与经营看板,可视化看板,,,,,,,,
enterprise,WPS项目管理企业版需求聚类分析.md,enterprise-03638,cindy的企业,聚焦于客户的分析以及客战略到落地,客户、销售与订单,客户跟进管理,,,,,,,,
enterprise,WPS项目管理企业版需求聚类分析.md,enterprise-03639,纯粹、15879929355的企业,工程管理,工程与施工管理,工程进度管理,,,,,,,,
enterprise,WPS项目管理企业版需求聚类分析.md,enterprise-03640,集团外工程业务,工程施工业务,工程与施工管理,工程进度管理,,,,,,,,
enterprise,WPS项目管理企业版需求聚类分析.md,enterprise-03641,阳光彩花黎族乃原正太的企业,产品上市多线程看板,数据分析与经营看板,可视化看板,,,,,,,,
enterprise,WPS项目管理企业版需求聚类分析.md,enterprise-03642,成都软交所信息服务有限公司,2026年科室工作推进情况,研发与产品管理,研发项目管理,,,,,,,,
enterprise,WPS项目管理企业版需求聚类分析.md,enterprise-03643,内蒙古莲胜信息技术有限公司,固定资产清查和条码化,质量、安全与合规,内控与审计合规,,,,,,,,
enterprise,WPS项目管理企业版需求聚类分析.md,enterprise-03644,湖北永拓工程检测有限公司,工程质量检测行业，对应甲方，合同，工作内容，工作精度，后期收款,财务、合同与结算,利润与经营分析,,,,,,,,
enterprise,WPS项目管理企业版需求聚类分析.md,enterprise-03645,红豆杉的企业,多项目管理，批量处理任务，计划完成和实际完成双轴甘特图，自动计算项目完成率，可按项目分发给每个工程师相应的任务并设置到期提醒,项目与任务管理,甘特图与排期可视化,,,,,,,,
enterprise,WPS项目管理企业版需求聚类分析.md,enterprise-03646,安徽巽风建设工程有限公司,成本管理，合同管理，发票管理,财务、合同与结算,成本核算管理,,,,,,,,
enterprise,WPS项目管理企业版需求聚类分析.md,enterprise-03647,聚散流沙的企业,项目管理,项目与任务管理,项目台账管理,,,,,,,,
enterprise,WPS项目管理企业版需求聚类分析.md,enterprise-03648,钟泉的企业,IMOC项目交付,服务、工单与运维,安装与实施交付,,,,,,,,
enterprise,WPS项目管理企业版需求聚类分析.md,enterprise-03649,WPS_1510106327的企业,项目管理,项目与任务管理,项目台账管理,,,,,,,,
enterprise,WPS项目管理企业版需求聚类分析.md,enterprise-03650,Project,项目管理,项目与任务管理,项目台账管理,,,,,,,,
enterprise,WPS项目管理企业版需求聚类分析.md,enterprise-03651,许小仙的企业(分部),木结构行业，加工厂产品完成情况,生产与制造管理,生产交付协同,,,,,,,,
enterprise,WPS项目管理企业版需求聚类分析.md,enterprise-03652,容县人民医院,一个项目开始到决算所有流程,项目与任务管理,项目进度跟踪,,,,,,,,
enterprise,WPS项目管理企业版需求聚类分析.md,enterprise-03653,小灬信仰的企业,项目统计,项目与任务管理,项目复盘与总结,,,,,,,,
enterprise,WPS项目管理企业版需求聚类分析.md,enterprise-03654,xz156的企业,系统业务，项目流程把控,项目与任务管理,项目台账管理,,,,,,,,
enterprise,WPS项目管理企业版需求聚类分析.md,enterprise-03655,南京力时代生物技术有限公司,1,无,无,,,,,,,,
enterprise,WPS项目管理企业版需求聚类分析.md,enterprise-03656,qgxy的企业,细化项目推进流程,研发与产品管理,研发项目管理,,,,,,,,
enterprise,WPS项目管理企业版需求聚类分析.md,enterprise-03657,项目交付室,负责信息化集成类项目实施管理。,项目与任务管理,项目台账管理,,,,,,,,
enterprise,WPS项目管理企业版需求聚类分析.md,enterprise-03658,泰泉圣 刘伟强的企业,施工日志,工程与施工管理,工程进度管理,,,,,,,,
enterprise,WPS项目管理企业版需求聚类分析.md,enterprise-03659,2026发电,电力检修计划工作前期查勘、现场实施管控安排,服务、工单与运维,巡检管理,,,,,,,,
enterprise,WPS项目管理企业版需求聚类分析.md,enterprise-03660,七七~的企业,应用场景：营销中心销售部门人员的业务进程和日常数据管理,客户、销售与订单,商机与销售过程管理,,,,,,,,
enterprise,WPS项目管理企业版需求聚类分析.md,enterprise-03661,锡自电力(江苏)有限公司,电力自动化公司,生产与制造管理,工序流转管理,,,,,,,,
enterprise,WPS项目管理企业版需求聚类分析.md,enterprise-03662,孟海建的企业,规划部门年度工作，包含目标管理、负责人、年/月/周/日工作内容，工作类别看板，具体项目进度，年/月/周/日顾盼,项目与任务管理,项目进度跟踪,,,,,,,,
enterprise,WPS项目管理企业版需求聚类分析.md,enterprise-03663,赫赫的企业,APQP,无,无,,,,,,,,
enterprise,WPS项目管理企业版需求聚类分析.md,enterprise-03664,皂香的企业,配网项目工程，从开始的任务书下达，现勘（现勘记录单，车辆应用）施设图纸，内审，初审，正源审查，正信审查，入库，下达投资，出施工图，竣工验收，竣工图，项目归档,工程与施工管理,工程验收管理,,,,,,,,
enterprise,WPS项目管理企业版需求聚类分析.md,enterprise-03665,湖南中星建设集团有限公司,从事集中式光伏安装管理,服务、工单与运维,安装与实施交付,,,,,,,,
enterprise,WPS项目管理企业版需求聚类分析.md,enterprise-03666,浙江启程汽车部件有限公司,汽车零部件项目管理,工程与施工管理,分包与班组管理,,,,,,,,
enterprise,WPS项目管理企业版需求聚类分析.md,enterprise-03667,苏亚金诚会计师事务所（特殊普通合伙）,项目组成员每天的项目进度,项目与任务管理,项目进度跟踪,,,,,,,,
enterprise,WPS项目管理企业版需求聚类分析.md,enterprise-03668,Chen,项目协调，问题解决截点时间，职责部门，责任人，处理意见和问题描述等,项目与任务管理,任务分配与协同,,,,,,,,
enterprise,WPS项目管理企业版需求聚类分析.md,enterprise-03669,joe^的企业,项目工程师开发工作,工程与施工管理,工程进度管理,,,,,,,,
enterprise,WPS项目管理企业版需求聚类分析.md,enterprise-03670,湘潭倾斜,大疆无人机机场的选址及安装调试,服务、工单与运维,安装与实施交付,,,,,,,,
enterprise,WPS项目管理企业版需求聚类分析.md,enterprise-03671,袁清的企业,欢迎使用W,无,无,,,,,,,,
enterprise,WPS项目管理企业版需求聚类分析.md,enterprise-03672,4422的企业,项目管理,项目与任务管理,项目台账管理,,,,,,,,
enterprise,WPS项目管理企业版需求聚类分析.md,enterprise-03673,四川诚诺合才人力资源有限公司,城市业务项目,工程与施工管理,基建与市政项目管理,,,,,,,,
enterprise,WPS项目管理企业版需求聚类分析.md,enterprise-03674,一叶之秋的企业,生成一列只有姓名对应的人才能改写的列,无,无,,,,,,,,
enterprise,WPS项目管理企业版需求聚类分析.md,enterprise-03675,Zhaojk的企业,多品种小批量，产品更改频繁的产品,研发与产品管理,产品开发管理,,,,,,,,
enterprise,WPS项目管理企业版需求聚类分析.md,enterprise-03676,含笑半步癫的企业,管理钻进工程项目进度，项目人员，质量，业主跟踪等,研发与产品管理,研发项目管理,,,,,,,,
enterprise,WPS项目管理企业版需求聚类分析.md,enterprise-03677,远超所望数码租赁有限公司,手机租赁档期管理和发货,客户、销售与订单,发货与交付跟踪,,,,,,,,
enterprise,WPS项目管理企业版需求聚类分析.md,enterprise-03678,李雨佳的关联表,记者日常出勤，稿件完成情况统计及办理。,数据分析与经营看板,报表管理,,,,,,,,
enterprise,WPS项目管理企业版需求聚类分析.md,enterprise-03679,609的企业,项目管理,项目与任务管理,项目台账管理,,,,,,,,
enterprise,WPS项目管理企业版需求聚类分析.md,enterprise-03680,Kispa的企业,1,无,无,,,,,,,,
enterprise,WPS项目管理企业版需求聚类分析.md,enterprise-03681,重庆轩云装饰设计工程有限公司,工程,工程与施工管理,工程进度管理,,,,,,,,
enterprise,WPS项目管理企业版需求聚类分析.md,enterprise-03682,a  张猛的企业,项目管理,项目与任务管理,项目台账管理,,,,,,,,
enterprise,WPS项目管理企业版需求聚类分析.md,enterprise-03683,不想打昵称的企业,装修公司项目收入成本,财务、合同与结算,成本核算管理,,,,,,,,
enterprise,WPS项目管理企业版需求聚类分析.md,enterprise-03684,大鵬的企业,测试,无,无,,,,,,,,
enterprise,WPS项目管理企业版需求聚类分析.md,enterprise-03685,唐发保团队,机电安装,服务、工单与运维,安装与实施交付,,,,,,,,
enterprise,WPS项目管理企业版需求聚类分析.md,enterprise-03686,桥峰的的,记录工作进度和完成时限,项目与任务管理,项目进度跟踪,,,,,,,,
enterprise,WPS项目管理企业版需求聚类分析.md,enterprise-03687,安徽云图信息技术有限公司,管理团队的执行情况,人力与组织管理,绩效与提成管理,,,,,,,,
enterprise,WPS项目管理企业版需求聚类分析.md,enterprise-03688,SUNAC融创旅居 李晓华的企业,做预算,财务、合同与结算,预算管理,,,,,,,,
enterprise,WPS项目管理企业版需求聚类分析.md,enterprise-03689,DTJR,WQ,无,无,,,,,,,,
enterprise,WPS项目管理企业版需求聚类分析.md,enterprise-03690,玉小灶现炒简餐,项目管理，文件归档，,项目与任务管理,项目台账管理,,,,,,,,
enterprise,WPS项目管理企业版需求聚类分析.md,enterprise-03691,xuwk,# 工业MRO小批量定制耗材电商项目（轻资产高利润）,生产与制造管理,非标制造管理,,,,,,,,
enterprise,WPS项目管理企业版需求聚类分析.md,enterprise-03692,,**核心定位**：聚焦电子制造/智能家居/工业控制领域的**小批量、定制化MRO耗材**（如专用连接器、定制端子、绝缘材料、小型继电器等），提供“精准选型+品质管控+快速交付+技术支持”的一站式服务，避开大厂批量门槛，解决中小企业“采购难、品质不稳、技术无支撑”的痛点，实现轻资产、高复购、可持续盈利。,,,,,,,,,,
enterprise,WPS项目管理企业版需求聚类分析.md,enterprise-03693,,### 一、项目名称,,,,,,,,,,
enterprise,WPS项目管理企业版需求聚类分析.md,enterprise-03694,,**精准联科——电子制造MRO定制耗材专家**,,,,,,,,,,
enterprise,WPS项目管理企业版需求聚类分析.md,enterprise-03695,,### 二、核心价值主张,,,,,,,,,,
enterprise,WPS项目管理企业版需求聚类分析.md,enterprise-03696,,- 对客户：**小批量也能定制（10-500件起订）、3-7天快速交付、品质有保障、免费技术选型**，解决大厂不接小单、通用耗材不匹配、采购效率低的问题；,,,,,,,,,,
enterprise,WPS项目管理企业版需求聚类分析.md,enterprise-03697,,- 对供应链：**聚合小订单、稳定产能、降低沟通成本**，成为工厂与中小企业的桥梁；,,,,,,,,,,
enterprise,WPS项目管理企业版需求聚类分析.md,enterprise-03698,,- 对自己：**复用工艺管控+品质标准+供应链对接+客户沟通能力**，打造技术型电商壁垒，利润率30%-60%，远高于传统贸易。,,,,,,,,,,
enterprise,WPS项目管理企业版需求聚类分析.md,enterprise-03699,,### 三、目标客户（精准锁定，降低获客成本）,,,,,,,,,,
enterprise,WPS项目管理企业版需求聚类分析.md,enterprise-03700,,,客户类型,核心需求,,,,,,,,
enterprise,WPS项目管理企业版需求聚类分析.md,enterprise-03701,乙二醇苯乙烯联合车间,团队任务管理,项目与任务管理,任务分配与协同,,,,,,,,
enterprise,WPS项目管理企业版需求聚类分析.md,enterprise-03702,悦容建筑,工程项目管理,工程与施工管理,工程进度管理,,,,,,,,
enterprise,WPS项目管理企业版需求聚类分析.md,enterprise-03703,鞋子批发零售丹的企业,生鲜配送,供应链与仓储物流,物流运输与配送管理,,,,,,,,
enterprise,WPS项目管理企业版需求聚类分析.md,enterprise-03704,苏莹的企业,建立科学的工作闭环，项目流程化,项目与任务管理,项目复盘与总结,,,,,,,,
enterprise,WPS项目管理企业版需求聚类分析.md,enterprise-03705,天空的企业,工程项目,工程与施工管理,工程进度管理,,,,,,,,
enterprise,WPS项目管理企业版需求聚类分析.md,enterprise-03706,LED的企业,工厂的工艺布局，设备技改，产线优化，新产品配套、新线项目,研发与产品管理,产品开发管理,,,,,,,,
enterprise,WPS项目管理企业版需求聚类分析.md,enterprise-03707,上海昂力装饰材料有限公司,我是台面加工厂的负责人，准备用wps表格做订单项目管理，我的产品是家装石英石岩板台面。销售模式是对接b端门店落地c端,客户、销售与订单,商机与销售过程管理,,,,,,,,
enterprise,WPS项目管理企业版需求聚类分析.md,enterprise-03708,因你而来的企业,对项目的进度管理，形象进度快报，计量支付等工作,项目与任务管理,项目进度跟踪,,,,,,,,
enterprise,WPS项目管理企业版需求聚类分析.md,enterprise-03709,%E4%BB%8A%E6%97%A5%E5%A4%B4%E6%9D%A1%EF%的企业,1,无,无,,,,,,,,
enterprise,WPS项目管理企业版需求聚类分析.md,enterprise-03710,日之泉管理中心,每日流水，合同监督，催款，,财务、合同与结算,应收应付管理,,,,,,,,
enterprise,WPS项目管理企业版需求聚类分析.md,enterprise-03711,HQ的企业,1、标准件批发的商贸企业用于减少重复工作,生产与制造管理,生产交付协同,,,,,,,,
enterprise,WPS项目管理企业版需求聚类分析.md,enterprise-03712,,2、制造企业用于管理零星采购,,,,,,,,,,
enterprise,WPS项目管理企业版需求聚类分析.md,enterprise-03713,zzh腰线的企业,9999,无,无,,,,,,,,
enterprise,WPS项目管理企业版需求聚类分析.md,enterprise-03714,文件共享,如何使用,生产与制造管理,装配与调试管理,,,,,,,,
enterprise,WPS项目管理企业版需求聚类分析.md,enterprise-03715,15066652161手机用户的企业,项目管理类，包含项目汇总、项目概况、项目进展、采购进度、付款进度等信息,项目与任务管理,项目台账管理,,,,,,,,
enterprise,WPS项目管理企业版需求聚类分析.md,enterprise-03716,贺晓波~华星称重制造商的企业,销售管理和项目管理,客户、销售与订单,商机与销售过程管理,,,,,,,,
enterprise,WPS项目管理企业版需求聚类分析.md,enterprise-03717,文旅集团—设计部—张馨怡的企业,个人规划管理,人力与组织管理,考勤管理,,,,,,,,
enterprise,WPS项目管理企业版需求聚类分析.md,enterprise-03718,隆睿图书,电商运营,客户、销售与订单,电商与门店运营,,,,,,,,
enterprise,WPS项目管理企业版需求聚类分析.md,enterprise-03719,微风细雨的企业,项目管理，开完工、负责人记录,项目与任务管理,项目台账管理,,,,,,,,
enterprise,WPS项目管理企业版需求聚类分析.md,enterprise-03720,办公,根据赛事报名选手的情况，分析报名年龄状态及其报名金额和复购率,数据分析与经营看板,多维分析,,,,,,,,
enterprise,WPS项目管理企业版需求聚类分析.md,enterprise-03721,刘冠峰的企业,暂无,无,无,,,,,,,,
enterprise,WPS项目管理企业版需求聚类分析.md,enterprise-03722,Wwww,111,无,无,,,,,,,,
enterprise,WPS项目管理企业版需求聚类分析.md,enterprise-03723,ʚ巴黎雨夜ʚ的企业,0,无,无,,,,,,,,
enterprise,WPS项目管理企业版需求聚类分析.md,enterprise-03724,Kickb的企业,项目进度跟进,项目与任务管理,项目进度跟踪,,,,,,,,
enterprise,WPS项目管理企业版需求聚类分析.md,enterprise-03725,山西凯普检测有限公司,Lims实验室管理系统，,研发与产品管理,打样与试制管理,,,,,,,,
enterprise,WPS项目管理企业版需求聚类分析.md,enterprise-03726,散落了记忆的企业,帮我生成一份立体库集成的WBS计划以及时间,项目与任务管理,项目计划管理,,,,,,,,
enterprise,WPS项目管理企业版需求聚类分析.md,enterprise-03727,重庆耐幕思装饰材料有限公司,产品BOM,研发与产品管理,图纸与BOM管理,,,,,,,,
enterprise,WPS项目管理企业版需求聚类分析.md,enterprise-03728,阿泽吖的企业,多项目管理,项目与任务管理,多项目组合管理,,,,,,,,
enterprise,WPS项目管理企业版需求聚类分析.md,enterprise-03729,龍神科技有限公司,描述一下中学生的学习习惯,无,无,,,,,,,,
enterprise,WPS项目管理企业版需求聚类分析.md,enterprise-03730,zd的项目,风险管理,质量、安全与合规,风险管理,,,,,,,,
enterprise,WPS项目管理企业版需求聚类分析.md,enterprise-03731,网龙华渔,项目管理,项目与任务管理,项目台账管理,,,,,,,,
enterprise,WPS项目管理企业版需求聚类分析.md,enterprise-03732,......的企业,领导每日安排事项每周进行跟进落实,生产与制造管理,生产计划管理,,,,,,,,
enterprise,WPS项目管理企业版需求聚类分析.md,enterprise-03733,YoL1420277746的企业,根据工作内容生成紧急程度,服务、工单与运维,故障与异常处理,,,,,,,,
enterprise,WPS项目管理企业版需求聚类分析.md,enterprise-03734,北京建投建设有限公司,x,无,无,,,,,,,,
enterprise,WPS项目管理企业版需求聚类分析.md,enterprise-03735,瑞发市场部,产品交付进度与开票进度,客户、销售与订单,发货与交付跟踪,,,,,,,,
enterprise,WPS项目管理企业版需求聚类分析.md,enterprise-03736,力力的企业,给我画个横道图,项目与任务管理,甘特图与排期可视化,,,,,,,,
enterprise,WPS项目管理企业版需求聚类分析.md,enterprise-03737,谨然女王团队,律师业务跟进,客户、销售与订单,客户跟进管理,,,,,,,,
enterprise,WPS项目管理企业版需求聚类分析.md,enterprise-03738,Hello Friday的企业,高速公路服务区,服务、工单与运维,巡检管理,,,,,,,,
enterprise,WPS项目管理企业版需求聚类分析.md,enterprise-03739,金翔和智能科技有限公司,对各个项目进行跟踪，包括进度、加工人员、计划完成时间、实际完成时间。,项目与任务管理,项目计划管理,,,,,,,,
enterprise,WPS项目管理企业版需求聚类分析.md,enterprise-03740,红海行动(hfh )的企业,存储文档资料,协同办公与流程审批,文档与档案管理,,,,,,,,
enterprise,WPS项目管理企业版需求聚类分析.md,enterprise-03741,夏天的树荫的企业,项目进度,项目与任务管理,项目进度跟踪,,,,,,,,
enterprise,WPS项目管理企业版需求聚类分析.md,enterprise-03742,客户服务与质量监控部,快递客服日常工作协同跟进,服务、工单与运维,客服工单管理,,,,,,,,
enterprise,WPS项目管理企业版需求聚类分析.md,enterprise-03743,任我东西南北的企业,项目研发管理，试验数据收集、测试报告归档,研发与产品管理,打样与试制管理,,,,,,,,
enterprise,WPS项目管理企业版需求聚类分析.md,enterprise-03744,蕭凱生的拓荒之路,个人工作室的建立统筹规划运营,研发与产品管理,研发阶段管理,,,,,,,,
enterprise,WPS项目管理企业版需求聚类分析.md,enterprise-03745,河南化防,建筑工程行业,工程与施工管理,装修装饰项目管理,,,,,,,,
enterprise,WPS项目管理企业版需求聚类分析.md,enterprise-03746,sue的企业,333,无,无,,,,,,,,
enterprise,WPS项目管理企业版需求聚类分析.md,enterprise-03747,真·假的企业,工作进度管理,生产与制造管理,车间任务管理,,,,,,,,
enterprise,WPS项目管理企业版需求聚类分析.md,enterprise-03748,清风明月的企业,2516165,无,无,,,,,,,,
enterprise,WPS项目管理企业版需求聚类分析.md,enterprise-03749,One in a million,项目管理   团队成员10人  任务杂  分项工程多,项目与任务管理,多项目组合管理,,,,,,,,
enterprise,WPS项目管理企业版需求聚类分析.md,enterprise-03750,呼市场道九标工程部,多个工程报验资料自动编辑功能,数据分析与经营看板,统计汇总,,,,,,,,
enterprise,WPS项目管理企业版需求聚类分析.md,enterprise-03751,凯拢(靖西)技术有限公司,2026年凯拢（靖西）技术有限公司  研发规划、计划,研发与产品管理,研发项目管理,,,,,,,,
enterprise,WPS项目管理企业版需求聚类分析.md,enterprise-03752,赵艳靚的企业,我想让供应商帮我根据图纸报价，但是价格希望我加工之后让客户看到,客户、销售与订单,询价与报价管理,,,,,,,,
enterprise,WPS项目管理企业版需求聚类分析.md,enterprise-03753,赵丹的企业,作为建设管理部门负责建设单位的项目计划招标施工验收全过程管理,工程与施工管理,工程验收管理,,,,,,,,
enterprise,WPS项目管理企业版需求聚类分析.md,enterprise-03754,海阔天空的企业,甘特图,项目与任务管理,甘特图与排期可视化,,,,,,,,
enterprise,WPS项目管理企业版需求聚类分析.md,enterprise-03755,同步轮同步带,工业产品寻找成交客户过程,客户、销售与订单,商机与销售过程管理,,,,,,,,
enterprise,WPS项目管理企业版需求聚类分析.md,enterprise-03756,焦作市沐锦云巢电子商务有限公司,客户跟进及自动提醒到期时间,客户、销售与订单,客户跟进管理,,,,,,,,
enterprise,WPS项目管理企业版需求聚类分析.md,enterprise-03757,A✔枫桦的企业,1,无,无,,,,,,,,
enterprise,WPS项目管理企业版需求聚类分析.md,enterprise-03758,小团队2025,实验项目管理,研发与产品管理,打样与试制管理,,,,,,,,
enterprise,WPS项目管理企业版需求聚类分析.md,enterprise-03759,fdc的企业,物资管理,供应链与仓储物流,物料采购管理,,,,,,,,
enterprise,WPS项目管理企业版需求聚类分析.md,enterprise-03760,土豆的企业,记录工人工资以及开支情况,人力与组织管理,工时与人员负荷管理,,,,,,,,
enterprise,WPS项目管理企业版需求聚类分析.md,enterprise-03761,Toptest的企业,储能和电子电气产品的研发和测试项目管理,研发与产品管理,技术文档管理,,,,,,,,
enterprise,WPS项目管理企业版需求聚类分析.md,enterprise-03762,蔡路的企业,工程项目管理横道图,项目与任务管理,甘特图与排期可视化,,,,,,,,
enterprise,WPS项目管理企业版需求聚类分析.md,enterprise-03763,玛格巴子买唢呐的企业,项目管理的进度管理,研发与产品管理,研发项目管理,,,,,,,,
enterprise,WPS项目管理企业版需求聚类分析.md,enterprise-03764,Cdiyasaka,在项目执行过程，协助售后主管及销售经理督促项目按期高效执行，对安装现场产生的一些特殊费用进行确认报销管理，具体如下：①按项目主动对接技术支持人员，索取项目的预验收纪要或报告，并进行电字化留存管理。②对项目派工单进行管理：一方面督促和协助售后主管应在项目派工前出具派工单，项目施工结束后应督促售后主管对实际施工时间进行及时确认，并据此做好施工效率的统计。另一方面依据项目派工单上的施工计划时间，结合该项目负责人的施工计,工程与施工管理,工程验收管理,,,,,,,,
enterprise,WPS项目管理企业版需求聚类分析.md,enterprise-03765,,划，适时对施工进度进行检查。③依据项目执行阶段，适时收集存档管理以下资料（纸质和电子文档）：土建确认表、安装调试过程记录表、安装调试完毕各设备成绩表、到货确认表、安装调试完毕确认表、培训记录表、陪产记录表、货物移交单、终验收单等。④做好三包和维修事项的统计工作，并据此向公司质量部门和技术部门进行周期性(一个季度一次）地统计汇报，以便公司提升改善产品质量。负责接听售后服务电话，并将需要处理的售后服务信息转给工程服务主管，由其安排专人处理。在这过程中要做好台账，并追踪处理结果。最后需对售后事件建立档案，以便公司对产品质量进行追踪。⑤做好项目实施过程中外聘人员：数量、工时的管理确认,,,,,,,,,,
enterprise,WPS项目管理企业版需求聚类分析.md,enterprise-03766,DongLiGroup,工程项目管理,工程与施工管理,工程进度管理,,,,,,,,
enterprise,WPS项目管理企业版需求聚类分析.md,enterprise-03767,Showtime影视传媒,影视制作项目跟进,项目与任务管理,甘特图与排期可视化,,,,,,,,
enterprise,WPS项目管理企业版需求聚类分析.md,enterprise-03768,中山市禾烁机电设备安装有限公司,机电安装劳务合同范本,生产与制造管理,工序流转管理,,,,,,,,
enterprise,WPS项目管理企业版需求聚类分析.md,enterprise-03769,冬天的企业,建筑工程施工进度计划管理,工程与施工管理,工程进度管理,,,,,,,,
enterprise,WPS项目管理企业版需求聚类分析.md,enterprise-03770,石家庄市长安区学府路联合社区卫生服务站,社区站年度整改问题总台账,质量、安全与合规,整改闭环管理,,,,,,,,
enterprise,WPS项目管理企业版需求聚类分析.md,enterprise-03771,广州鞠门贸易有限公司,1,无,无,,,,,,,,
enterprise,WPS项目管理企业版需求聚类分析.md,enterprise-03772,交通运输法规安全,安全生产各项任务,质量、安全与合规,安全管理,,,,,,,,
enterprise,WPS项目管理企业版需求聚类分析.md,enterprise-03773,哈尔滨佐唐科技的企业,项目管理,项目与任务管理,项目台账管理,,,,,,,,
enterprise,WPS项目管理企业版需求聚类分析.md,enterprise-03774,东吴基金管理有限公司,我想上几门课程，请帮我可视化管理课程进度，让我清楚知道我能否在预定的时间内完成课程,项目与任务管理,甘特图与排期可视化,,,,,,,,
enterprise,WPS项目管理企业版需求聚类分析.md,enterprise-03775,猪八戒1381472020的企业,物联网建设,项目与任务管理,甘特图与排期可视化,,,,,,,,
enterprise,WPS项目管理企业版需求聚类分析.md,enterprise-03776,亚亚Yaya的企业,从接受任务、投标、合同签署、中标服务费缴纳、成本、收费,财务、合同与结算,成本核算管理,,,,,,,,
enterprise,WPS项目管理企业版需求聚类分析.md,enterprise-03777,马彦鑫的企业,项目跟进,项目与任务管理,项目进度跟踪,,,,,,,,
enterprise,WPS项目管理企业版需求聚类分析.md,enterprise-03778,TOM ZHOU的企业,工程项目管理,工程与施工管理,工程进度管理,,,,,,,,
enterprise,WPS项目管理企业版需求聚类分析.md,enterprise-03779,中山嘉乐建筑装饰工程有限公司,装修行业,工程与施工管理,装修装饰项目管理,,,,,,,,
enterprise,WPS项目管理企业版需求聚类分析.md,enterprise-03780,子长市三力商行,1,无,无,,,,,,,,
enterprise,WPS项目管理企业版需求聚类分析.md,enterprise-03781,竹子的企业,资产评估报告和项目登记、流转、审批、签发,协同办公与流程审批,审批流程管理,,,,,,,,
enterprise,WPS项目管理企业版需求聚类分析.md,enterprise-03782,刘涛的企业,工程项目管理,工程与施工管理,工程进度管理,,,,,,,,
enterprise,WPS项目管理企业版需求聚类分析.md,enterprise-03783,TF的企业,电力通信施工与维护项目,工程与施工管理,工程结算管理,,,,,,,,
enterprise,WPS项目管理企业版需求聚类分析.md,enterprise-03784,云南荣盛达工程技术资料管理有限公司,每天行程记录,协同办公与流程审批,待办与提醒管理,,,,,,,,
enterprise,WPS项目管理企业版需求聚类分析.md,enterprise-03785,法拉利的企业,解决项目全过程管理问题,项目与任务管理,项目计划管理,,,,,,,,
enterprise,WPS项目管理企业版需求聚类分析.md,enterprise-03786,AI-NY,项目进度问题分析,项目与任务管理,项目进度跟踪,,,,,,,,
enterprise,WPS项目管理企业版需求聚类分析.md,enterprise-03787,盼盼 o(∩_∩)o的企业,建筑公司项目明细,工程与施工管理,工程进度管理,,,,,,,,
enterprise,WPS项目管理企业版需求聚类分析.md,enterprise-03788,这个名字有点难起的企业,1,无,无,,,,,,,,
enterprise,WPS项目管理企业版需求聚类分析.md,enterprise-03789,WPS_1638861611的企业,项目订单管理,项目与任务管理,项目台账管理,,,,,,,,
enterprise,WPS项目管理企业版需求聚类分析.md,enterprise-03790,WPS_1678873833的企业,项目管理,项目与任务管理,项目台账管理,,,,,,,,
enterprise,WPS项目管理企业版需求聚类分析.md,enterprise-03791,张兴啊的企业,项目管理更简单,项目与任务管理,项目台账管理,,,,,,,,
enterprise,WPS项目管理企业版需求聚类分析.md,enterprise-03792,建筑工程管理,建筑工程项目管理,工程与施工管理,工程进度管理,,,,,,,,
enterprise,WPS项目管理企业版需求聚类分析.md,enterprise-03793,whitney的企业,业务员账户密码信息统计，业务员各自客户统计，客户管理，客户查重，公海客户共享，客户成单付款交货跟踪,客户、销售与订单,客户信息管理,,,,,,,,
enterprise,WPS项目管理企业版需求聚类分析.md,enterprise-03794,广东粤海控股集团有限公司,项目任务分解与跟踪,项目与任务管理,项目进度跟踪,,,,,,,,
enterprise,WPS项目管理企业版需求聚类分析.md,enterprise-03795,冲八百万,装修,工程与施工管理,装修装饰项目管理,,,,,,,,
enterprise,WPS项目管理企业版需求聚类分析.md,enterprise-03796,带花的蘑菇的企业,材料更新每天上报具体进度,项目与任务管理,项目进度跟踪,,,,,,,,
enterprise,WPS项目管理企业版需求聚类分析.md,enterprise-03797,台州佐岛机械有限公司,做一个表格能统计所有型号的毛料半成品和成品的数量并且设计一个警报线当产品总数量少于这个数的时候提醒采购,研发与产品管理,打样与试制管理,,,,,,,,
enterprise,WPS项目管理企业版需求聚类分析.md,enterprise-03798,杨义涛的企业,222,无,无,,,,,,,,
enterprise,WPS项目管理企业版需求聚类分析.md,enterprise-03799,深圳市索格机电设备有限公司,AI分析数据,数据分析与经营看板,统计汇总,,,,,,,,
enterprise,WPS项目管理企业版需求聚类分析.md,enterprise-03800,栗子的企业00,建筑施工,工程与施工管理,工程进度管理,,,,,,,,
enterprise,WPS项目管理企业版需求聚类分析.md,enterprise-03801,孟紫莹的企业,研发一台带座滑板车,无,无,,,,,,,,
enterprise,WPS项目管理企业版需求聚类分析.md,enterprise-03802,北京橙启拓帆咨询服务有限公司,看看,无,无,,,,,,,,
enterprise,WPS项目管理企业版需求聚类分析.md,enterprise-03803,番茄炒牛肉的企业,汽车行业项目管理,研发与产品管理,研发阶段管理,,,,,,,,
enterprise,WPS项目管理企业版需求聚类分析.md,enterprise-03804,Jack的企业,进出库管理,人力与组织管理,考勤管理,,,,,,,,
enterprise,WPS项目管理企业版需求聚类分析.md,enterprise-03805,~的企业,造价文件,财务、合同与结算,成本核算管理,,,,,,,,
enterprise,WPS项目管理企业版需求聚类分析.md,enterprise-03806,汇鑫装饰,生产,生产与制造管理,生产交付协同,,,,,,,,
enterprise,WPS项目管理企业版需求聚类分析.md,enterprise-03807,E T      的企业,项目全流程,项目与任务管理,项目计划管理,,,,,,,,
enterprise,WPS项目管理企业版需求聚类分析.md,enterprise-03808,WPS_1641862710的企业,1111,无,无,,,,,,,,
enterprise,WPS项目管理企业版需求聚类分析.md,enterprise-03809,中国移动新牌坊营业厅,中国移动营业厅宽带设备回收登记表,无,无,,,,,,,,
enterprise,WPS项目管理企业版需求聚类分析.md,enterprise-03810,小队小队,进度跟踪,项目与任务管理,项目进度跟踪,,,,,,,,
enterprise,WPS项目管理企业版需求聚类分析.md,enterprise-03811,蒋勤的企业,工,无,无,,,,,,,,
enterprise,WPS项目管理企业版需求聚类分析.md,enterprise-03812,广东省盐业集团有限公司,多人多项目全流程协作,协同办公与流程审批,协同办公,,,,,,,,
enterprise,WPS项目管理企业版需求聚类分析.md,enterprise-03813,Serendipity.的企业,帮我生成统计可视表图,数据分析与经营看板,统计汇总,,,,,,,,
enterprise,WPS项目管理企业版需求聚类分析.md,enterprise-03814,吉祥的企业,研发项目管理,研发与产品管理,研发项目管理,,,,,,,,
enterprise,WPS项目管理企业版需求聚类分析.md,enterprise-03815,麦包互娱（广州）互联网科技有限公司,看看,无,无,,,,,,,,
enterprise,WPS项目管理企业版需求聚类分析.md,enterprise-03816,ZSW的企业002,落实会议,协同办公与流程审批,会议与纪要管理,,,,,,,,
enterprise,WPS项目管理企业版需求聚类分析.md,enterprise-03817,林滨           装修设计的企业,学习,人力与组织管理,培训与人才发展管理,,,,,,,,
enterprise,WPS项目管理企业版需求聚类分析.md,enterprise-03818,jizhisoft,app项目需求管理,项目与任务管理,项目台账管理,,,,,,,,
enterprise,WPS项目管理企业版需求聚类分析.md,enterprise-03819,陈虹莹的企业,加盟商管理,客户、销售与订单,商机与销售过程管理,,,,,,,,
enterprise,WPS项目管理企业版需求聚类分析.md,enterprise-03820,韦尔通科技,任务管理,项目与任务管理,任务分配与协同,,,,,,,,
enterprise,WPS项目管理企业版需求聚类分析.md,enterprise-03821,风雨的企业,作业现场管理和检查,服务、工单与运维,巡检管理,,,,,,,,
enterprise,WPS项目管理企业版需求聚类分析.md,enterprise-03822,江苏天园项目管理集团有限公司,部门合同管理、项目管理、回款管理等,财务、合同与结算,收付款与回款管理,,,,,,,,
enterprise,WPS项目管理企业版需求聚类分析.md,enterprise-03823,北京尚辰博瑞科技有限公司,大屏幕设备生产、销售、安装、售后,生产与制造管理,非标制造管理,,,,,,,,
enterprise,WPS项目管理企业版需求聚类分析.md,enterprise-03824,试用义幻医疗,任务拆解到人，要体现中间插入的事情,项目与任务管理,任务分配与协同,,,,,,,,
enterprise,WPS项目管理企业版需求聚类分析.md,enterprise-03825,内蒙古电子科技有限责任公司,根据以上表格数据，把公司目标完成 按柱状显示，完成率按折线显示,客户、销售与订单,销售目标管理,,,,,,,,
enterprise,WPS项目管理企业版需求聚类分析.md,enterprise-03826,陕西丰伟项目实业有限公司,建筑类公司的，合同管理，发票管理，工人考勤，项目的进度及收支,工程与施工管理,工程结算管理,,,,,,,,
enterprise,WPS项目管理企业版需求聚类分析.md,enterprise-03827,广联铁路工程有限公司,对工程项目进行管理，沟通记录，合同签订，回款计算,工程与施工管理,工程结算管理,,,,,,,,
enterprise,WPS项目管理企业版需求聚类分析.md,enterprise-03828,梦想已过期的企业,项目施工计划,工程与施工管理,工程进度管理,,,,,,,,
enterprise,WPS项目管理企业版需求聚类分析.md,enterprise-03829,JMMI,项目管理,项目与任务管理,项目台账管理,,,,,,,,
enterprise,WPS项目管理企业版需求聚类分析.md,enterprise-03830,小朋友。的企业,帮我统计销售预算情况,财务、合同与结算,预算管理,,,,,,,,
enterprise,WPS项目管理企业版需求聚类分析.md,enterprise-03831,橙子的的企业,研发项目生产调试测试进度跟踪,研发与产品管理,打样与试制管理,,,,,,,,
enterprise,WPS项目管理企业版需求聚类分析.md,enterprise-03832,太仓市蜂鸟生境绿色社区发展中心,将机构的项目和活动搭建成为协同工作场景,项目与任务管理,任务分配与协同,,,,,,,,
enterprise,WPS项目管理企业版需求聚类分析.md,enterprise-03833,王亮的企业,辅导连锁药店搭建糖慢病顾客管理项目，结合人货场客财各个版块，在签订企业进行项目辅导赋能开始后各个阶段的项目落地计划和数据闭环管控,研发与产品管理,研发阶段管理,,,,,,,,
enterprise,WPS项目管理企业版需求聚类分析.md,enterprise-03834,全幼儿园最亮的仔的企业,协作办公,协同办公与流程审批,协同办公,,,,,,,,
enterprise,WPS项目管理企业版需求聚类分析.md,enterprise-03835,新疆疆纳矿业有限公司,工程项目管理,工程与施工管理,工程进度管理,,,,,,,,
enterprise,WPS项目管理企业版需求聚类分析.md,enterprise-03836,华靖的企业,货运公司,供应链与仓储物流,物流运输与配送管理,,,,,,,,
enterprise,WPS项目管理企业版需求聚类分析.md,enterprise-03837,万耐特(珠海珠澳跨境工业区)温控设备有限公司,啧啧啧,无,无,,,,,,,,
enterprise,WPS项目管理企业版需求聚类分析.md,enterprise-03838,俊的企业,d,无,无,,,,,,,,
enterprise,WPS项目管理企业版需求聚类分析.md,enterprise-03839,黄石市城市发展投资集团有限公司,wps商业高级版培训项目,人力与组织管理,培训与人才发展管理,,,,,,,,
enterprise,WPS项目管理企业版需求聚类分析.md,enterprise-03840,素质不详的企业,工作,生产与制造管理,车间任务管理,,,,,,,,
enterprise,WPS项目管理企业版需求聚类分析.md,enterprise-03841,Alisa的企业,制造业研发项目管理，按研发阶段分解责任到人,研发与产品管理,研发项目管理,,,,,,,,
enterprise,WPS项目管理企业版需求聚类分析.md,enterprise-03842,中央情报局,监控项目进展及资金支付情况,数据分析与经营看板,可视化看板,,,,,,,,
enterprise,WPS项目管理企业版需求聚类分析.md,enterprise-03843,合肥市浩悦环境工程有限公司,多部门任务执行情况，文件共享，文档共享,协同办公与流程审批,文档与档案管理,,,,,,,,
enterprise,WPS项目管理企业版需求聚类分析.md,enterprise-03844,cofco,软件开发,研发与产品管理,研发项目管理,,,,,,,,
enterprise,WPS项目管理企业版需求聚类分析.md,enterprise-03845,七小巧的企业,物业级餐饮合同、上下游结算管理,财务、合同与结算,合同与招投标管理,,,,,,,,
enterprise,WPS项目管理企业版需求聚类分析.md,enterprise-03846,北京新文时代金币文化传播有限公司,重点工作,生产与制造管理,车间任务管理,,,,,,,,
enterprise,WPS项目管理企业版需求聚类分析.md,enterprise-03847,朱天佑的企业,项目管理+KPI考核,项目与任务管理,项目台账管理,,,,,,,,
enterprise,WPS项目管理企业版需求聚类分析.md,enterprise-03848,喵了个喵的企业,建筑工程管理,工程与施工管理,工程进度管理,,,,,,,,
enterprise,WPS项目管理企业版需求聚类分析.md,enterprise-03849,石家庄财务团队,每日任务完成情况,生产与制造管理,车间任务管理,,,,,,,,
enterprise,WPS项目管理企业版需求聚类分析.md,enterprise-03850,北京瑞拓电子技术发展有限公司,建筑工程项目,工程与施工管理,工程进度管理,,,,,,,,
enterprise,WPS项目管理企业版需求聚类分析.md,enterprise-03851,开心一的企业,建筑业，项目管理,工程与施工管理,基建与市政项目管理,,,,,,,,
enterprise,WPS项目管理企业版需求聚类分析.md,enterprise-03852,L的团队,项目预算进度管理,财务、合同与结算,预算管理,,,,,,,,
enterprise,WPS项目管理企业版需求聚类分析.md,enterprise-03853,测评工作,项目管理和数据统计，进度管理,数据分析与经营看板,统计汇总,,,,,,,,
enterprise,WPS项目管理企业版需求聚类分析.md,enterprise-03854,宋永占的企业,人员项目,人力与组织管理,工时与人员负荷管理,,,,,,,,
enterprise,WPS项目管理企业版需求聚类分析.md,enterprise-03855,陈丽的企业,通用,无,无,,,,,,,,
enterprise,WPS项目管理企业版需求聚类分析.md,enterprise-03856,A黄鑫的企业,1,无,无,,,,,,,,
enterprise,WPS项目管理企业版需求聚类分析.md,enterprise-03857,精益求精,精益项目跟进,项目与任务管理,项目进度跟踪,,,,,,,,
enterprise,WPS项目管理企业版需求聚类分析.md,enterprise-03858,HBYKDX孔老师课题组,共同编辑文档，共享文件,协同办公与流程审批,文档与档案管理,,,,,,,,
enterprise,WPS项目管理企业版需求聚类分析.md,enterprise-03859,武田冷库项目,冷库建造项目,无,无,,,,,,,,
enterprise,WPS项目管理企业版需求聚类分析.md,enterprise-03860,唐山搏雅教育科技有限公司,管理员工考核项目,人力与组织管理,绩效与提成管理,,,,,,,,
enterprise,WPS项目管理企业版需求聚类分析.md,enterprise-03861,菡 ~ch的企业,资金计划怎么做,财务、合同与结算,收付款与回款管理,,,,,,,,
enterprise,WPS项目管理企业版需求聚类分析.md,enterprise-03862,依然在一起的企业,项目工程师年终总结,工程与施工管理,工程验收管理,,,,,,,,
enterprise,WPS项目管理企业版需求聚类分析.md,enterprise-03863,值此租车,管理供应商订单，客户订单,客户、销售与订单,订单管理,,,,,,,,
enterprise,WPS项目管理企业版需求聚类分析.md,enterprise-03864,Liyanhui,产品研发项目管理,研发与产品管理,产品开发管理,,,,,,,,
enterprise,WPS项目管理企业版需求聚类分析.md,enterprise-03865,长江长16699607846的企业,好麻烦,无,无,,,,,,,,
enterprise,WPS项目管理企业版需求聚类分析.md,enterprise-03866,广东电网有限责任公司云浮供电局,问题定期及时督办及跟踪,质量、安全与合规,整改闭环管理,,,,,,,,
enterprise,WPS项目管理企业版需求聚类分析.md,enterprise-03867,汪伟国的企业,项目资料管理,项目与任务管理,项目台账管理,,,,,,,,
enterprise,WPS项目管理企业版需求聚类分析.md,enterprise-03868,深圳市盛妤贸易有限公司,电商详情图项目管理,客户、销售与订单,电商与门店运营,,,,,,,,
enterprise,WPS项目管理企业版需求聚类分析.md,enterprise-03869,四川喜合婚介服务有限公司,婚介公司资源库,人力与组织管理,员工信息管理,,,,,,,,
enterprise,WPS项目管理企业版需求聚类分析.md,enterprise-03870,九江拓尔斯网络服务有限公司,11,无,无,,,,,,,,
enterprise,WPS项目管理企业版需求聚类分析.md,enterprise-03871,易守成的企业,质量管理进度管理安全管理人事管理,质量、安全与合规,质量管理,,,,,,,,
enterprise,WPS项目管理企业版需求聚类分析.md,enterprise-03872,初心不变的企业,工程项目考勤，施工日志，施工机械台班计算，施工材料统计查询，施工明细账,工程与施工管理,施工现场管理,,,,,,,,
enterprise,WPS项目管理企业版需求聚类分析.md,enterprise-03873,华的企业,无,无,无,,,,,,,,
enterprise,WPS项目管理企业版需求聚类分析.md,enterprise-03874,绿源事业部,项目里程碑计划跟踪管理,项目与任务管理,里程碑管理,,,,,,,,
enterprise,WPS项目管理企业版需求聚类分析.md,enterprise-03875,守望天蓝的企业,进度管理,工程与施工管理,工程进度管理,,,,,,,,
enterprise,WPS项目管理企业版需求聚类分析.md,enterprise-03876,乐筝音乐,我是团队的新媒体运营，需要给同事定制录制视频计划，同时也需要同事自己提出录制视频。包含录制视频地点（有三个办公地点），日期，时间，内容。需要实时更新。,项目与任务管理,项目计划管理,,,,,,,,
enterprise,WPS项目管理企业版需求聚类分析.md,enterprise-03877,Lwy的工作任务跟踪,负责质量体系管理，针对日常安排任务、计划进行分解并跟踪执行情况,项目与任务管理,项目计划管理,,,,,,,,
enterprise,WPS项目管理企业版需求聚类分析.md,enterprise-03878,南京南瑞继保电气有限公司,"我是一个团队,要求有需求排期,缺陷,开发任务联动,并生成可以直观的通过各类报表,甘特图了解项目进度和情况",项目与任务管理,甘特图与排期可视化,,,,,,,,
enterprise,WPS项目管理企业版需求聚类分析.md,enterprise-03879,枢的企业,输电工程,工程与施工管理,分包与班组管理,,,,,,,,
enterprise,WPS项目管理企业版需求聚类分析.md,enterprise-03880,遇見。、的企业,WEQRWER,无,无,,,,,,,,
enterprise,WPS项目管理企业版需求聚类分析.md,enterprise-03881,深圳港集团有限公司,项目管理，团队管理,项目与任务管理,多项目组合管理,,,,,,,,
enterprise,WPS项目管理企业版需求聚类分析.md,enterprise-03882,武大数智教育(武汉)有限公司,项目进度管理,项目与任务管理,项目进度跟踪,,,,,,,,
enterprise,WPS项目管理企业版需求聚类分析.md,enterprise-03883,南工(天津)技术服务有限公司,工程项目全流程跟进,工程与施工管理,工程进度管理,,,,,,,,
enterprise,WPS项目管理企业版需求聚类分析.md,enterprise-03884,深圳水网智慧科技有限公司,项目管理,项目与任务管理,项目台账管理,,,,,,,,
enterprise,WPS项目管理企业版需求聚类分析.md,enterprise-03885,晓鹏踹一脚,项目结算,工程与施工管理,工程结算管理,,,,,,,,
enterprise,WPS项目管理企业版需求聚类分析.md,enterprise-03886,山西运锦商贸有限责任公司,合同成本管理,财务、合同与结算,成本核算管理,,,,,,,,
enterprise,WPS项目管理企业版需求聚类分析.md,enterprise-03887,WPS_1551354553的企业,无,无,无,,,,,,,,
enterprise,WPS项目管理企业版需求聚类分析.md,enterprise-03888,金华金禄泰电机有限公司,设备工装设计到材料采购-加工零配件-外协加工配件-进料检验-安装-调试-小批试产-再调试-交付过程,生产与制造管理,生产交付协同,,,,,,,,
enterprise,WPS项目管理企业版需求聚类分析.md,enterprise-03889,设计者的企业,外墙,无,无,,,,,,,,
enterprise,WPS项目管理企业版需求聚类分析.md,enterprise-03890,M~!的企业,跳过,无,无,,,,,,,,
enterprise,WPS项目管理企业版需求聚类分析.md,enterprise-03891,1111,稍后,无,无,,,,,,,,
enterprise,WPS项目管理企业版需求聚类分析.md,enterprise-03892,MNJ的企业,酒店工程部支出成本控制汇总表,财务、合同与结算,成本核算管理,,,,,,,,
enterprise,WPS项目管理企业版需求聚类分析.md,enterprise-03893,2025级MBA三班科创班,做工业园区厂房基建技术改造得，很多技改项目，想全过程管理，从需求提报——审核——设计——商务——现场管理（质量、进度、安全等）——运维,工程与施工管理,工程进度管理,,,,,,,,
enterprise,WPS项目管理企业版需求聚类分析.md,enterprise-03894,兴义市缝合兄弟平面设计工作室(个体工商户),111,无,无,,,,,,,,
enterprise,WPS项目管理企业版需求聚类分析.md,enterprise-03895,河北鑫晟建筑安装有限公司,kaoqin,无,无,,,,,,,,
enterprise,WPS项目管理企业版需求聚类分析.md,enterprise-03896,泡沫的企业,项目管理全流程,项目与任务管理,项目台账管理,,,,,,,,
enterprise,WPS项目管理企业版需求聚类分析.md,enterprise-03897,WPS_1717481438的企业,项目流程,项目与任务管理,项目复盘与总结,,,,,,,,
enterprise,WPS项目管理企业版需求聚类分析.md,enterprise-03898,亿合新媒体,本月和本周重点工作监督,协同办公与流程审批,待办与提醒管理,,,,,,,,
enterprise,WPS项目管理企业版需求聚类分析.md,enterprise-03899,望飞星的企业,我需要一个在线表格，可以给所有人填写的，然后每个人填写完自己对应项目的任务后，管理员账号可以看汇总的信息。,人力与组织管理,员工信息管理,,,,,,,,
enterprise,WPS项目管理企业版需求聚类分析.md,enterprise-03900,暖夏风凉的企业,我是一名包材采购，需要记录打样需求等事项的进度,供应链与仓储物流,物料采购管理,,,,,,,,
enterprise,WPS项目管理企业版需求聚类分析.md,enterprise-03901,贵阳兰亚园艺有限公司,市政工程施工项目,工程与施工管理,基建与市政项目管理,,,,,,,,
enterprise,WPS项目管理企业版需求聚类分析.md,enterprise-03902,墨迹的企业,成本核算,财务、合同与结算,成本核算管理,,,,,,,,
enterprise,WPS项目管理企业版需求聚类分析.md,enterprise-03903,湖南省新晃博世康黄精科技开发有限公司,办公,协同办公与流程审批,行政事务管理,,,,,,,,
enterprise,WPS项目管理企业版需求聚类分析.md,enterprise-03904,大全轮胎润滑油电瓶批发市场,日常工作安排和时间规划,项目与任务管理,项目计划管理,,,,,,,,
enterprise,WPS项目管理企业版需求聚类分析.md,enterprise-03905,印杜飞饼的企业,复古风,无,无,,,,,,,,
enterprise,WPS项目管理企业版需求聚类分析.md,enterprise-03906,北京京电平安工程管理咨询有限公司,管理本公司承接的建设项目造价管理咨询。注册、收资、评审、策划、投标、签约、启动、实施、校审、交付、归档、维保。,研发与产品管理,设计评审管理,,,,,,,,
enterprise,WPS项目管理企业版需求聚类分析.md,enterprise-03907,北京京电平安工程管理咨询有限公司,电力工程造价咨询项目：项目注册、项目启动、工作任务、合同管理、开票管理、回款管理、业务统计、经营统计,财务、合同与结算,发票与结算管理,,,,,,,,
enterprise,WPS项目管理企业版需求聚类分析.md,enterprise-03908,四川百承中医药科技有限公司,帮我生成一个可以同时管理多个项目时间进度的模板,项目与任务管理,多项目组合管理,,,,,,,,
enterprise,WPS项目管理企业版需求聚类分析.md,enterprise-03909,.He的企业,全流程项目流程,项目与任务管理,项目计划管理,,,,,,,,
enterprise,WPS项目管理企业版需求聚类分析.md,enterprise-03910,广西博慧通信息科技有限公司,项目管理流程配置,项目与任务管理,项目计划管理,,,,,,,,
enterprise,WPS项目管理企业版需求聚类分析.md,enterprise-03911,山西中税桥税务师事务所有限公司,不需要,无,无,,,,,,,,
enterprise,WPS项目管理企业版需求聚类分析.md,enterprise-03912,sound of silence的企业,没有,无,无,,,,,,,,
enterprise,WPS项目管理企业版需求聚类分析.md,enterprise-03913,YuF的企业,234人同意即可,无,无,,,,,,,,
enterprise,WPS项目管理企业版需求聚类分析.md,enterprise-03914,他人的企业,一,无,无,,,,,,,,
enterprise,WPS项目管理企业版需求聚类分析.md,enterprise-03915,QKDS,三类有源医疗器械能量平台 设计开发中10个项目,项目与任务管理,多项目组合管理,,,,,,,,
enterprise,WPS项目管理企业版需求聚类分析.md,enterprise-03916,内蒙古自治区乌兰察布市丰镇市正览通信工程有限责任公司,监控项目,数据分析与经营看板,可视化看板,,,,,,,,
enterprise,WPS项目管理企业版需求聚类分析.md,enterprise-03917,执通团队,没有,无,无,,,,,,,,
enterprise,WPS项目管理企业版需求聚类分析.md,enterprise-03918,WPS_1528193710的企业,1,无,无,,,,,,,,
enterprise,WPS项目管理企业版需求聚类分析.md,enterprise-03919,青岛海尔洗碗机有限公司,11,无,无,,,,,,,,
enterprise,WPS项目管理企业版需求聚类分析.md,enterprise-03920,河北中山,建筑装饰工程工程管理,工程与施工管理,装修装饰项目管理,,,,,,,,
enterprise,WPS项目管理企业版需求聚类分析.md,enterprise-03921,项目管理,设计、采购、制造、验收、交付、售后,生产与制造管理,生产交付协同,,,,,,,,
enterprise,WPS项目管理企业版需求聚类分析.md,enterprise-03922,我的企业18650712550,软件管理,项目与任务管理,项目台账管理,,,,,,,,
enterprise,WPS项目管理企业版需求聚类分析.md,enterprise-03923,小落落的企业,根据我司开发部的项目流程，搭建项目管理系统，实现项目全流程管理及人员绩效考核和BOOM文件的数据化输出。提高产品研发，绩效考评数据汇总,研发与产品管理,研发项目管理,,,,,,,,
enterprise,WPS项目管理企业版需求聚类分析.md,enterprise-03924,北京旧改指挥部,办公,协同办公与流程审批,行政事务管理,,,,,,,,
enterprise,WPS项目管理企业版需求聚类分析.md,enterprise-03925,金华市浩强链条有限公司,装修,工程与施工管理,装修装饰项目管理,,,,,,,,
enterprise,WPS项目管理企业版需求聚类分析.md,enterprise-03926,台州市天美粮储设备科技有限公司,不需要,无,无,,,,,,,,
enterprise,WPS项目管理企业版需求聚类分析.md,enterprise-03927,旺阳的企业,单项目管理、多项目管理,项目与任务管理,多项目组合管理,,,,,,,,
enterprise,WPS项目管理企业版需求聚类分析.md,enterprise-03928,深圳泽南行科技开发有限公司,医疗耗材销售，业务销售计划，销售过程管理，成功销售后销量的管理，客户维护，销售与销量的里程碑,客户、销售与订单,销售目标管理,,,,,,,,
enterprise,WPS项目管理企业版需求聚类分析.md,enterprise-03929,玉虎堂文化有限公司,我是项目经理，我要安排这些工作能够正常进行下去,项目与任务管理,项目计划管理,,,,,,,,
enterprise,WPS项目管理企业版需求聚类分析.md,enterprise-03930,集团,无,无,无,,,,,,,,
enterprise,WPS项目管理企业版需求聚类分析.md,enterprise-03931,肇庆高新区格时图汽车技术研发有限公司,1,无,无,,,,,,,,
enterprise,WPS项目管理企业版需求聚类分析.md,enterprise-03932,北京中能鹏飞电力建设工程有限公司,我们公司有两个业务，一个是电力工程施工 ，所以需要一个电力工程项目管理模板，一个是投资建设运营充电站，所以需要一个投建运营模板,工程与施工管理,工程进度管理,,,,,,,,
enterprise,WPS项目管理企业版需求聚类分析.md,enterprise-03933,YakinK,提高个人办公效率,协同办公与流程审批,行政事务管理,,,,,,,,
enterprise,WPS项目管理企业版需求聚类分析.md,enterprise-03934,智融科创,管理项目,研发与产品管理,研发项目管理,,,,,,,,
enterprise,WPS项目管理企业版需求聚类分析.md,enterprise-03935,上海稞枫机械科技有限公司,1,生产与制造管理,非标制造管理,,,,,,,,
enterprise,WPS项目管理企业版需求聚类分析.md,enterprise-03936,,"推荐模板： {""templateList"":[{""id"":3548984,""name"":""生产制造规范管理""},{""id"":3549003,""name"":""装备工程项目管理""},{""id"":3549030,""name"":""设备零件产品开发流程""}]}",,,,,,,,,,
enterprise,WPS项目管理企业版需求聚类分析.md,enterprise-03937,北京维夫帕萨科技有限公司,去去去,无,无,,,,,,,,
enterprise,WPS项目管理企业版需求聚类分析.md,enterprise-03938,北京维夫帕萨科技有限公司,111,无,无,,,,,,,,
enterprise,WPS项目管理企业版需求聚类分析.md,enterprise-03939,"Michell(HONG KONG)GROUP CO.,LTD",我想通过项目管理来降低沟通成本，通估有效的时间管理来快速使项目落地，通过项目管理来系统化的评估项目风险。,项目与任务管理,项目计划管理,,,,,,,,
enterprise,WPS项目管理企业版需求聚类分析.md,enterprise-03940,赛磷网络科技有限责任公司,项目管理,项目与任务管理,项目台账管理,,,,,,,,
enterprise,WPS项目管理企业版需求聚类分析.md,enterprise-03941,成都钕娲,项目管理,项目与任务管理,项目台账管理,,,,,,,,
enterprise,WPS项目管理企业版需求聚类分析.md,enterprise-03942,日常办公,无,无,无,,,,,,,,
enterprise,WPS项目管理企业版需求聚类分析.md,enterprise-03943,深圳市翱海科技有限公司,问问,无,无,,,,,,,,
enterprise,WPS项目管理企业版需求聚类分析.md,enterprise-03944,刘圣民的企业,个人工作记录,人力与组织管理,员工信息管理,,,,,,,,
enterprise,WPS项目管理企业版需求聚类分析.md,enterprise-03945,故我测试企业,电商行业,客户、销售与订单,电商与门店运营,,,,,,,,
enterprise,WPS项目管理企业版需求聚类分析.md,enterprise-03946,北京大学,制定三化（平台化、模块化、标准化）咨询项目的项目计划,项目与任务管理,项目计划管理,,,,,,,,
enterprise,WPS项目管理企业版需求聚类分析.md,enterprise-03947,艾莎专用公司,121,无,无,,,,,,,,
enterprise,WPS项目管理企业版需求聚类分析.md,enterprise-03948,厦门荆艺科技有限公司,1,无,无,,,,,,,,
enterprise,WPS项目管理企业版需求聚类分析.md,enterprise-03949,厦门荆艺科技有限公司,？？、,无,无,,,,,,,,
enterprise,WPS项目管理企业版需求聚类分析.md,enterprise-03950,广州市东鼎智能装备有限公司,1,无,无,,,,,,,,
enterprise,WPS项目管理企业版需求聚类分析.md,enterprise-03951,广州市东鼎智能装备有限公司,1,无,无,,,,,,,,
enterprise,WPS项目管理企业版需求聚类分析.md,enterprise-03952,北京亚太联华资产评估有限公司洛阳分公司,从市场部项目承接，到分配项目至业务部门，然后分配给项目经理，流程,项目与任务管理,任务分配与协同,,,,,,,,
enterprise,WPS项目管理企业版需求聚类分析.md,enterprise-03953,影的企业,没,无,无,,,,,,,,
enterprise,WPS项目管理企业版需求聚类分析.md,enterprise-03954,宁润智能,发,无,无,,,,,,,,
enterprise,WPS项目管理企业版需求聚类分析.md,enterprise-03955,岳阳市中心医院信息工程部,解决大型三甲医院信息化项目及日常管理问题,服务、工单与运维,客服工单管理,,,,,,,,
enterprise,WPS项目管理企业版需求聚类分析.md,enterprise-03956,四川飞越智界科技服务有限公司的企业,项目生产落实,生产与制造管理,生产交付协同,,,,,,,,
enterprise,WPS项目管理企业版需求聚类分析.md,enterprise-03957,百夫长传感技术(深圳)有限公司,111,无,无,,,,,,,,
enterprise,WPS项目管理企业版需求聚类分析.md,enterprise-03958,苏州爱捷智能科技有限公司,我的开发,研发与产品管理,产品开发管理,,,,,,,,
enterprise,WPS项目管理企业版需求聚类分析.md,enterprise-03959,更豪光电  丁娜15818772088的企业,11,无,无,,,,,,,,
enterprise,WPS项目管理企业版需求聚类分析.md,enterprise-03960,Leon,产品开发,研发与产品管理,产品开发管理,,,,,,,,
enterprise,WPS项目管理企业版需求聚类分析.md,enterprise-03961,中原科技城,工程项目结算管理,工程与施工管理,工程结算管理,,,,,,,,
enterprise,WPS项目管理企业版需求聚类分析.md,enterprise-03962,榆林市榆阳区党政机关,我单位是建筑工程的建设单位，现在要管理公司所有的合同，我需要一个excel来分门别类管理我公司各项目的合同，帮我做一个合适的模板,工程与施工管理,分包与班组管理,,,,,,,,
enterprise,WPS项目管理企业版需求聚类分析.md,enterprise-03963,东阳光集团,临床项目药物警戒相关工作管理,协同办公与流程审批,待办与提醒管理,,,,,,,,
enterprise,WPS项目管理企业版需求聚类分析.md,enterprise-03964,市区管理所,供水企业办公。满足以下形式1.我们团队一共5个人，一名主管、一名副主管，项目管理可以任务分发。2.项目管理里面列出每人每年、每季度、每季、每天需要做的工作。3.对例行工作以外的工作单独上传。4.任务时间到期前提前提醒员工完成工作。5.员工完成工作后点击确认。6.每月统计下谁那项工作完成了、哪项工作没完成。7.里面有协同完成的月报文档、水量表格、工程管理月报等,协同办公与流程审批,待办与提醒管理,,,,,,,,
enterprise,WPS项目管理企业版需求聚类分析.md,enterprise-03965,广西出版传媒集团有限公司,我是技术服务部的职员，我负责管理自己负责的信息化建设项目整个项目周期，从需求调研到项目验收与运维,服务、工单与运维,维保管理,,,,,,,,
enterprise,WPS项目管理企业版需求聚类分析.md,enterprise-03966,北京瑞拓电子技术发展有限公司,施工项目质量管理,工程与施工管理,工程验收管理,,,,,,,,
enterprise,WPS项目管理企业版需求聚类分析.md,enterprise-03967,长沙车和友汽车销售服务有限公司,1,协同办公与流程审批,会议与纪要管理,,,,,,,,
enterprise,WPS项目管理企业版需求聚类分析.md,enterprise-03968,,"推荐模板： {""templateList"":[{""id"":3549037,""name"":""任务工作流""},{""id"":3549032,""name"":""会议管理""},{""id"":3549058,""name"":""问题处理""}]}",,,,,,,,,,
enterprise,WPS项目管理企业版需求聚类分析.md,enterprise-03969,欣荣惠,系统集成项目和软件研发项目管理,研发与产品管理,研发项目管理,,,,,,,,
enterprise,WPS项目管理企业版需求聚类分析.md,enterprise-03970,北京灵思创奇科技有限公司,实现项目管理和任务管理的智能化管控以及数据可视化，同时能够从多种维度进行监督、分析、管控，覆盖面要全面，能够涉及项目生命周期的全流程管理,数据分析与经营看板,多维分析,,,,,,,,
enterprise,WPS项目管理企业版需求聚类分析.md,enterprise-03971,南沙区党政机关,政府部门管理第三方,协同办公与流程审批,行政事务管理,,,,,,,,
enterprise,WPS项目管理企业版需求聚类分析.md,enterprise-03972,太原昇宏途汽车服务有限公司,1111,无,无,,,,,,,,
enterprise,WPS项目管理企业版需求聚类分析.md,enterprise-03973,山西通盛电力工程有限公司,电力工程,生产与制造管理,车间任务管理,,,,,,,,
enterprise,WPS项目管理企业版需求聚类分析.md,enterprise-03974,undefined的企业,发电厂工程工程部管理,工程与施工管理,分包与班组管理,,,,,,,,
enterprise,WPS项目管理企业版需求聚类分析.md,enterprise-03975,undefined的企业,解决小批量多品种自动化难题,研发与产品管理,打样与试制管理,,,,,,,,
enterprise,WPS项目管理企业版需求聚类分析.md,enterprise-03976,韩城黑猫动力,车间管理包含培训、材料申报、设备管理、缺陷管理等,生产与制造管理,车间任务管理,,,,,,,,
enterprise,WPS项目管理企业版需求聚类分析.md,enterprise-03977,undefined的企业,1,无,无,,,,,,,,
enterprise,WPS项目管理企业版需求聚类分析.md,enterprise-03978,undefined的企业,甘特图,项目与任务管理,甘特图与排期可视化,,,,,,,,
enterprise,WPS项目管理企业版需求聚类分析.md,enterprise-03979,预发布验证有限公司,123,无,无,,,,,,,,
enterprise,WPS项目管理企业版需求聚类分析.md,enterprise-03980,预发布验证有限公司,213,无,无,,,,,,,,
enterprise,WPS项目管理企业版需求聚类分析.md,enterprise-03981,长春富维集团汽车零部件股份有限公司,IT项目管理,项目与任务管理,项目台账管理,,,,,,,,
enterprise,WPS项目管理企业版需求聚类分析.md,enterprise-03982,广东恒健投资控股有限公司,0,无,无,,,,,,,,
enterprise,WPS项目管理企业版需求聚类分析.md,enterprise-03983,重庆若谷信息技术有限公司,测试,无,无,,,,,,,,
enterprise,WPS项目管理企业版需求聚类分析.md,enterprise-03984,陕西筑联诚建设有限公司,项目管理,项目与任务管理,项目台账管理,,,,,,,,
enterprise,WPS项目管理企业版需求聚类分析.md,enterprise-03985,深圳市三十八度影音科技有限公司,我们是一家活动执行及设备租赁公司，日常的业务有设备出入库和项目执行以及活动策划+行政管理等，需要跨部门协作。,协同办公与流程审批,协同办公,,,,,,,,
enterprise,WPS项目管理企业版需求聚类分析.md,enterprise-03986,WPS夏禧,1,无,无,,,,,,,,
enterprise,WPS项目管理企业版需求聚类分析.md,enterprise-03987,贵州计信科技有限公司,我需要一份房地产估价报告,财务、合同与结算,费用与报销管理,,,,,,,,
enterprise,WPS项目管理企业版需求聚类分析.md,enterprise-03988,贵州计信科技有限公司,无,无,无,,,,,,,,
enterprise,WPS项目管理企业版需求聚类分析.md,enterprise-03989,贵州计信科技有限公司,从,无,无,,,,,,,,
enterprise,WPS项目管理企业版需求聚类分析.md,enterprise-03990,BYGK,项目管理,项目与任务管理,项目台账管理,,,,,,,,
enterprise,WPS项目管理企业版需求聚类分析.md,enterprise-03991,上海均瑶世外教育科技（集团）有限责任公司,用WPS表格做“总控仪表盘”：创建一个《展会筹备甘特图》。将“展位设计”、“物料制作”、“媒体邀约”等大任务拆解，为每个子任务设置【开始日期】、【结束日期】、【负责人（部门）】和【进度%】。可以利用条件格式，让即将到期或已延期的任务自动标红，这样一眼就能看到哪个环节卡在哪个部门,项目与任务管理,甘特图与排期可视化,,,,,,,,
enterprise,WPS项目管理企业版需求聚类分析.md,enterprise-03992,中国电建集团北京勘测设计研究院有限公司,勘察设计类项目管理,研发与产品管理,设计评审管理,,,,,,,,
enterprise,WPS项目管理企业版需求聚类分析.md,enterprise-03993,中建三局集团有限公司,深化设计项目项目信息、质量、进度管理,研发与产品管理,设计评审管理,,,,,,,,
enterprise,WPS项目管理企业版需求聚类分析.md,enterprise-03994,泛微EBU-九部,OA系统项目管理,项目与任务管理,项目台账管理,,,,,,,,
enterprise,WPS项目管理企业版需求聚类分析.md,enterprise-03995,大丰-赛事中心,赛事项目管理,项目与任务管理,项目复盘与总结,,,,,,,,
enterprise,WPS项目管理企业版需求聚类分析.md,enterprise-03996,黑龙江龙煤双鸭山矿业有限责任公司,建筑工程,工程与施工管理,工程进度管理,,,,,,,,
enterprise,WPS项目管理企业版需求聚类分析.md,enterprise-03997,刚的style的企业,团队协作,协同办公与流程审批,协同办公,,,,,,,,
enterprise,WPS项目管理企业版需求聚类分析.md,enterprise-03998,北京慎恒工程设计有限公司四川分公司,工程设计项目管理,工程与施工管理,装修装饰项目管理,,,,,,,,
enterprise,WPS项目管理企业版需求聚类分析.md,enterprise-03999,WPS协作对外演示企业,项目管理,项目与任务管理,项目台账管理,,,,,,,,
enterprise,WPS项目管理企业版需求聚类分析.md,enterprise-04000,深圳市开心科技有限公司,我需要进行互联网需求开发,研发与产品管理,技术文档管理,,,,,,,,
enterprise,WPS项目管理企业版需求聚类分析.md,enterprise-04001,,"推荐模板： {""templateList"":[{""id"":3548991,""name"":""产品设计""},{""id"":3548992,""name"":""敏捷开发""},{""id"":3548994,""name"":""瀑布研发""}]}",,,,,,,,,,
enterprise,WPS项目管理企业版需求聚类分析.md,enterprise-04002,中国建筑第五工程局有限公司,多个表格数据匹配,数据分析与经营看板,统计汇总,,,,,,,,
enterprise,WPS项目管理企业版需求聚类分析.md,enterprise-04003,上海鼎贯实业,任务进展,项目与任务管理,项目进度跟踪,,,,,,,,
enterprise,WPS项目管理企业版需求聚类分析.md,enterprise-04004,smile的企业,LTC流程的全面优化（围绕着KPI展开工作梳理。比如说流程机制的卡点（怎么保证流程的卡点，比如说评审工作有效）、售前技术能力的提升（结合之前售前能力弱的的问题进行分解）、投标相关指标的提升(怎么提升中标率、零废标)）,协同办公与流程审批,流程标准化与SOP,,,,,,,,
enterprise,WPS项目管理企业版需求聚类分析.md,enterprise-04005,zenghl,积分项目管理,项目与任务管理,项目台账管理,,,,,,,,
enterprise,WPS项目管理企业版需求聚类分析.md,enterprise-04006,北京农学院,工作任务完成情况,生产与制造管理,车间任务管理,,,,,,,,
enterprise,WPS项目管理企业版需求聚类分析.md,enterprise-04007,中国检验认证（集团）有限公司,1.进行部门负责的内训项目、市场化培训项目、在线培训项目、研发项目、技术服务项目的管理。,项目与任务管理,里程碑管理,,,,,,,,
enterprise,WPS项目管理企业版需求聚类分析.md,enterprise-04008,,2.项目管理中须要进行项目负责人、参与人设置，并将项目拆分成不同子任务并安排子任务负责人，在设置的时间节点进行提醒。,,,,,,,,,,
enterprise,WPS项目管理企业版需求聚类分析.md,enterprise-04009,,2.对每个项目中产生的支出和收入进行统计、分析。,,,,,,,,,,
enterprise,WPS项目管理企业版需求聚类分析.md,enterprise-04010,五矿矿业质量计量中心,工程进度、质量、成本管理,财务、合同与结算,成本核算管理,,,,,,,,
enterprise,WPS项目管理企业版需求聚类分析.md,enterprise-04011,白的企业,想解决工程计划管理问题,工程与施工管理,工程进度管理,,,,,,,,
enterprise,WPS项目管理企业版需求聚类分析.md,enterprise-04012,恋。。。。。。的企业,电力工程,生产与制造管理,车间任务管理,,,,,,,,
enterprise,WPS项目管理企业版需求聚类分析.md,enterprise-04013,东莞市优亮电子有限公司,统计表单 怎么没有看到了,数据分析与经营看板,统计汇总,,,,,,,,
enterprise,WPS项目管理企业版需求聚类分析.md,enterprise-04014,荣河&amp;泽宇的企业,定制安装管理,生产与制造管理,非标制造管理,,,,,,,,
enterprise,WPS项目管理企业版需求聚类分析.md,enterprise-04015,新疆农业大学,部门工作任务管理,生产与制造管理,车间任务管理,,,,,,,,
enterprise,WPS项目管理企业版需求聚类分析.md,enterprise-04016,蒲公英的企业,穗东街道办事处机关饭堂服务外包项目,服务、工单与运维,客服工单管理,,,,,,,,
enterprise,WPS项目管理企业版需求聚类分析.md,enterprise-04017,苏州安多诚汽车部件有限公司,项目管理模板,项目与任务管理,项目台账管理,,,,,,,,
enterprise,WPS项目管理企业版需求聚类分析.md,enterprise-04018,雄鹰轮胎集团有限公司,提高工作效率,人力与组织管理,工时与人员负荷管理,,,,,,,,
enterprise,WPS项目管理企业版需求聚类分析.md,enterprise-04019,武汉软件工程职业学院(武汉开放大学),1,无,无,,,,,,,,
